ligne,rating,themes,plies_historique,nb_coups_legaux,coup_reseau,reussi_reseau,p_correct_reseau,rang_correct_reseau,value_reseau,coup_recherche,reussi_recherche,part_visites_correct,reussi_ligne,premier_ecart,nb_recherches,duree_s,erreur
0,1615,crushing discoveredAttack middlegame short,20,37,c1f4,False,0.1725088086254601,2,0.0772814229130745,f3e5,True,0.9574999809265137,True,-1,2,12.453503100026865,
1,1469,advantage master middlegame short trappedPiece,32,35,d1c2,False,0.0073006653394169846,13,-0.29918864369392395,d1b3,False,0.0,False,0,1,6.746116499998607,
2,1817,deflection endgame mate mateIn2 short,78,20,a3f8,True,0.4512267983343789,1,-0.9981061220169067,a3f8,True,0.9825000166893005,True,-1,2,0.31371499999659136,
3,1603,endgame long mate mateIn3 rookEndgame,91,21,h3h2,True,0.6303721191722745,1,0.15332728624343872,h3h2,True,0.9775000214576721,True,-1,3,0.7335473999846727,
4,1500,endgame mate mateIn2 short,49,28,h6c1,True,0.44306537159756454,1,-0.9009530544281006,h6c1,True,0.9862499833106995,True,-1,2,0.18081380001967773,
5,1624,backRankMate deflection endgame fork master mate mateIn4 pin sacrifice veryLong,63,36,b6d4,False,0.005027114275066791,19,-0.9497761726379395,e2f2,False,0.0,False,0,1,5.534333900024649,
6,1458,advantage attraction exposedKing fork long middlegame sacrifice,53,31,g7b2,False,0.001396936739789637,23,-0.4989856481552124,g7b2,False,0.0,False,0,1,6.333999700000277,
7,1842,attraction kingsideAttack master mate mateIn2 middlegame pin sacrifice short,38,42,g6h7,False,0.060990430657493606,2,0.9144716262817383,h1h8,True,0.9462500214576721,True,-1,2,0.45824559999164194,
8,1550,endgame mate mateIn2 queenRookEndgame short,72,24,h7f7,False,0.07561057055020576,4,0.055770646780729294,c7c8,True,0.9624999761581421,True,-1,2,0.3790675999771338,
9,1647,long mate mateIn3 middlegame sacrifice,56,42,e6f8,False,0.010136446190893291,10,-0.16718700528144836,e6f8,False,0.2837499976158142,False,0,1,0.8639001999981701,
10,1709,attraction endgame mate mateIn4 sacrifice veryLong,58,37,g2g7,True,0.4009111690691678,1,-0.3911488950252533,g2g7,True,0.9825000166893005,False,2,2,4.302606100012781,
11,1730,crushing discoveredAttack endgame master short,77,28,e7e4,False,0.0005758750932529398,8,0.7086093425750732,e7e4,False,0.0,False,0,1,6.940962599997874,
12,1705,crushing deflection endgame long,42,49,d1e1,False,0.06496764018822869,4,-0.8731661438941956,f4h4,True,0.8987500071525574,True,-1,3,18.721824300009757,
13,1546,advantage attraction endgame fork long sacrifice,72,31,c8c7,False,0.0009700999257750773,17,-0.003769256640225649,c8c7,False,0.0,False,0,1,6.944464700005483,
14,1887,mate mateIn2 middlegame sacrifice short,47,35,d5e7,False,0.0004726477401423126,6,0.16482503712177277,b7e7,False,0.0,False,0,1,7.11677090000012,
15,1845,advantage kingsideAttack middlegame pin short,41,43,d6f4,False,0.3135922798328885,2,-0.1531064510345459,e8e1,True,0.9800000190734863,True,-1,2,14.242150699981721,
16,1812,crushing endgame fork long quietMove,65,39,c5h5,False,0.009471677974257029,9,0.27825191617012024,c5h5,False,0.0012499999720603228,False,0,1,6.763898200006224,
17,1652,crushing deflection exposedKing long middlegame sacrifice,62,53,f1f7,False,0.018002213116324654,13,0.15985558927059174,h7d7,True,0.7200000286102295,True,-1,3,19.116428499983158,
18,1744,crushing deflection fork master middlegame short,36,39,g4h5,True,0.9146267510840604,1,-0.4124760627746582,g4h5,True,0.9950000047683716,True,-1,2,10.885854100022698,
19,1582,advancedPawn mate mateIn2 middlegame morphysMate short,67,27,h3g2,True,0.48030123036703026,1,-0.27835017442703247,h3g2,True,0.9837499856948853,True,-1,2,0.2915725999919232,
20,1774,crushing discoveredAttack long middlegame,36,38,d1h5,False,0.2210383982928901,2,-0.0479540191590786,c5b7,False,0.008750000037252903,False,0,1,7.136037399992347,
21,1719,crushing deflection endgame long,47,37,c7d7,False,0.18923999965205895,3,0.10351625084877014,c2c1,True,0.9512500166893005,True,-1,3,21.123200100002578,
22,1549,endgame mate mateIn2 sacrifice short,55,42,g7g6,False,0.09241071654009145,5,0.9136505722999573,g3h3,True,0.925000011920929,True,-1,2,0.6349538000067696,
23,1525,advancedPawn attraction crushing deflection kingsideAttack middlegame short,81,40,f7f6,False,0.22458316706130801,2,-0.3804175853729248,f3f2,True,0.9399999976158142,True,-1,2,11.641770699992776,
24,1452,crushing endgame fork short,82,32,f5f6,True,0.6149843638096203,1,0.3372778594493866,f5f6,True,0.9787499904632568,True,-1,2,13.756231000006665,
25,1743,advantage fork middlegame short,50,40,b4c6,True,0.6513268583520317,1,-0.42658597230911255,b4c6,True,0.987500011920929,True,-1,2,13.971719599998323,
26,1699,advancedPawn endgame mate mateIn1 oneMove promotion,112,24,h7h8q,True,0.8658985997286591,1,-0.09269090741872787,h7h8q,True,0.9937499761581421,True,-1,1,0.06472799999755807,
27,1825,advantage deflection long middlegame,34,40,e1e6,False,0.11047726382999408,4,-0.11068693548440933,d1g4,False,0.04125000163912773,False,0,1,6.9471825000073295,
28,1509,crushing deflection discoveredAttack endgame pin queensideAttack short,54,34,c5a6,True,0.2409051087334283,1,-0.05029158294200897,c5a6,True,0.9725000262260437,True,-1,2,6.546575000014855,
29,1616,endgame mate mateIn2 short,71,28,d3d1,True,0.8916411357959144,1,-0.16951800882816315,d3d1,True,0.9950000047683716,True,-1,2,0.6067329000215977,
30,1537,crushing endgame fork hangingPiece long,58,27,h4d8,True,0.86673996864134,1,0.0035171809140592813,h4d8,True,0.9975000023841858,True,-1,3,22.648648599977605,
31,1711,advantage defensiveMove long middlegame pin,35,39,d8g5,True,0.6937897171577081,1,-0.9299580454826355,d8g5,True,0.9900000095367432,True,-1,3,17.985537200002,
32,1825,crushing endgame exposedKing fork long,69,28,g3f3,True,0.6484142346647999,1,-0.36789995431900024,g3f3,True,0.9862499833106995,True,-1,3,16.441991199972108,
33,1607,equality fork long middlegame,32,38,a1d1,False,0.13906648371806238,3,-0.24780796468257904,f3g4,True,0.9587500095367432,True,-1,3,19.38909660000354,
34,1795,attraction kingsideAttack long mate mateIn3 middlegame sacrifice,41,42,b6h6,False,0.002152648717702373,15,0.5016167163848877,b6d4,False,0.0,False,0,1,6.695988399995258,
35,1854,crushing endgame master sacrifice short skewer,53,34,b6c5,False,0.029514090606554418,6,-0.08159565180540085,c8c6,True,0.8787500262260437,True,-1,2,13.919672499992885,
36,1640,mate mateIn1 middlegame oneMove,33,29,h6g6,False,0.3181307456598428,2,-0.2625714838504791,h5h3,True,0.981249988079071,True,-1,1,0.18178529999568127,
37,1889,endgame mate mateIn2 short,72,26,e5e4,False,0.39900346196056635,2,0.3148527145385742,e5f4,True,0.9700000286102295,True,-1,2,0.6666239000041969,
38,1598,advantage fork long middlegame,68,43,g4h6,True,0.5117937026815017,1,-0.27614229917526245,g4h6,True,0.9637500047683716,True,-1,3,20.995918400003575,
39,1751,crushing endgame long pin,64,35,e5g5,True,0.33212349240427025,1,-0.564457356929779,e5g5,True,0.9825000166893005,True,-1,3,18.49296130001312,
40,1595,deflection endgame kingsideAttack long mate mateIn3 sacrifice,49,37,e8e2,False,0.0007113354899016475,21,-0.7945442199707031,e8e2,False,0.0,False,0,1,7.3225232000113465,
41,1639,crushing deflection kingsideAttack long middlegame skewer,43,36,c6h1,True,0.9064915486071672,1,-0.8570156693458557,c6h1,True,0.9975000023841858,True,-1,3,21.272735599981388,
42,1893,discoveredAttack mate mateIn2 middlegame short,74,40,b2c1,False,0.06495532134837127,6,-0.25929874181747437,d4f5,True,0.9549999833106995,True,-1,2,0.45561979999183677,
43,1528,endgame master mate mateIn1 oneMove,93,20,h4f3,True,0.6533893246730574,1,0.17360997200012207,h4f3,True,0.9800000190734863,True,-1,1,0.15615010002511553,
44,1878,crushing discoveredAttack discoveredCheck hangingPiece long middlegame sacrifice,63,40,c5b5,True,0.9173995249515848,1,0.2828517556190491,c5b5,True,0.9599999785423279,False,4,3,22.557568199990783,
45,1562,endgame mate mateIn2 sacrifice short,107,42,f2f6,False,0.09306109545065959,3,0.37056705355644226,g3h3,True,0.956250011920929,True,-1,2,0.3171064999769442,
46,1798,master mate mateIn1 middlegame oneMove pin,41,41,g5h4,False,0.0002088181345147468,28,0.14297735691070557,g5h4,False,0.0,False,0,1,5.635754199989606,
47,1472,crushing hangingPiece kingsideAttack middlegame short,39,46,b4e1,True,0.5413388650383387,1,-0.7569956183433533,b4e1,True,0.9887499809265137,True,-1,2,8.83871939999517,
48,1467,attraction kingsideAttack mate mateIn2 middlegame sacrifice short,31,50,b5e2,False,0.0016500261521178972,16,-0.894320547580719,b5e2,False,0.0,False,0,1,6.919544100004714,
49,1570,advantage endgame fork master short,76,28,f3g4,True,0.5541849409532424,1,-0.3520354926586151,f3g4,True,0.9537500143051147,True,-1,2,12.609931700018933,
50,1645,advantage middlegame pin short,23,39,g8f6,False,0.023322572628739928,7,0.054519183933734894,f7f5,False,0.1850000023841858,False,0,1,7.068530299991835,
51,1712,crushing fork middlegame short,50,32,g4f5,True,0.7941066091084369,1,0.6485012173652649,g4f5,True,0.9837499856948853,True,-1,2,13.303054099989822,
52,1810,exposedKing long mate mateIn3 middlegame queensideAttack,64,40,a1a8,True,0.6972853889314659,1,-0.03161508962512016,a1a8,True,0.9887499809265137,True,-1,3,1.776402399991639,
53,1647,attraction crushing fork long middlegame,34,42,c4d6,False,0.03523292342522244,6,-0.17109043896198273,c7d7,True,0.8987500071525574,True,-1,3,21.0284881000116,
54,1723,crushing long middlegame pin,66,57,e8f8,True,0.3041903172498138,1,-0.2860308885574341,e8f8,True,0.9762499928474426,True,-1,3,10.275871299993014,
55,1832,crushing defensiveMove fork long middlegame,36,44,e2h5,False,0.03336110666166664,6,-0.5014969110488892,c4b5,True,0.8725000023841858,True,-1,3,21.717748399998527,
56,1503,discoveredAttack discoveredCheck enPassant endgame mate mateIn2 short,66,30,d3e4,True,0.9968395633194633,1,-0.005720954854041338,d3e4,True,0.9987499713897705,True,-1,2,0.1180713000067044,
57,1483,discoveredAttack discoveredCheck endgame long mate mateIn3,75,31,c4c3,False,0.14793706270798107,3,-0.04855484515428543,e4b1,True,0.8487499952316284,False,2,2,7.588227500003995,
58,1669,crushing discoveredAttack master middlegame short,67,29,d6b4,False,0.341341101855206,2,-0.08426405489444733,c4b3,True,0.9387500286102295,True,-1,2,13.449379300000146,
59,1695,endgame long mate mateIn3,71,29,h2h3,True,0.3285903521744292,1,-0.12067296355962753,h2h3,True,0.9424999952316284,False,4,3,0.843626400019275,
60,1635,advantage fork middlegame veryLong,24,21,d1d4,True,0.5378210514233853,1,-0.07660334557294846,d1d4,True,0.9825000166893005,True,-1,4,30.963843000005,
61,1535,advantage endgame hangingPiece long rookEndgame,72,17,d7c8,True,0.7104630642234678,1,-0.580511748790741,d7c8,True,0.9912499785423279,True,-1,3,17.67846249998547,
62,1511,crushing defensiveMove kingsideAttack middlegame pin veryLong,26,47,c2d2,False,0.006042310863326536,18,0.18433412909507751,c2d2,False,0.0,False,0,1,6.147344800003339,
63,1789,kingsideAttack mate mateIn2 middlegame short,40,39,f2f7,True,0.5251207122651748,1,-0.5921770930290222,f2f7,True,0.9825000166893005,True,-1,2,0.1942218000185676,
64,1693,crushing middlegame short trappedPiece,40,42,h1h4,True,0.25002234056293604,1,0.3919527530670166,h1h4,True,0.9587500095367432,True,-1,2,11.79782140001771,
65,1505,mate mateIn1 middlegame oneMove,64,41,e7c7,True,0.9402777696059095,1,0.9181678891181946,e7c7,True,0.9962499737739563,True,-1,1,0.04372169999987818,
66,1538,crushing endgame intermezzo long pin sacrifice skewer,74,31,c4d5,False,0.003745942223012003,12,-0.44574061036109924,c4d5,False,0.0,False,0,1,6.4626368999888655,
67,1677,discoveredAttack discoveredCheck mate mateIn1 oneMove opening,30,39,d4e5,False,0.018570065241793537,9,-0.36495935916900635,h6f8,True,0.7287499904632568,True,-1,1,1.634398299996974,
68,1733,advantage attraction fork long middlegame sacrifice,38,41,c4a6,False,0.00021678698371398815,13,-0.5733318328857422,c4a6,False,0.0,False,0,1,6.503684199997224,
69,1834,attraction crushing endgame fork long sacrifice,73,37,f5e3,False,0.0005290807464204425,20,-0.3035581409931183,f5e3,False,0.0,False,0,1,3.183562299993355,
70,1673,endgame mate mateIn2 short,65,36,d5a2,True,0.7485946478924635,1,-0.8393352627754211,d5a2,True,0.9912499785423279,True,-1,2,0.25782349999644794,
71,1799,discoveredCheck doubleCheck master mate mateIn1 middlegame oneMove pillsburysMate,45,43,e6h3,False,0.017861311062800363,6,-0.5821912884712219,e6c4,True,0.7087500095367432,True,-1,1,1.84961239999393,
72,1707,advantage capturingDefender long middlegame,56,29,d1d2,False,0.09282519870168267,4,-0.9096564054489136,e1e3,True,0.9674999713897705,True,-1,3,20.589333599986276,
73,1497,attraction crushing endgame exposedKing fork long sacrifice,45,29,e8g8,False,0.0060116115998802705,10,-0.5618173480033875,e8d7,False,0.0,False,0,1,6.845279500004835,
74,1813,crushing middlegame short skewer,30,35,g4f4,False,0.17197830201165606,3,0.00024151054094545543,g4h4,True,0.9700000286102295,True,-1,2,14.146440000011353,
75,1708,mate mateIn2 middlegame short,80,30,e8g6,False,0.16435995802712913,3,0.18029353022575378,f3g5,True,0.9712499976158142,True,-1,2,0.34189510002033785,
76,1541,advantage long middlegame skewer,65,36,f3g1,False,0.11860424206120446,4,-0.8737464547157288,f3g1,False,0.10875000059604645,False,0,1,7.027219500014326,
77,1535,advantage hangingPiece long middlegame,30,43,d1d7,True,0.5573639412934416,1,0.5309413075447083,d1d7,True,0.9737499952316284,True,-1,3,21.526901999983238,
78,1465,advancedPawn endgame mate mateIn1 oneMove promotion,64,20,g1g8,False,0.12461525630460055,2,-0.4757537245750427,h7g8q,True,0.9787499904632568,True,-1,1,0.16947860000072978,
79,1609,endgame hangingPiece mate mateIn2 short,76,32,c6d6,False,0.29692380563665444,2,0.04748867452144623,c6a8,True,0.9762499928474426,True,-1,2,0.2310666000121273,
80,1464,crushing deflection endgame exposedKing rookEndgame veryLong,125,26,h5g5,True,0.5458881227559762,1,-0.039229005575180054,h5g5,True,0.9737499952316284,True,-1,4,24.913152299996,
81,1568,mate mateIn2 middlegame operaMate short,46,50,b1b8,True,0.8833004468728625,1,-0.9638786911964417,b1b8,True,0.9937499761581421,True,-1,2,0.12717979997978546,
82,1452,crushing opening short trappedPiece,12,40,e3d2,False,0.12904050741036466,3,-0.0517301969230175,c3a4,True,0.9574999809265137,True,-1,2,13.307660499995109,
83,1556,crushing endgame hangingPiece short,62,43,c1e1,False,0.034352920641094936,6,-0.2158055454492569,c7g3,True,0.8962500095367432,True,-1,2,13.934310600016033,
84,1868,crushing kingsideAttack long master middlegame pin sacrifice,39,49,b2a3,False,0.05034420983274866,5,0.37941715121269226,e8e3,True,0.9424999952316284,True,-1,3,21.44425339999725,
85,1700,attraction crushing endgame exposedKing fork veryLong,70,27,f7f8,True,0.6432923614426577,1,-0.0147584592923522,f7f8,True,0.9850000143051147,True,-1,4,28.575573699985398,
86,1503,anastasiaMate attraction mate mateIn2 middlegame sacrifice short,67,41,g7d4,False,0.000558146056532467,30,-0.8951919078826904,g7e5,False,0.0,False,0,1,6.918003600003431,
87,1519,advantage discoveredAttack long middlegame,31,45,f6f4,True,0.7411991241824618,1,-0.2338785082101822,f6f4,True,0.9900000095367432,True,-1,3,20.928442600008566,
88,1499,clearance endgame mate mateIn2 operaMate sacrifice short,69,25,g4f3,True,0.5261103646815269,1,-0.5957365036010742,g4f3,True,0.981249988079071,True,-1,2,0.3966530000034254,
89,1613,advantage capturingDefender intermezzo long middlegame,47,37,e8e6,True,0.4849117793870367,1,0.21246527135372162,e8e6,True,0.9775000214576721,True,-1,3,21.851354600017658,
90,1463,endgame long mate mateIn3 rookEndgame,89,12,h4g3,True,0.7007524782658919,1,-0.09941036254167557,h4g3,True,0.9887499809265137,True,-1,3,0.7184584999922663,
91,1896,advantage fork master middlegame pin short,39,36,f5e4,True,0.8474771654221938,1,0.06269188225269318,a8d8,False,0.22624999284744263,False,0,1,6.580234499997459,
92,1576,attraction kingsideAttack long mate mateIn3 middlegame sacrifice,53,53,c8c1,True,0.5628897759122474,1,-0.09331128746271133,c8c1,True,0.9524999856948853,False,2,2,11.106469599995762,
93,1634,mate mateIn2 middlegame short,51,27,f6h4,True,0.9788315153724695,1,-0.21048061549663544,f6h4,True,0.9975000023841858,True,-1,2,0.26951269997516647,
94,1781,crushing kingsideAttack long middlegame xRayAttack,34,42,f5e6,False,0.033950535149170805,3,0.39643049240112305,f5e6,False,0.036249998956918716,False,0,1,6.217040899995482,
95,1474,crushing hangingPiece long middlegame,89,2,g8f8,True,0.7376833391759824,1,0.02446957677602768,g8f8,True,0.987500011920929,True,-1,3,14.260971299983794,
96,1468,advancedPawn crushing deflection endgame promotion rookEndgame short,93,17,d3d2,False,0.13548349982701646,2,-0.7575963735580444,h8h7,True,0.9662500023841858,True,-1,2,13.028107799997088,
97,1576,advantage endgame pin sacrifice short,76,40,g1h2,False,0.004640185877326495,18,0.13732726871967316,e2h5,False,0.0,False,0,1,5.869557700003497,
98,1599,advantage attraction deflection middlegame veryLong,42,40,f1f7,False,0.22558495150007435,3,-0.9133248925209045,d4c6,True,0.96875,True,-1,5,32.5824878999847,
99,1681,endgame fork long mate mateIn3 smotheredMate,49,31,f7e7,False,0.1365548916021513,2,-0.07254967093467712,f7f2,True,0.9750000238418579,True,-1,3,0.4500477000256069,
100,1689,crushing endgame fork short,82,25,f5d5,False,0.24193898879590608,2,0.3450780510902405,f5d7,True,0.8075000047683716,True,-1,2,13.639495999988867,
101,1781,crushing defensiveMove endgame pin short,76,40,f5e6,True,0.5402367524711733,1,0.8689192533493042,f5e6,True,0.9725000262260437,True,-1,2,13.733787499979371,
102,1508,advantage kingsideAttack middlegame sacrifice short,32,34,h2h4,False,0.24398966229412666,2,0.2450568825006485,f4g6,True,0.831250011920929,True,-1,2,14.269335199991474,
103,1490,collinearMove crushing discoveredAttack fork long middlegame,48,36,e4e7,True,0.7307072569614488,1,-0.9325188994407654,e4e7,True,0.9937499761581421,True,-1,3,21.634696199995233,
104,1698,crushing long middlegame pin,40,44,e4e6,True,0.20925844972768678,1,-0.32759368419647217,e4e6,True,0.9712499976158142,True,-1,3,4.772439500025939,
105,1750,attraction endgame mate mateIn2 sacrifice short,71,41,e8e1,False,0.0022064770076600034,20,0.07197245955467224,f8f5,False,0.0,False,0,1,4.787009499996202,
106,1511,endgame master mate mateIn1 oneMove operaMate,83,23,e2f2,True,0.5549729282171667,1,-0.006685484200716019,e2f2,True,0.981249988079071,True,-1,1,0.1588298999995459,
107,1723,discoveredAttack discoveredCheck enPassant kingsideAttack mate mateIn4 opening veryLong,16,43,g1e2,False,0.21774621889137263,2,-0.6251355409622192,g1e2,False,0.0637499988079071,False,0,1,7.365111599996453,
108,1484,advantage fork long middlegame,47,34,e8e2,True,0.8838087749751236,1,0.393364816904068,e8e2,True,0.9937499761581421,True,-1,3,22.87801539999782,
109,1644,advantage fork middlegame short,29,40,h4g5,False,0.18565247875751473,2,0.4492029845714569,f6f4,True,0.9637500047683716,True,-1,2,12.221661500021582,
110,1769,attraction clearance crushing endgame long pin queenRookEndgame,84,24,g6f6,True,0.29158667623314943,1,-0.7829289436340332,g6f6,True,0.9712499976158142,True,-1,3,18.372157000005245,
111,1594,advantage attraction deflection endgame fork long sacrifice,51,31,f4f6,False,0.005114111770007842,4,-0.22204045951366425,f4f6,False,0.0,False,0,1,5.93867610002053,
112,1580,crushing fork long middlegame,51,38,g4e5,False,0.05225619418102215,6,-0.04230248183012009,g4e3,True,0.9412500262260437,True,-1,3,21.17959910002537,
113,1488,advantage deflection endgame short,60,48,d5e4,False,0.0007905203206494795,20,-0.34624001383781433,d5e4,False,0.0,False,0,1,6.55007250001654,
114,1692,advantage fork middlegame short,25,39,f4h3,False,0.37699361030667705,2,-0.14649152755737305,f4e2,True,0.9775000214576721,True,-1,2,13.277343499998096,
115,1559,crushing endgame exposedKing master skewer veryLong,87,23,a2b4,False,0.024274282789437517,6,0.4688679277896881,h1c1,True,0.5462499856948853,True,-1,4,27.22909599999548,
116,1541,advantage endgame fork long,61,23,c2d2,True,0.2300655788285002,1,-0.7295810580253601,c2d2,True,0.9700000286102295,True,-1,3,20.974074100027792,
117,1610,crushing discoveredAttack fork master middlegame short,48,48,g4h3,False,0.00899702256202344,4,-0.7578601241111755,g4h3,False,0.03375000134110451,False,0,1,7.003017800016096,
118,1889,advantage middlegame pin sacrifice short,35,34,f5f2,False,0.07199608483262385,5,0.08710268139839172,d7e5,True,0.9524999856948853,True,-1,2,14.23784010001691,
119,1751,advantage long middlegame pin,56,34,e4f4,False,0.2670516847380114,2,-0.40480291843414307,e3f3,True,0.34375,True,-1,3,20.88058710002224,
120,1592,attackingF2F7 mate mateIn2 middlegame pin short,36,47,e6g6,True,0.28964375722524577,1,-0.5996560454368591,e6g6,True,0.9312499761581421,False,2,2,17.272749099996872,
121,1552,crushing kingsideAttack long middlegame pin trappedPiece,30,38,f3f1,False,0.2325499880296828,2,-0.12255643308162689,d5f6,True,0.7637500166893005,True,-1,3,14.375983100006124,
122,1768,advantage discoveredAttack middlegame short,29,36,b6d6,True,0.7502051421861158,1,-0.7616709470748901,b6d6,True,0.9925000071525574,True,-1,2,11.926818000007188,
123,1648,endgame mate mateIn2 rookEndgame short,84,27,b7b5,True,0.361761684658879,1,-0.25423139333724976,b7b5,True,0.9762499928474426,True,-1,2,0.2490958000125829,
124,1892,crushing deflection endgame sacrifice veryLong,83,32,f5g6,False,0.007245753609962462,7,0.2810729742050171,f5g6,False,0.0,False,0,1,5.860689499997534,
125,1711,advantage deflection middlegame short,38,33,c4d5,False,0.2050884991798749,3,-0.25648191571235657,e2g4,True,0.9750000238418579,True,-1,2,12.037988600000972,
126,1587,attraction long mate mateIn3 middlegame sacrifice,46,48,d5f3,False,0.01744389852848386,9,-0.4701937437057495,h1h7,True,0.7337499856948853,True,-1,3,1.853073599981144,
127,1666,crushing endgame long trappedPiece,62,33,d4e4,False,0.18760039337572076,3,-0.28778913617134094,d4d1,True,0.9662500023841858,True,-1,3,18.152387200010708,
128,1763,crushing fork middlegame short,81,35,c4c3,False,0.22217869615326757,2,0.19499893486499786,e4c3,True,0.9624999761581421,True,-1,2,13.053951899986714,
129,1632,mate mateIn1 middlegame oneMove,34,31,c1g5,False,0.22013125739744485,2,0.19600875675678253,h5e8,True,0.9700000286102295,True,-1,1,0.20739019999746233,
130,1587,advancedPawn advantage endgame hangingPiece knightEndgame promotion veryLong,94,8,d4e5,False,0.17463283433776497,2,0.3019803762435913,f4e5,True,0.9599999785423279,True,-1,5,33.4489237999951,
131,1485,endgame mate mateIn2 rookEndgame short,108,13,f2g1,False,0.011610563140798206,11,-0.43627604842185974,f2g1,False,0.0012499999720603228,False,0,1,6.641195500007598,
132,1525,crushing deflection endgame rookEndgame short,94,22,f5b5,False,0.033534796783492325,5,-0.15027408301830292,h5h6,True,0.893750011920929,True,-1,2,13.806140799977584,
133,1456,endgame mate mateIn2 short,56,41,d3d8,True,0.6021677918728104,1,0.29722434282302856,d3d8,True,0.9825000166893005,True,-1,2,0.38573240002733655,
134,1781,crushing fork middlegame short trappedPiece,29,42,d6e5,True,0.6895720765870593,1,0.006483813747763634,d6e5,True,0.9862499833106995,True,-1,2,13.712873899989063,
135,1657,attraction endgame exposedKing long master mate mateIn3 sacrifice,67,36,d6d5,False,0.0001611954434238175,29,0.48450785875320435,g7f8,False,0.0,False,0,1,7.160683499998413,
136,1708,discoveredAttack kingsideAttack mate mateIn2 middlegame sacrifice short,32,47,h1h7,False,0.0450786893846278,6,-0.17127132415771484,e4f6,True,0.8974999785423279,True,-1,2,0.8622349000070244,
137,1545,advantage interference middlegame short,31,43,d7e6,False,0.31817325677144515,2,-0.1826629787683487,h6g5,True,0.9612500071525574,True,-1,2,14.31778640000266,
138,1762,crushing middlegame short xRayAttack,56,40,d1d5,False,0.13965401589630877,2,0.033024463802576065,d1d5,False,0.09375,False,0,1,7.194940099987434,
139,1516,cornerMate mate mateIn2 middlegame short,35,40,g5c1,True,0.35971908097547484,1,-0.7387592196464539,g5c1,True,0.9750000238418579,True,-1,2,0.38108680001460016,
140,1885,clearance crushing exposedKing fork long middlegame,58,49,e6h6,True,0.6021184023612207,1,0.12979191541671753,e6h6,True,0.9775000214576721,True,-1,3,20.720814500004053,
141,1510,advantage endgame long quietMove rookEndgame skewer,60,29,e2f3,False,0.17055939448946877,2,-0.966815710067749,c1h1,True,0.9750000238418579,True,-1,3,21.152490999986185,
142,1879,advantage capturingDefender discoveredAttack long middlegame,29,34,d2b2,False,0.009425249137936237,5,-0.29163655638694763,d2b2,False,0.007499999832361937,False,0,1,6.059572600002866,
143,1787,crushing long middlegame sacrifice,62,2,a3c2,True,0.8196515495364495,1,-0.5397449135780334,a3c2,True,0.9937499761581421,True,-1,3,13.349100099992938,
144,1630,advantage attraction long middlegame,56,36,e3e8,True,0.5032873020631009,1,-0.4507817029953003,e3e8,True,0.981249988079071,True,-1,3,19.579556899989257,
145,1732,crushing long middlegame pin,26,29,d1d5,True,0.6472913498632145,1,0.13586083054542542,d1d5,True,0.9850000143051147,True,-1,3,19.615971200022614,
146,1592,crushing fork long middlegame,76,32,c8h8,True,0.8740977442420632,1,-0.8245801329612732,c8h8,True,0.9937499761581421,True,-1,3,20.93418130002101,
147,1816,advantage long middlegame sacrifice skewer,34,35,d1c2,False,0.008133779233267286,14,-0.2769851088523865,f2f3,False,0.0,False,0,1,7.142537500010803,
148,1456,endgame mate mateIn1 oneMove pillsburysMate,71,25,g2g6,True,0.7636749364017261,1,-0.08811014145612717,g2g6,True,0.9887499809265137,True,-1,1,0.12688429999980144,
149,1630,advantage hangingPiece long master middlegame,46,23,d3e4,True,0.9443882249343414,1,-0.048464469611644745,d3e4,True,0.9962499737739563,True,-1,3,21.42263549999916,
150,1817,advantage discoveredAttack middlegame short,53,26,c6d4,False,0.12768334315218588,3,-0.8390377163887024,e7a3,True,0.9624999761581421,True,-1,2,14.404939800006105,
151,1508,advantage fork middlegame short,32,46,b5c7,True,0.9141585767750423,1,-0.039405375719070435,b5c7,True,0.9962499737739563,True,-1,2,12.695441799995024,
152,1787,attraction crushing deflection endgame exposedKing master veryLong,83,19,a5b4,False,0.07819382459519701,3,-0.056208617985248566,h5h4,True,0.9512500166893005,True,-1,4,29.130535199976293,
153,1739,mate mateIn2 middlegame sacrifice short,43,41,f7f2,True,0.39281268760989946,1,-0.5122992992401123,f7f2,True,0.9825000166893005,True,-1,2,0.5967571999935899,
154,1855,crushing deflection endgame master short,70,40,d4d7,True,0.5032415907010338,1,0.03195882588624954,d4d7,True,0.9437500238418579,True,-1,2,12.009932500019204,
155,1840,crushing discoveredAttack kingsideAttack middlegame veryLong,41,40,e8f8,False,0.09823177341547874,4,-0.33139219880104065,e5f3,True,0.956250011920929,True,-1,4,23.86479680001503,
156,1871,attraction crushing exposedKing middlegame pin veryLong,46,42,c2g6,True,0.7366101783450286,1,0.18988044559955597,c2g6,True,0.9887499809265137,True,-1,4,17.850399399991147,
157,1880,endgame mate mateIn2 queenEndgame short,97,26,d5f5,False,0.17310199234065415,2,-0.08017997443675995,d5g5,True,0.9649999737739563,True,-1,2,0.5394851999881212,
158,1858,advancedPawn crushing endgame pawnEndgame promotion quietMove sacrifice veryLong,74,6,d4d5,False,0.07913543590014153,3,-0.2831699252128601,a4a5,True,0.9150000214576721,True,-1,5,30.377126300008968,
159,1611,attraction long mate mateIn3 middlegame operaMate,46,32,d1d8,True,0.9798502884210443,1,-0.7976690530776978,d1d8,True,0.9975000023841858,False,2,2,10.718530100013595,
160,1559,kingsideAttack mate mateIn1 middlegame oneMove,26,44,b1h7,True,0.5682766970812901,1,-0.03075663186609745,b1h7,True,0.9800000190734863,True,-1,1,0.14791309999418445,
161,1465,endgame mate mateIn1 oneMove,81,28,c3e1,True,0.6500596374683981,1,-0.8337763547897339,c3e1,True,0.9887499809265137,True,-1,1,0.0780627999920398,
162,1748,advantage hangingPiece long middlegame,60,6,b1b7,True,0.9290602305906017,1,0.6063936948776245,b1b7,True,0.9975000023841858,True,-1,3,17.195212199992966,
163,1550,mate mateIn2 middlegame sacrifice short swallowstailMate,33,37,h4f4,True,0.2236151420917685,1,0.8788267970085144,h4f4,True,0.9674999713897705,True,-1,2,0.2740797000005841,
164,1571,advantage defensiveMove long middlegame trappedPiece,34,35,g1e2,False,0.07114072121365915,4,-0.7839343547821045,d1a1,True,0.9587500095367432,True,-1,3,19.649161900015315,
165,1876,advantage fork opening short,15,43,b8c6,False,0.15970866104651793,3,0.006988448556512594,d8a5,True,0.9549999833106995,True,-1,2,14.010213700006716,
166,1633,advantage discoveredAttack middlegame short,43,37,b5b4,False,0.005314149651449923,5,-0.2879181206226349,b5b4,False,0.0,False,0,1,7.151626699982444,
167,1823,advantage kingsideAttack long master middlegame sacrifice,45,43,d4f5,False,0.3111271002736921,2,-0.6986045241355896,d4f3,True,0.9762499928474426,True,-1,3,17.79394850000972,
168,1865,advantage master masterVsMaster middlegame short xRayAttack,53,41,c3d3,False,0.2260834686482012,2,0.4523737132549286,c3e1,True,0.9649999737739563,True,-1,2,14.239509999984875,
169,1613,attraction crushing endgame kingsideAttack short,42,34,f5f8,True,0.43320772381450245,1,-0.05993960052728653,f5f8,True,0.9637500047683716,True,-1,2,13.977773399994476,
170,1538,attackingF2F7 mate mateIn1 middlegame oneMove,46,42,b3f7,True,0.9399143851504247,1,0.565211296081543,b3f7,True,0.9975000023841858,True,-1,1,0.04219860001467168,
171,1750,advantage endgame pin veryLong,66,32,d3e3,False,0.28604540764476644,2,-0.5900959372520447,d2c3,True,0.9599999785423279,False,4,3,20.698329999984708,
172,1758,crushing long middlegame pin queensideAttack,57,35,c6c7,False,0.08000723531485562,3,-0.9520336985588074,c5b3,True,0.9700000286102295,True,-1,3,24.193085300008534,
173,1619,mate mateIn1 oneMove opening pin,40,49,f1b5,False,0.006975839858595146,10,0.9650710821151733,d6g3,False,0.0,False,0,1,6.394834400009131,
174,1494,crushing middlegame short trappedPiece,28,42,e1g1,False,0.14678276202946702,3,0.3888380825519562,c1g5,True,0.9487500190734863,True,-1,2,12.180824899987783,
175,1859,crushing fork long opening,23,35,f6g4,False,0.23767202144989596,2,0.34017008543014526,d7e5,True,0.9399999976158142,True,-1,3,18.423063399997773,
176,1792,advantage fork long middlegame,51,30,b7b5,False,0.22183104229728842,2,-0.5784222483634949,f8e7,True,0.9662500023841858,True,-1,3,22.034500600013416,
177,1646,kingsideAttack mate mateIn2 middlegame pin short,51,35,g5g3,True,0.43851159207832596,1,-0.5556893348693848,g5g3,True,0.9825000166893005,True,-1,2,0.23922429999220185,
178,1536,crushing oneMove opening pin,18,50,b1d2,False,0.2421446282576669,2,0.09045881778001785,b5d7,True,0.9725000262260437,True,-1,1,6.404098500002874,
179,1496,advantage endgame pin short,53,21,e8e1,False,0.3397000748445049,2,0.2830232083797455,e8f8,True,0.9612500071525574,True,-1,2,13.510177499993006,
180,1835,endgame mate mateIn1 oneMove,80,33,c7d8,True,0.5690136501163446,1,-0.2352573275566101,c7d8,True,0.9837499856948853,True,-1,1,0.14426810000441037,
181,1766,mate mateIn2 middlegame short,56,31,g3h3,False,0.10032229283279322,2,-0.5888568162918091,c4f7,True,0.9762499928474426,True,-1,2,0.2943712999986019,
182,1843,endgame mate mateIn2 short,64,35,e2e8,True,0.44343495451772386,1,0.6069924235343933,e2e8,True,0.9549999833106995,True,-1,2,0.9070451000006869,
183,1674,advantage attraction middlegame pin sacrifice veryLong,39,41,b2c3,False,0.00019695968220790626,12,-0.5034087300300598,b2c3,False,0.0,False,0,1,7.063865300006,
184,1557,crushing middlegame pin short,46,41,f4g4,False,0.08072138882316865,4,0.31103116273880005,f3e5,True,0.956250011920929,True,-1,2,13.81844150001416,
185,1494,advantage endgame hangingPiece master masterVsMaster short,62,28,d5a2,True,0.9809142482869444,1,-0.49138808250427246,d5a2,True,0.9987499713897705,True,-1,2,13.703713900002185,
186,1645,advantage attraction exposedKing fork long middlegame sacrifice,79,25,g2h2,False,0.035058442031758834,8,-0.5113270282745361,g2h2,False,0.0062500000931322575,False,0,1,7.245043099974282,
187,1696,crushing endgame fork master short,66,35,b3c4,False,0.2156374334845623,2,-0.2639985978603363,d4e6,True,0.9424999952316284,True,-1,2,13.062158199987607,
188,1534,attraction clearance crushing fork long middlegame sacrifice,68,38,d3f5,False,0.01070723572517084,8,-0.13534095883369446,d3g6,False,0.0012499999720603228,False,0,1,7.534251300006872,
189,1719,endgame kingsideAttack mate mateIn2 pillsburysMate sacrifice short xRayAttack,53,38,c1d1,False,0.0009805746922169946,12,0.3861808478832245,c1d1,False,0.0,False,0,1,7.053039899998112,
190,1658,attraction endgame mate mateIn2 rookEndgame sacrifice short,51,29,g7g2,False,0.0008512482614146496,23,-0.22648851573467255,g7g2,False,0.0,False,0,1,7.046431099995971,
191,1535,crushing middlegame short xRayAttack,41,33,a4b3,True,0.5444690221302844,1,0.030841868370771408,a4b3,True,0.9775000214576721,True,-1,2,13.826495699991938,
192,1540,crushing endgame fork short,87,29,e4e3,False,0.11309961558930737,4,-0.22333239018917084,b4b8,True,0.9712499976158142,True,-1,2,15.235957900003996,
193,1506,crushing discoveredAttack endgame short,59,34,e7e6,False,0.0068715602237916975,3,-0.7951148748397827,e7e6,False,0.0,False,0,1,6.314255500008585,
194,1803,advantage endgame fork long xRayAttack,64,46,d4d8,False,0.2915760844647356,2,-0.1648108959197998,e5b8,True,0.9700000286102295,True,-1,3,14.51667839998845,
195,1717,advantage endgame long skewer,47,31,g8g7,False,0.32374649162493163,2,-0.42206159234046936,c8b7,True,0.9737499952316284,True,-1,3,20.820899600017583,
196,1481,mate mateIn1 middlegame oneMove,24,51,e1c1,False,0.3369020704649164,2,-0.3973831236362457,a5d8,True,0.9649999737739563,True,-1,1,0.2968671999988146,
197,1820,advantage master opening pin short,28,41,c1b1,False,0.1051573671097102,2,-0.21696585416793823,c1b1,False,0.14499999582767487,False,0,1,6.939115499990294,
198,1898,advantage long middlegame pin,57,45,e5f3,True,0.2726500671706201,1,-0.07884157449007034,e5f3,True,0.9524999856948853,True,-1,3,21.043976699991617,
199,1511,advantage endgame hangingPiece quietMove skewer veryLong,57,20,h8h6,True,0.7676991456905894,1,-0.9171122908592224,h8h6,True,0.9887499809265137,True,-1,4,27.992355299997143,
200,1798,advantage endgame long pin sacrifice,57,41,e8e2,True,0.5653142277655994,1,-0.18914103507995605,e8e5,False,0.08250000327825546,False,0,1,7.3120976999925915,
201,1696,discoveredAttack discoveredCheck mate mateIn2 middlegame short,31,40,e4e3,False,0.09784954175857913,3,-0.17521925270557404,g4e3,True,0.9549999833106995,True,-1,2,0.4096218999766279,
202,1744,crushing middlegame pin sacrifice short,80,44,e7f6,True,0.8439605190354527,1,0.3550521433353424,e7f6,True,0.9225000143051147,True,-1,2,10.17123399997945,
203,1716,crushing discoveredAttack discoveredCheck opening short,20,33,e3d2,True,0.779479836254085,1,-0.2401135265827179,e3d2,True,0.9925000071525574,True,-1,2,16.802781300008064,
204,1828,advantage fork long middlegame,29,40,c6c5,False,0.23914509494370004,2,-0.24579817056655884,f6e4,True,0.9537500143051147,True,-1,3,18.015859700011788,
205,1496,advantage capturingDefender middlegame short,33,36,c8g4,True,0.5951399693071422,1,0.1192135363817215,c8g4,True,0.9850000143051147,True,-1,2,12.434908600000199,
206,1500,endgame exposedKing long mate mateIn3,109,23,e4e1,True,0.5773913743090598,1,-0.009312896057963371,e4e1,True,0.981249988079071,True,-1,3,1.3441465999931097,
207,1559,advantage capturingDefender intermezzo middlegame short,23,41,d8h4,True,0.9138094976085727,1,-0.5574008226394653,d8h4,True,0.9950000047683716,True,-1,2,12.171485299972119,
208,1539,backRankMate mate mateIn2 middlegame sacrifice short,63,38,f8f7,False,0.008811485927834681,7,-0.05772171542048454,f8d8,False,0.0,False,0,1,9.101156999997329,
209,1519,endgame long mate mateIn3 operaMate sacrifice,76,43,f7a7,False,0.000284365529453895,41,0.2643600106239319,f7f4,False,0.0,False,0,1,6.815955900005065,
210,1663,mate mateIn1 middlegame oneMove,25,40,d4f3,True,0.5704854808309546,1,0.10338041931390762,d4f3,True,0.987500011920929,True,-1,1,0.1153364000201691,
211,1858,advantage endgame long pin,68,31,c4e6,False,0.011740717337383315,11,-0.2097097635269165,d4d5,False,0.4137499928474426,False,0,1,6.178726399986772,
212,1587,endgame mate mateIn1 oneMove,70,25,g1g2,False,0.012732549296922462,4,-0.29204079508781433,d2d8,True,0.32749998569488525,True,-1,1,4.279992099996889,
213,1585,crushing fork long middlegame sacrifice,32,41,e2g4,False,0.0004939617376191523,11,-0.0008291674312204123,e2g4,False,0.0,False,0,1,6.732183300016914,
214,1509,advantage hangingPiece long opening,25,30,f6e4,True,0.8438489536240966,1,-0.4410935640335083,f6e4,True,0.9925000071525574,True,-1,3,20.846284600003855,
215,1490,advantage hangingPiece kingsideAttack long middlegame,60,3,d5d3,True,0.9884958249145697,1,-0.4744812846183777,d5d3,True,0.9987499713897705,True,-1,3,20.525452099973336,
216,1595,endgame mate mateIn2 short,84,25,e5g3,False,0.02348986087941307,7,0.13387355208396912,h3h4,True,0.824999988079071,True,-1,2,1.6068572000076529,
217,1454,mate mateIn1 middlegame oneMove,62,38,f5g4,True,0.9414986178877816,1,0.3260689079761505,f5g4,True,0.9962499737739563,True,-1,1,0.07144660002086312,
218,1497,advantage middlegame short trappedPiece,28,33,c3a4,True,0.44714096285445903,1,-0.5462751984596252,c3a4,True,0.9800000190734863,True,-1,2,14.275049899995793,
219,1680,mate mateIn1 middlegame oneMove,45,29,h3g3,True,0.6136616265912792,1,0.23881442844867706,h3g3,True,0.987500011920929,True,-1,1,0.12086559997987933,
220,1463,advancedPawn attraction crushing endgame promotion rookEndgame veryLong,87,14,c3c2,True,0.5042654572882309,1,-0.1715577393770218,c3c2,True,0.9612500071525574,True,-1,4,28.61649449999095,
221,1826,endgame mate mateIn2 short,48,34,e5e8,True,0.7754962404610267,1,0.947687566280365,e5e8,True,0.9800000190734863,True,-1,2,1.087608400004683,
222,1775,advantage fork long master middlegame,41,32,c5e3,True,0.547123126662808,1,0.09914354979991913,c5e3,True,0.9674999713897705,True,-1,3,22.177651800011517,
223,1557,backRankMate mate mateIn2 middlegame sacrifice short xRayAttack,49,39,a1c1,False,0.00123345248829864,24,-0.8125054836273193,a5a3,False,0.0,False,0,1,7.622424400004093,
224,1627,crushing middlegame pin short,36,46,f2f4,False,0.17842065391928205,3,-0.0920688658952713,c3d5,True,0.9725000262260437,True,-1,2,12.585012099996675,
225,1504,advantage fork long middlegame pin,41,43,b6a5,False,0.17082573487106142,3,-0.27959325909614563,b6b4,True,0.9649999737739563,True,-1,3,19.981411100015976,
226,1649,crushing deflection endgame short skewer,84,25,c1d3,False,0.15236738403255734,4,-0.472956120967865,d8b8,True,0.9737499952316284,True,-1,2,14.390831900003832,
227,1573,mate mateIn1 oneMove opening pin,23,41,f2b2,False,0.10263613257107436,3,-0.017650840803980827,c6e5,True,0.9649999737739563,True,-1,1,0.2618858000205364,
228,1733,advantage fork middlegame short,45,43,e5e4,False,0.07889984004514211,3,-0.3636746406555176,h4d4,True,0.9462500214576721,True,-1,2,14.095086599991191,
229,1544,crushing middlegame short skewer,81,32,d2a2,False,0.3297096614317398,2,-0.7093204259872437,d2e2,True,0.9775000214576721,True,-1,2,14.057402499980526,
230,1702,advantage exposedKing long middlegame sacrifice,52,4,f1f3,True,0.9697624677560822,1,-0.8633269667625427,f1f3,True,0.9987499713897705,True,-1,3,20.824461300013354,
231,1571,attraction endgame mate mateIn4 sacrifice veryLong,75,27,e8e4,True,0.8380846399276252,1,-0.9954846501350403,e8e4,True,0.9937499761581421,True,-1,4,0.8670232000004034,
232,1625,advantage fork middlegame short,49,39,c8c2,False,0.3268506499199972,2,-0.062290292233228683,e4c3,True,0.9700000286102295,True,-1,2,14.831675399997039,
233,1457,advancedPawn advantage fork long middlegame,48,36,e4f6,False,0.07315558861510521,5,-0.5346139073371887,f3f6,True,0.9637500047683716,True,-1,3,21.301030600006925,
234,1862,advantage opening sacrifice veryLong,16,41,b5d7,False,0.005918203222531811,10,-0.009378566406667233,b5d7,False,0.0,False,0,1,9.114673799980665,
235,1774,mate mateIn1 middlegame oneMove pillsburysMate,55,30,f2g2,True,0.7853176107638078,1,-0.517518937587738,f2g2,True,0.9925000071525574,True,-1,1,0.0700483999971766,
236,1620,discoveredCheck doubleCheck mate mateIn1 middlegame oneMove pillsburysMate,50,33,e4d6,False,0.32816561518891146,2,0.46443867683410645,e4f6,True,0.9725000262260437,True,-1,1,0.18044179998105392,
237,1552,advantage discoveredAttack opening short,17,37,e5f3,True,0.315772619384064,1,0.057895515114068985,e5f3,True,0.9712499976158142,True,-1,2,14.100963999982923,
238,1453,endgame mate mateIn2 short triangleMate,66,36,c2h7,True,0.9712459130525417,1,0.2226768583059311,c2h7,True,0.9987499713897705,True,-1,2,0.18629979999968782,
239,1634,mate mateIn1 middlegame oneMove,68,23,e6c7,True,0.496660685660912,1,-0.45968887209892273,e6c7,True,0.9837499856948853,True,-1,1,0.13544139999430627,
240,1811,attraction crushing fork long master middlegame sacrifice,41,38,h5f5,False,0.00016356110290777855,19,0.0506056472659111,h5f5,False,0.0,False,0,1,8.59728100002394,
241,1456,deflection endgame mate mateIn2 queenRookEndgame short,77,29,d2b2,True,0.8037080253391081,1,-0.04253886267542839,d2b2,True,0.9950000047683716,True,-1,2,0.16634840000187978,
242,1467,crushing deflection discoveredAttack discoveredCheck endgame exposedKing long rookEndgame,71,3,g4f5,True,0.9663284822507767,1,0.09176226705312729,g4f5,True,0.9912499785423279,False,2,2,12.52127389999805,
243,1621,crushing middlegame pin short,31,35,d6c5,True,0.2817105738383057,1,0.1760919690132141,d6c5,True,0.9662500023841858,True,-1,2,12.9034572999808,
244,1638,endgame mate mateIn2 short,68,37,b3e6,True,0.8097034277143008,1,0.26492106914520264,b3e6,True,0.9950000047683716,True,-1,2,0.1088758000114467,
245,1764,endgame mate mateIn1 oneMove,69,26,g7g2,True,0.9176465926395468,1,-0.308729887008667,g7g2,True,0.9962499737739563,True,-1,1,0.058635099994717166,
246,1725,advantage fork long middlegame,39,31,g5e4,True,0.507837311993716,1,-0.9657931327819824,g5e4,True,0.9825000166893005,True,-1,3,20.72026800000458,
247,1705,advantage fork long middlegame,55,35,h5h4,True,0.48915560006244463,1,-0.521384060382843,h5h4,True,0.9387500286102295,True,-1,3,19.988001399993664,
248,1470,advantage endgame fork long,70,23,d6d7,True,0.5706518116278172,1,-0.683847963809967,d6d7,True,0.9862499833106995,True,-1,3,19.785596200003056,
249,1589,crushing long middlegame skewer,24,34,a1c1,True,0.5733500644094017,1,-0.3693442642688751,a1c1,True,0.9862499833106995,True,-1,3,22.326209999999264,
250,1482,advantage fork long middlegame pin,61,40,h4g3,True,0.9328184563355802,1,-0.38401004672050476,h4g3,True,0.9937499761581421,True,-1,3,24.024439100001473,
251,1689,mate mateIn2 middlegame short,55,47,f4f3,False,0.35045452160378615,2,0.6007506251335144,e3h3,True,0.9825000166893005,True,-1,2,0.26054950000252575,
252,1504,advantage long middlegame queensideAttack xRayAttack,57,33,a5e1,True,0.7579495711625615,1,-0.4471640884876251,a5e1,True,0.9912499785423279,True,-1,3,19.925628900004085,
253,1616,endgame knightEndgame mate mateIn1 oneMove,87,16,f4d3,False,0.33224171547384185,2,-0.28421005606651306,f4e6,True,0.9700000286102295,True,-1,1,0.20336929999757558,
254,1559,crushing discoveredAttack middlegame short,41,42,d6e5,False,0.0029493591835068303,11,0.5395714044570923,b7b6,False,0.0,False,0,1,5.523253399995156,
255,1772,advantage fork middlegame short,62,26,g1g2,False,0.06405470597688159,4,-0.2865884602069855,g4e5,True,0.9524999856948853,True,-1,2,12.151924600009806,
256,1765,endgame long mate mateIn3 triangleMate,70,40,d6d8,True,0.6300276542125585,1,0.3061240017414093,d6d8,True,0.9750000238418579,True,-1,3,0.93740369999432,
257,1456,crushing hangingPiece middlegame short,64,3,g2h2,True,0.7599265641707952,1,-0.18214960396289825,g2h2,True,0.9912499785423279,True,-1,2,11.602286900015315,
258,1595,advantage attraction discoveredAttack endgame fork sacrifice veryLong,45,33,f5d4,True,0.5546138613000202,1,-0.37573516368865967,f6d4,False,0.38999998569488525,False,0,1,6.656601399998181,
259,1812,crushing hangingPiece middlegame short skewer,62,37,c7d8,True,0.7889869233402107,1,0.04056590795516968,c7d8,True,0.9900000095367432,True,-1,2,13.226626500021666,
260,1793,attraction kingsideAttack mate mateIn2 middlegame sacrifice short,40,36,b2c3,False,0.18597552825554803,2,-0.49568766355514526,h1h7,True,0.9775000214576721,True,-1,2,0.2919615000137128,
261,1776,advantage attraction fork long middlegame,45,29,d5c4,True,0.5322823247962745,1,-0.25908902287483215,d5c4,True,0.9825000166893005,True,-1,3,23.307026599999517,
262,1493,crushing endgame pin short,78,34,d1g1,True,0.5763253182323724,1,0.015252434648573399,d1g1,True,0.981249988079071,True,-1,2,12.176814200007357,
263,1839,crushing fork middlegame short,60,28,a6a8,True,0.7877413621162956,1,-0.6386682391166687,a6a8,True,0.9900000095367432,True,-1,2,10.64586039999267,
264,1555,endgame long mate mateIn3,71,33,c2f2,True,0.8587277630546031,1,0.46525147557258606,c2f2,True,0.9925000071525574,True,-1,3,0.5498911999748088,
265,1677,crushing defensiveMove opening short trappedPiece,14,5,e3d2,True,0.589329770989398,1,0.28962957859039307,e3d2,True,0.9837499856948853,True,-1,2,12.168801099993289,
266,1517,mate mateIn2 middlegame operaMate sacrifice short,57,43,c2d2,False,0.006125132115102931,10,-0.9888588786125183,e8e2,False,0.0,False,0,1,5.702576999989105,
267,1701,attraction endgame mate mateIn2 sacrifice short,50,31,g4g5,False,0.0037077383928119934,19,-0.2790326774120331,g4g5,False,0.0,False,0,1,5.90275870001642,
268,1865,advantage attraction deflection endgame long,45,25,e6e5,False,0.06323897857950207,3,-0.2626950144767761,f5f4,True,0.8774999976158142,True,-1,3,18.109979400003795,
269,1486,advantage fork master opening short,23,48,f8g7,False,0.09150433551057748,3,-0.3049977421760559,g6g5,True,0.9637500047683716,True,-1,2,12.340031800005818,
270,1488,endgame mate mateIn2 pillsburysMate sacrifice short xRayAttack,64,36,h8g8,False,0.13837264501081822,2,-0.3889338970184326,a4e8,True,0.9725000262260437,True,-1,2,0.3034531000012066,
271,1678,advantage discoveredAttack middlegame short,36,43,b7d7,False,0.00398906868634905,7,-0.8103699684143066,b7d7,False,0.0,False,0,1,6.156396700011101,
272,1649,advantage fork opening short,33,41,d7f6,False,0.03812492552955234,5,-0.42324602603912354,e4c3,True,0.9112499952316284,True,-1,2,14.204555700009223,
273,1525,long mate mateIn3 middlegame,41,37,g7h6,True,0.5731043687920068,1,-0.9794875383377075,g7h6,True,0.9850000143051147,True,-1,3,0.5136144999996759,
274,1734,advantage fork master middlegame sacrifice short,47,30,b8f8,False,0.22444191624612536,2,-0.5929031372070312,g6f4,True,0.9674999713897705,True,-1,2,14.71941719998722,
275,1714,advantage deflection middlegame short,32,34,g4g6,True,0.3111586226880256,1,0.40512537956237793,g4g6,True,0.9125000238418579,True,-1,2,15.970819399983156,
276,1621,mate mateIn2 middlegame operaMate queensideAttack short,44,38,a7a8,True,0.23696494004600024,1,-0.9372870922088623,a7a8,True,0.981249988079071,True,-1,2,0.20115130001795478,
277,1561,crushing fork long middlegame,23,43,b4c3,False,0.027169588666247926,5,0.24402454495429993,c8c3,True,0.7925000190734863,True,-1,3,19.088759600010235,
278,1762,advantage discoveredAttack fork middlegame short,44,35,d5e7,True,0.5578914686913791,1,-0.18231888115406036,d5e7,True,0.9825000166893005,True,-1,2,12.14984430000186,
279,1521,advantage hangingPiece middlegame short,41,45,e5b5,True,0.4315580187052558,1,-0.19798336923122406,e5b5,True,0.9825000166893005,True,-1,2,11.060746300005121,
280,1731,crushing discoveredAttack kingsideAttack opening short,19,38,g8f6,False,0.0018182247514276202,25,-0.5062203407287598,g8f6,False,0.0,False,0,1,6.023389299982227,
281,1639,advantage fork opening short,14,41,c1d2,False,0.08063782620917499,4,-0.11528971791267395,b3a4,True,0.9462500214576721,True,-1,2,11.97421350001241,
282,1744,advantage defensiveMove endgame fork veryLong,57,4,d6c5,True,0.6702061638445278,1,-0.8307497501373291,d6c5,True,0.9900000095367432,True,-1,4,23.78931389999343,
283,1491,crushing deflection endgame long master,49,42,d5f3,False,0.13362074151523637,3,0.036748673766851425,h4h3,True,0.9612500071525574,True,-1,3,15.512913100013975,
284,1650,advantage middlegame pin sacrifice short,60,34,d2b4,False,0.022556430439739285,10,-0.7465076446533203,e6d6,True,0.8149999976158142,True,-1,2,12.205290200014133,
285,1867,advantage discoveredAttack master middlegame short,53,44,c3c2,False,0.029388462900969796,5,-0.19170060753822327,b4c2,True,0.8700000047683716,True,-1,2,11.8322002000059,
286,1620,advantage hangingPiece middlegame short,50,42,e4c2,True,0.6644051114446816,1,-0.3752056360244751,e4c2,True,0.9887499809265137,True,-1,2,12.479086999985157,
287,1482,kingsideAttack mate mateIn2 middlegame short,34,49,g6h6,True,0.916068901382124,1,0.49608755111694336,g6h6,True,0.9950000047683716,True,-1,2,0.22053849999792874,
288,1557,advantage discoveredAttack opening short,19,30,d7b6,True,0.7579587115188801,1,-0.7108008861541748,d7b6,True,0.9925000071525574,True,-1,2,15.97873260002234,
289,1764,endgame fork mate mateIn2 short,52,40,c8f8,False,0.21915271550205676,2,-0.20532478392124176,d1h5,True,0.96875,True,-1,2,0.292767000006279,
290,1510,discoveredAttack discoveredCheck kingsideAttack mate mateIn2 middlegame short,35,7,h3f5,True,0.834661115170798,1,-0.7096990346908569,h3f5,True,0.9962499737739563,True,-1,2,0.08558030001586303,
291,1823,crushing deflection long middlegame,38,33,h7e4,False,0.384183096235172,2,-0.5322132110595703,h7h8,True,0.9412500262260437,True,-1,3,16.116914200014435,
292,1484,endgame mate mateIn2 pin sacrifice short,52,40,b3f7,False,8.181402339466321e-05,37,-0.47534504532814026,b3f7,False,0.0,False,0,1,6.110548900003778,
293,1601,advantage attraction endgame sacrifice short,93,20,b5d6,False,0.0490000400673004,5,-0.3274405896663666,b5d6,False,0.054999999701976776,False,0,1,6.257550499984063,
294,1760,mate mateIn2 middlegame sacrifice short,22,38,g2f3,False,0.0021903597312448193,5,0.14377908408641815,g2f3,False,0.0,False,0,1,6.011294500000076,
295,1773,endgame long master mate mateIn3 rookEndgame,78,16,h2h4,True,0.5578181293398835,1,0.281476765871048,h2h4,True,0.8824999928474426,True,-1,3,2.65267420001328,
296,1853,advantage deflection middlegame pin short,60,38,f5c5,False,0.03148957786109978,5,0.20364151895046234,f5c5,False,0.0037499999161809683,False,0,1,5.9544919000181835,
297,1548,advantage endgame pin short,62,25,c7c8,True,0.5400401142750814,1,-0.2523074448108673,c7c8,True,0.606249988079071,False,2,2,12.058389200014062,
298,1512,deflection long mate mateIn3 middlegame sacrifice,42,49,e1e7,False,0.00024186282621313068,23,-0.8957701325416565,e1e7,False,0.0,False,0,1,5.041023600002518,
299,1637,kingsideAttack mate mateIn2 middlegame pin sacrifice short,32,47,f3e4,False,0.05909725621801977,5,-0.991636335849762,f3f7,True,0.9612500071525574,True,-1,2,0.583416399982525,
300,1720,advantage deflection endgame exposedKing long,105,22,d1c1,True,0.4203846414560619,1,-0.20703035593032837,d1c1,True,0.887499988079071,True,-1,3,17.758364900015295,
301,1702,crushing long middlegame pin sacrifice,33,40,d7c7,False,0.0004904421935757859,18,0.23301689326763153,d7b7,False,0.0,False,0,1,6.073732799995923,
302,1549,crushing discoveredAttack opening short,22,48,e4f6,True,0.7669088069825819,1,0.22561582922935486,e4f6,True,0.9862499833106995,True,-1,2,12.800311799976043,
303,1870,deflection endgame mate mateIn2 short,81,33,e2f1,False,0.3154896818897818,2,0.09250256419181824,g5g4,True,0.9725000262260437,True,-1,2,0.28669569999328814,
304,1875,advancedPawn attraction crushing discoveredAttack discoveredCheck endgame fork long master pin sacrifice,61,42,h4g3,False,0.048288284235228046,5,0.044189125299453735,f8f2,True,0.8824999928474426,True,-1,3,11.045058000017889,
305,1544,endgame mate mateIn1 oneMove,69,24,h2f2,True,0.8838886791297663,1,0.5405442714691162,h2f2,True,0.9962499737739563,True,-1,1,0.04370290000224486,
306,1715,endgame mate mateIn2 queenRookEndgame short,85,31,f6h6,True,0.42013737951649216,1,-0.9500439167022705,f6f4,False,0.02250000089406967,False,0,1,5.47561679998762,
307,1468,advantage fork middlegame short,64,32,g2f4,False,0.19367337245132105,2,-0.5064263939857483,e2h5,True,0.9674999713897705,True,-1,2,12.385696399986045,
308,1477,advantage endgame fork short,71,25,h2e2,False,0.2618894655927612,2,0.043475326150655746,b2d1,True,0.9762499928474426,True,-1,2,11.80237119999947,
309,1739,crushing long middlegame pin sacrifice,60,34,g6h5,False,0.008613292206104564,13,-0.18008267879486084,h6f4,False,0.0,False,0,1,5.961177799996221,
310,1550,capturingDefender crushing long middlegame,29,45,c6d4,True,0.5196071924761679,1,0.016192620620131493,c6d4,True,0.981249988079071,True,-1,3,17.929487699992023,
311,1529,crushing deflection kingsideAttack master middlegame short,34,54,a1d1,False,0.004558069847916486,14,0.2750674784183502,e1e3,False,0.0,False,0,1,6.206525100016734,
312,1719,advantage attraction deflection long middlegame,72,39,h7g7,True,0.41944760725282665,1,-0.9765588641166687,h7g7,True,0.9750000238418579,True,-1,3,14.47838220000267,
313,1571,advantage discoveredAttack long middlegame,39,32,d4e5,False,0.1046413144913362,4,0.2541743516921997,d4e5,False,0.03750000149011612,False,0,1,6.053312200005166,
314,1650,capturingDefender crushing endgame intermezzo rookEndgame short,76,21,b3c4,False,0.3779288027086559,2,-0.06907816231250763,g4d4,True,0.9350000023841858,True,-1,2,11.680017399979988,
315,1510,crushing fork long opening,14,35,b1d2,False,0.0009948381855540936,20,-0.16369378566741943,b1d2,False,0.0,False,0,1,6.1500360000063665,
316,1538,crushing deflection discoveredAttack long middlegame,40,37,d6c6,True,0.5561707846976863,1,-0.6504234671592712,d6c6,True,0.9862499833106995,True,-1,3,17.96509209999931,
317,1700,cornerMate mate mateIn1 middlegame oneMove,40,36,g8a8,False,0.1209277385825226,3,0.8623974323272705,e5f7,True,0.9462500214576721,True,-1,1,0.3392537000181619,
318,1729,advantage long middlegame pin,50,4,g1g2,False,0.23520165266204252,3,-0.7682499289512634,d1f3,True,0.9775000214576721,True,-1,3,18.156415699981153,
319,1778,mate mateIn2 middlegame queensideAttack short,33,43,g7b2,True,0.3247664248103238,1,-0.8624927997589111,g7b2,True,0.9825000166893005,True,-1,2,0.45001590001629665,
320,1591,crushing fork middlegame short,30,42,d6e5,True,0.8003741821145914,1,0.030217768624424934,d6e5,True,0.9912499785423279,True,-1,2,12.154421099985484,
321,1785,attraction crushing middlegame short,46,43,e2f3,False,0.09444268798138974,3,0.5069493651390076,f4d6,True,0.9662500023841858,True,-1,2,11.303894700016826,
322,1533,endgame fork long mate mateIn3,71,17,g7g5,True,0.6975420098487102,1,-0.7768071293830872,g7g5,True,0.9912499785423279,True,-1,3,0.2732515000097919,
323,1846,advancedPawn crushing deflection endgame promotion rookEndgame short,124,22,h6h7,False,0.04367355698129854,8,-0.02434859238564968,h6h2,True,0.9275000095367432,True,-1,2,11.955992300005164,
324,1730,mate mateIn1 middlegame oneMove,34,34,b5a6,True,0.5406414059332368,1,-0.5488485097885132,b5a6,True,0.9837499856948853,True,-1,1,0.12732249998953193,
325,1862,attraction crushing endgame interference long,59,33,h7g7,False,0.13379824157237732,3,-0.5340211391448975,f5f4,True,0.9787499904632568,True,-1,3,14.358109599997988,
326,1590,advantage middlegame short skewer,33,47,e7f6,True,0.4888082140803215,1,-0.1665545403957367,e7f6,True,0.9549999833106995,True,-1,2,12.17204789997777,
327,1658,attraction crushing endgame fork long sacrifice,66,17,g3f4,False,0.00441004662674991,9,0.10518976300954819,g3f4,False,0.0,False,0,1,6.09309160002158,
328,1751,crushing interference long middlegame,21,42,g7g5,False,0.0937562187822871,4,-0.0030405574943870306,e6c4,True,0.9549999833106995,True,-1,3,18.021467500017025,
329,1522,mate mateIn2 middlegame short,34,46,f6f7,True,0.9404084856715832,1,0.4849146902561188,f6f7,True,0.9950000047683716,True,-1,2,0.31131349998759106,
330,1518,crushing endgame exposedKing fork long,103,23,e2f2,False,0.00548779338038189,5,0.3207349479198456,e2f2,False,0.0,False,0,1,5.856132199987769,
331,1612,attraction kingsideAttack long mate mateIn3 middlegame pin sacrifice,66,43,g5h6,False,0.1739653075916222,2,-0.9250596761703491,h4h8,True,0.9750000238418579,True,-1,3,0.2799870999879204,
332,1732,crushing deflection middlegame short,82,38,d3g6,False,0.056348200477219584,4,0.17281794548034668,e1e7,True,0.9487500190734863,True,-1,2,11.953509399987524,
333,1706,advantage fork long middlegame,27,32,e7c5,True,0.7887092426112641,1,-0.06262858957052231,e7c5,True,0.9900000095367432,True,-1,3,19.002054200012935,
334,1843,crushing deflection endgame long,72,45,e3d4,False,0.28482336586699847,2,0.23036006093025208,g1c1,True,0.8487499952316284,True,-1,3,16.779505900020013,
335,1459,crushing endgame fork short,110,12,e2c3,False,0.2640315918751848,2,0.032991789281368256,e2f4,True,0.9649999737739563,True,-1,2,12.161396000010427,
336,1553,advantage discoveredAttack long middlegame,31,34,a6c4,True,0.9635518156225904,1,-0.47562479972839355,a6c4,True,0.9975000023841858,True,-1,3,18.430819100001827,
337,1692,crushing endgame fork long,82,13,f6h7,False,0.07209818145286803,3,-0.019991615787148476,f6d7,True,0.7537500262260437,True,-1,3,13.210342799982755,
338,1472,advantage endgame fork long,56,40,b2b7,False,0.04457186558282307,2,-0.5805482864379883,f1b5,True,0.7862499952316284,True,-1,3,17.54853309999453,
339,1802,advantage attraction capturingDefender fork intermezzo long master middlegame,42,43,b3e6,False,0.0030959234178637787,5,0.2898414731025696,b3e6,False,0.0,False,0,1,5.778800800006138,
340,1692,crushing long master middlegame sacrifice,76,33,a5a7,False,0.004183284665591894,11,-0.5582346320152283,f6g5,False,0.0,False,0,1,6.17822870000964,
341,1453,advantage attraction fork long middlegame sacrifice,50,44,e5g6,False,0.08402972021885383,2,-0.5404202938079834,d8h8,True,0.9662500023841858,True,-1,3,16.00710469999467,
342,1665,advantage fork interference middlegame short,58,38,e4f5,True,0.5471934629235699,1,-0.14816755056381226,e4f5,True,0.9800000190734863,True,-1,2,12.110971500020241,
343,1609,advantage middlegame pin short,26,49,c3d5,True,0.591206776965652,1,-0.09337438642978668,c3d5,True,0.9637500047683716,True,-1,2,11.4413676999975,
344,1535,endgame mate mateIn2 short,85,27,g5g4,True,0.5525860030779955,1,-0.9788536429405212,g5g4,True,0.987500011920929,True,-1,2,0.18208480000612326,
345,1709,advantage master middlegame pin sacrifice short,49,48,e5b5,False,0.0437319048738968,6,0.043473873287439346,e5b5,False,0.0037499999161809683,False,0,1,6.1034575999947265,
346,1698,attraction kingsideAttack master mate mateIn2 middlegame pin sacrifice short,45,41,g3h2,False,0.011835585456041523,2,0.48667535185813904,g3h2,False,0.4050000011920929,False,0,1,3.560062000004109,
347,1670,advantage attraction fork long middlegame,40,44,g5e6,False,0.07440992017449918,2,0.27718666195869446,f1f8,True,0.9262499809265137,True,-1,3,18.60268099998939,
348,1710,advantage fork middlegame short,51,40,e4c3,True,0.44467077072463695,1,-0.8379330635070801,e4c3,True,0.9775000214576721,True,-1,2,11.663957500015385,
349,1582,crushing deflection endgame long rookEndgame,76,20,g3f4,False,0.00411350000372594,8,-0.16335032880306244,b2b7,False,0.0,False,0,1,6.38472339999862,
350,1629,crushing endgame fork master short,87,25,e7e2,False,0.01371959342745315,5,0.0945625826716423,f4h3,True,0.5600000023841858,True,-1,2,11.767852400022093,
351,1675,endgame mate mateIn2 short,101,30,g2b2,True,0.3587272857539028,1,-0.07398582249879837,g2b2,True,0.9737499952316284,True,-1,2,0.5026120999827981,
352,1632,advantage attraction capturingDefender fork long middlegame,39,31,g7g6,False,0.0032690308409357356,9,-0.5844442248344421,g7g5,False,0.0,False,0,1,5.9954873000096995,
353,1747,advantage deflection endgame short skewer,82,35,g8h8,True,0.36360678158924836,1,-0.09343359619379044,g8h8,True,0.8962500095367432,True,-1,2,12.136145199998282,
354,1500,advantage attackingF2F7 deflection opening short,12,43,d1d8,False,0.30119142734617765,2,-0.36244767904281616,c4f7,True,0.9787499904632568,True,-1,2,12.08317790000001,
355,1629,crushing defensiveMove endgame hangingPiece short,84,28,d7d6,True,0.8154864072478991,1,0.6992195248603821,d7d6,True,0.9850000143051147,True,-1,2,11.896822699985933,
356,1758,advantage fork middlegame veryLong,52,43,c1c5,False,0.05367702159229362,4,0.1806008219718933,d3d4,False,0.20874999463558197,False,0,1,5.933160599990515,
357,1667,advantage discoveredAttack middlegame short,40,40,f2e3,True,0.9919592942789629,1,-0.2722911536693573,f2e3,True,0.9987499713897705,True,-1,2,10.311116299999412,
358,1804,advantage hangingPiece middlegame short,49,27,c5b6,False,0.050392830891129316,4,0.2721075117588043,e6f5,True,0.9325000047683716,True,-1,2,12.19802479998907,
359,1809,advancedPawn advantage endgame long promotion sacrifice,60,19,g6h7,False,0.00025313393933566584,15,-0.260956734418869,g6h7,False,0.0,False,0,1,6.33773349999683,
360,1727,crushing deflection endgame long rookEndgame,77,14,h5h8,False,0.24761679854040508,2,-0.9978200197219849,h5h6,True,0.9787499904632568,True,-1,3,17.79667869998957,
361,1749,advantage opening pin short,24,40,f4g6,True,0.6044169082441132,1,0.8218796849250793,f4g6,True,0.9512500166893005,True,-1,2,12.098195400001714,
362,1476,endgame mate mateIn2 pillsburysMate sacrifice short,88,21,g8h8,False,0.10972937860341637,4,-0.7282901406288147,e2g3,True,0.9712499976158142,True,-1,2,0.35292169998865575,
363,1553,crushing deflection discoveredAttack endgame short,73,33,g6f5,False,0.005592226392932725,10,0.4160986840724945,d7c6,False,0.0,False,0,1,5.946897899993928,
364,1624,advantage attraction clearance kingsideAttack long middlegame sacrifice,24,43,d3h7,True,0.6895162874183017,1,-0.3397953510284424,d3h7,True,0.9837499856948853,True,-1,3,17.564748899982078,
365,1756,cornerMate endgame exposedKing fork long mate mateIn3,74,20,g8g7,True,0.635211090706343,1,-0.9088109731674194,g8g7,True,0.9900000095367432,True,-1,3,0.9343954999931157,
366,1565,mate mateIn2 middlegame sacrifice short,45,51,d5h5,False,0.10914567474732985,4,-0.06503777205944061,h8h4,True,0.9624999761581421,True,-1,2,0.5524848999921232,
367,1765,advantage exposedKing fork middlegame veryLong,46,43,c1h6,True,0.8506932078789007,1,-0.4079449474811554,c1h6,True,0.9962499737739563,True,-1,4,24.244807200011564,
368,1622,crushing middlegame short trappedPiece,51,27,c8b7,True,0.6998196893386631,1,0.024994349107146263,c8b7,True,0.96875,True,-1,2,12.168227399990428,
369,1575,master mate mateIn2 middlegame short,43,32,g4e5,True,0.4507550852046307,1,-0.8187105059623718,g4e5,True,0.9862499833106995,True,-1,2,0.29407699999865144,
370,1533,kingsideAttack mate mateIn1 middlegame oneMove,46,49,c7g7,True,0.8003114480540363,1,0.5730620622634888,c7g7,True,0.9900000095367432,True,-1,1,0.08024609999847598,
371,1474,advantage discoveredAttack middlegame short,27,34,d4e6,False,0.22188463183313126,3,-0.18197259306907654,d4f3,True,0.9524999856948853,True,-1,2,12.253244199993787,
372,1717,advantage fork long middlegame,81,35,b5e2,False,0.28721234769714515,2,-0.5537692308425903,b5e2,False,0.026249999180436134,False,0,1,5.928724099998362,
373,1800,mate mateIn2 middlegame sacrifice short,58,35,e7f6,True,0.7125964705254727,1,0.3530901372432709,e7f6,True,0.987500011920929,True,-1,2,0.3944007999962196,
374,1749,master mate mateIn1 oneMove opening,31,45,g4h2,False,0.04743112990903979,6,0.16268236935138702,e5e3,True,0.9325000047683716,True,-1,1,0.39376949999132194,
375,1474,mate mateIn1 middlegame oneMove,28,36,d1c3,False,0.13242586635051903,4,-0.012737604789435863,d6f8,True,0.9674999713897705,True,-1,1,0.21210740000242367,
376,1494,advantage attraction long middlegame,43,40,f8f1,True,0.882078530472549,1,-0.30018407106399536,f8f1,True,0.9950000047683716,True,-1,3,18.056478799990145,
377,1590,advantage endgame short trappedPiece,54,32,b7f7,False,0.0687888661933054,2,0.3685879707336426,g3g4,True,0.9512500166893005,True,-1,2,11.569052700011525,
378,1871,attraction crushing endgame fork sacrifice veryLong,73,26,h3f1,True,0.47791268862219466,1,-0.809924840927124,h3f1,True,0.6324999928474426,False,2,2,12.246727899997495,
379,1510,advantage fork middlegame short,26,32,b1d2,False,0.08996319194175519,2,-0.7716797590255737,d1b3,True,0.9100000262260437,True,-1,2,12.145641100010835,
380,1580,advantage long middlegame pin,56,48,f1e1,False,0.2749636225705517,2,-0.6422886848449707,d5h5,True,0.9700000286102295,True,-1,3,9.381417600001441,
381,1476,crushing deflection endgame short,106,14,b3c2,False,0.007855421008961451,9,-0.21993423998355865,b3c2,False,0.0,False,0,1,6.836466800014023,
382,1827,advantage hangingPiece long middlegame,63,2,b2b5,True,0.6521276260609957,1,-0.7218437790870667,b2b5,True,0.9862499833106995,False,2,2,12.072534200007794,
383,1506,crushing discoveredAttack long middlegame,72,37,b5e8,True,0.9355185749822521,1,-0.7497777938842773,b5e8,True,0.9975000023841858,True,-1,3,10.466611700016074,
384,1506,advantage capturingDefender middlegame short,31,51,e6b6,False,0.0004665619987017506,17,-0.4334883391857147,e6d7,False,0.0,False,0,1,6.087328900001012,
385,1645,crushing discoveredAttack discoveredCheck endgame master short,71,28,h5g4,True,0.5629049855016136,1,0.5648228526115417,h5g4,True,0.9725000262260437,True,-1,2,10.709204000013415,
386,1611,master mate mateIn1 middlegame oneMove,40,47,b5e8,True,0.9531629985988259,1,-0.11206194758415222,b5e8,True,0.9975000023841858,True,-1,1,0.05539120000321418,
387,1841,advantage endgame fork long sacrifice,50,24,h6g6,False,0.019208152954597,6,-0.13233721256256104,f3h4,True,0.4025000035762787,True,-1,3,18.311588000011398,
388,1493,advantage endgame fork short,81,28,d6d5,False,0.13537821529951874,3,-0.19810350239276886,d6c6,True,0.8924999833106995,True,-1,2,12.312641500000609,
389,1708,crushing exposedKing fork long middlegame,40,33,g4e6,True,0.7904806840551817,1,-0.8208461403846741,g4e6,True,0.9937499761581421,True,-1,3,17.544946699985303,
390,1504,attraction crushing deflection endgame fork long sacrifice,84,24,c8d7,False,0.0005118033734358099,22,0.14175620675086975,c8d7,False,0.0,False,0,1,5.748550500022247,
391,1778,advantage clearance endgame pin short,42,28,f2f7,True,0.7607838147421218,1,-0.114064060151577,f2f7,True,0.9850000143051147,True,-1,2,11.452540099999169,
392,1656,mate mateIn2 middlegame short,61,27,d5e4,False,0.12957456744357534,2,-0.8276849389076233,g8g5,True,0.9775000214576721,True,-1,2,0.20664150000084192,
393,1745,advantage discoveredAttack long middlegame sacrifice,52,49,b5c5,False,0.02466192264192352,11,-0.4463401734828949,b5b4,False,0.0037499999161809683,False,0,1,6.181860100012273,
394,1686,crushing deflection endgame exposedKing long,98,23,c7c6,False,0.020703115089629708,4,-0.4295165240764618,c7c6,False,0.009999999776482582,False,0,1,6.368041100009577,
395,1659,endgame mate mateIn1 oneMove,94,12,a5c3,True,0.4428639722947988,1,-0.20463724434375763,a5c3,True,0.9750000238418579,True,-1,1,0.17007439999724738,
396,1839,mate mateIn2 opening short swallowstailMate,20,39,d1g4,False,0.3676266727520205,2,-0.7905089855194092,d1d5,True,0.8424999713897705,False,2,2,12.185504499997478,
397,1644,crushing endgame master sacrifice short,76,18,a2a4,False,0.04533698805119122,8,-0.3234907388687134,a2a4,False,0.008750000037252903,False,0,1,6.053843600006076,
398,1755,crushing endgame hangingPiece long quietMove,95,14,g3h2,True,0.9918959402358233,1,-0.5836998224258423,g3h2,True,0.9987499713897705,True,-1,3,16.162699099979363,
399,1893,advantage long master masterVsMaster middlegame pin,31,36,e7d5,False,0.2838275773100449,2,-0.47139716148376465,b6b3,True,0.9375,True,-1,3,18.288187400001334,
400,1886,attackingF2F7 crushing deflection fork middlegame veryLong,30,46,g5f7,True,0.4167563970285638,1,0.8187633752822876,g5f7,True,0.9674999713897705,True,-1,4,24.074394900002517,
401,1691,endgame mate mateIn2 short,90,34,e2d3,True,0.70501424396209,1,-0.1916758418083191,e2d3,True,0.9900000095367432,True,-1,2,0.22647910000523552,
402,1666,crushing fork long opening,17,41,f8c5,False,0.005854023609449827,9,0.15450778603553772,f8c5,False,0.0,False,0,1,5.86589859999367,
403,1455,kingsideAttack master mate mateIn2 opening short,21,46,e8g8,False,0.24040446406042418,2,-0.5837634801864624,h4d4,True,0.9737499952316284,True,-1,2,0.27549980001640506,
404,1459,crushing discoveredAttack endgame fork short,83,27,e3f1,True,0.4870248588341406,1,-0.4042907953262329,e3f1,True,0.9837499856948853,True,-1,2,12.060874899994815,
405,1748,crushing doubleCheck fork middlegame short,26,35,f5g6,True,0.6384064202945128,1,0.047924939543008804,f5g6,True,0.9850000143051147,True,-1,2,11.352069000015035,
406,1553,advantage fork long middlegame skewer,37,31,d8d1,True,0.5841033258254571,1,-0.9471065998077393,d8d1,True,0.9850000143051147,True,-1,3,17.858079900004668,
407,1843,crushing deflection endgame short,84,30,h8e8,False,0.0613735744503055,3,0.10604969412088394,c8e8,True,0.9587500095367432,True,-1,2,10.603118900005938,
408,1808,advantage fork long master middlegame sacrifice,58,42,e4g5,False,0.008935720112736453,13,-0.5410979390144348,h3g2,False,0.09000000357627869,False,0,1,6.237810099992203,
409,1675,advantage long middlegame trappedPiece,48,35,c7d6,True,0.6522679803046466,1,0.01934332400560379,c7c6,False,0.38749998807907104,False,0,1,6.308743499976117,
410,1536,kingsideAttack master mate mateIn2 middlegame operaMate sacrifice short,53,46,b7g2,False,0.02794589113883632,5,-0.9568156599998474,h5h1,True,0.8650000095367432,True,-1,2,0.8543340000032913,
411,1813,endgame epauletteMate mate mateIn2 short,80,47,b3b4,True,0.39530667915996015,1,-0.9447703957557678,b3b4,True,0.9800000190734863,True,-1,2,0.41599110001698136,
412,1647,discoveredCheck doubleCheck mate mateIn2 middlegame short triangleMate,50,43,g2g3,False,0.10117761697702038,2,-0.9968675971031189,d5d7,True,0.9750000238418579,True,-1,2,0.2824321999796666,
413,1608,crushing fork middlegame short,45,38,b7b5,True,0.7763774696507062,1,-0.7475989460945129,b7b5,True,0.9925000071525574,True,-1,2,12.331768499978352,
414,1706,advantage capturingDefender long middlegame,32,58,e5c6,False,0.12296496293491997,2,-0.3949446678161621,e5d7,True,0.9574999809265137,True,-1,3,18.50297099997988,
415,1661,crushing endgame exposedKing long rookEndgame skewer,141,19,d3c3,True,0.5812047101749931,1,0.020865069702267647,d3c3,True,0.9787499904632568,True,-1,3,16.07844699997804,
416,1462,capturingDefender crushing long middlegame,26,53,g6e4,False,0.30836408670853466,2,-0.15907299518585205,g6e4,False,0.20000000298023224,False,0,1,6.045822199987015,
417,1890,crushing discoveredAttack endgame long,65,27,d1d2,False,0.25238744244628647,2,-0.16602952778339386,e4d2,True,0.9637500047683716,True,-1,3,13.263484200026141,
418,1757,backRankMate mate mateIn2 middlegame sacrifice short,35,46,b8b7,False,0.09976697509492836,3,-0.872490406036377,f2f1,True,0.9737499952316284,True,-1,2,0.3731946999905631,
419,1622,crushing hangingPiece long middlegame,31,34,f5d5,True,0.6790478071516949,1,-0.012410472147166729,f5d5,True,0.987500011920929,True,-1,3,18.531813799985684,
420,1724,advantage long opening sacrifice,22,24,d2b4,True,0.6577685890243751,1,-0.08049250394105911,d2b4,True,0.9887499809265137,True,-1,3,18.041408899996895,
421,1551,endgame mate mateIn1 oneMove,64,30,g3g7,True,0.7465716171710297,1,0.6370686888694763,g3g7,True,0.9850000143051147,True,-1,1,0.1188710999849718,
422,1517,endgame mate mateIn1 oneMove,61,27,g7g5,True,0.37464287551152503,1,-0.4332243502140045,g7g5,True,0.981249988079071,True,-1,1,0.13463590000174008,
423,1867,crushing endgame exposedKing fork long,89,27,e6e3,False,0.26019726845459434,3,0.17051737010478973,h7h1,True,0.9649999737739563,True,-1,3,16.807994600007078,
424,1509,advantage deflection middlegame short,61,45,b1c1,True,0.2963463226674599,1,0.03800293430685997,b1c1,True,0.9725000262260437,True,-1,2,12.753459900006419,
425,1482,clearance mate mateIn2 middlegame queensideAttack short,26,56,c4c6,True,0.8082793566352261,1,0.517727792263031,c4c6,True,0.9912499785423279,True,-1,2,0.7718058000027668,
426,1576,crushing fork middlegame short,43,50,c4d3,True,0.3553453705044535,1,-0.49932658672332764,c4d3,True,0.9762499928474426,True,-1,2,12.019303499982925,
427,1654,crushing fork middlegame short,22,40,c3d5,False,0.07940230423181836,5,0.3157426714897156,d3b5,True,0.9574999809265137,True,-1,2,12.104093699977966,
428,1485,crushing discoveredCheck doubleCheck kingsideAttack middlegame short,47,31,c5b6,False,0.19614262154985657,2,-0.7150721549987793,d4f3,True,0.9787499904632568,True,-1,2,11.525847300013993,
429,1608,kingsideAttack mate mateIn1 middlegame oneMove,34,44,d4d5,False,0.2101659861329304,2,-0.754316508769989,d4g7,True,0.9800000190734863,True,-1,1,0.13384570000926033,
430,1485,kingsideAttack mate mateIn2 middlegame operaMate sacrifice short,43,49,d3e5,False,0.11386750210858217,2,-0.7298176884651184,b8g3,True,0.9762499928474426,True,-1,2,0.2269652999821119,
431,1582,advantage capturingDefender discoveredAttack long middlegame,30,40,d2e4,True,0.45026428324403833,1,0.25135618448257446,d2e4,True,0.9775000214576721,True,-1,3,17.95432270001038,
432,1778,advantage endgame master pin short,69,29,c3b3,False,0.0014428566512439626,12,-0.24237264692783356,c3f3,False,0.0,False,0,1,5.908871499996167,
433,1703,attraction crushing fork long middlegame,48,42,c4f1,False,0.01158766383985353,7,0.23968005180358887,c4f1,False,0.4037500023841858,False,0,1,5.546397300000535,
434,1661,endgame mate mateIn2 short,68,36,h2h7,False,0.05566899262006133,3,0.10110066086053848,h2h8,True,0.9462500214576721,True,-1,2,0.4342134000035003,
435,1526,crushing discoveredAttack long middlegame,52,31,h3f3,False,0.031481206926237494,7,0.35183092951774597,e3d4,True,0.8824999928474426,True,-1,3,17.901326300023356,
436,1723,discoveredAttack discoveredCheck mate mateIn2 middlegame pillsburysMate short,58,34,c5d3,False,0.03155607410456681,6,-0.6463232040405273,c3c4,True,0.887499988079071,True,-1,2,0.9664832999987993,
437,1548,attraction long mate mateIn3 middlegame,64,39,c8f8,True,0.3348114696964806,1,-0.7676919102668762,c8f8,True,0.981249988079071,True,-1,3,0.28315719999955036,
438,1822,mate mateIn2 middlegame operaMate sacrifice short,58,45,g1g7,False,0.00024386934896835665,40,-0.6785863637924194,c3d5,False,0.0,False,0,1,5.311552300001495,
439,1533,kingsideAttack mate mateIn2 middlegame short,51,40,f1g3,True,0.8376963779703223,1,-0.9065859317779541,f1g3,True,0.9937499761581421,True,-1,2,0.3636828000016976,
440,1607,kingsideAttack mate mateIn1 oneMove opening,32,48,f1f8,True,0.9018674239846053,1,0.875103235244751,f1f8,True,0.9962499737739563,True,-1,1,0.052111600001808256,
441,1787,advantage attraction discoveredAttack long master middlegame sacrifice,58,32,e1c1,False,0.0004802967633891618,26,-0.13126768171787262,e1c1,False,0.0,False,0,1,6.00162939997972,
442,1699,kingsideAttack mate mateIn1 oneMove opening,31,38,e5h2,True,0.5583080402114462,1,0.266437828540802,e5h2,True,0.9737499952316284,True,-1,1,0.1975821999949403,
443,1497,advantage fork middlegame short,44,36,b2a3,False,0.03963320284226146,2,-0.4344332814216614,c3b5,True,0.9162499904632568,True,-1,2,12.39012840000214,
444,1609,endgame long mate mateIn3,35,34,b7b1,True,0.7192276574080091,1,-0.2137063890695572,b7b1,True,0.9887499809265137,True,-1,3,0.9632556999858934,
445,1867,advantage hangingPiece middlegame short,35,50,d8d4,True,0.5095548419605095,1,0.07461036741733551,d8d4,True,0.9800000190734863,True,-1,2,12.153038799995556,
446,1533,attraction long mate mateIn3 middlegame operaMate sacrifice,38,51,g3g8,False,6.0890369596751006e-05,41,0.06364060193300247,f2f4,False,0.0,False,0,1,6.099856100016041,
447,1865,long mate mateIn3 middlegame pin sacrifice,54,51,f3e5,False,0.0005533321338121509,32,0.03967893868684769,f3e5,False,0.0,False,0,1,6.304052899999078,
448,1688,advantage clearance kingsideAttack middlegame pin sacrifice veryLong,45,43,e5f3,True,0.5510500486261589,1,-0.34626802802085876,e5f3,True,0.9825000166893005,True,-1,4,23.122217299998738,
449,1490,advancedPawn advantage long middlegame promotion sacrifice,42,37,b1b6,False,0.07280417040624795,2,-0.03817421570420265,f6g7,True,0.9487500190734863,True,-1,3,17.936802800017176,
450,1510,mate mateIn1 middlegame oneMove operaMate,29,41,g2f2,True,0.7218282596263441,1,0.7215986847877502,g2f2,True,0.9900000095367432,True,-1,1,0.08070610000868328,
451,1497,crushing exposedKing fork long middlegame sacrifice,48,44,h1d1,False,0.0011181763486661153,21,0.34836578369140625,d4c5,False,0.0,False,0,1,5.851456900010817,
452,1775,attraction endgame long mate mateIn3 sacrifice,70,30,a1a8,False,0.004260015341435693,19,0.6535386443138123,a1d1,False,0.0,False,0,1,5.125216700020246,
453,1506,endgame mate mateIn2 short,82,27,f4f7,False,0.16550365239494766,2,-0.29334381222724915,f4b8,True,0.9737499952316284,True,-1,2,0.2783192000060808,
454,1608,kingsideAttack mate mateIn1 middlegame oneMove,42,38,e4h7,True,0.6685660933227304,1,-0.2927139401435852,e4h7,True,0.9900000095367432,True,-1,1,0.08637989999260753,
455,1824,advantage fork long middlegame,38,36,d2g5,True,0.35999621162764545,1,0.3050464689731598,d2g5,True,0.9712499976158142,True,-1,3,14.584410700015724,
456,1835,discoveredAttack kingsideAttack mate mateIn2 middlegame sacrifice short,25,34,e5d3,False,0.0005233169208446522,17,0.02492496557533741,g4e3,False,0.0,False,0,1,6.134801199979847,
457,1813,mate mateIn2 middlegame sacrifice short,46,41,b3b4,False,0.09672665982395755,3,-0.9858265519142151,b2e5,True,0.9762499928474426,True,-1,2,0.3125568999967072,
458,1573,crushing fork opening short,15,33,e7e5,True,0.48057336127195993,1,0.04977622628211975,e7e5,True,0.9712499976158142,True,-1,2,11.744406400015578,
459,1648,crushing deflection endgame exposedKing pin veryLong,85,31,h7h1,True,0.5777425100312598,1,-0.1119115874171257,f7f4,False,0.3075000047683716,False,0,1,6.137278000009246,
460,1453,balestraMate endgame mate mateIn2 short,87,39,e4f3,True,0.9052906030441467,1,-0.41569745540618896,e4f3,True,0.9975000023841858,True,-1,2,0.39272810000693426,
461,1483,advantage fork master middlegame short,26,42,e1g1,False,0.05151677265066867,3,-0.0016233123606070876,b2b4,True,0.9399999976158142,True,-1,2,11.97641949998797,
462,1583,crushing discoveredAttack discoveredCheck endgame short,88,31,f4f5,False,0.09870509914640069,2,0.21085578203201294,a7f7,True,0.9437500238418579,True,-1,2,7.52097660000436,
463,1629,advantage hangingPiece middlegame short,43,28,d8e8,False,0.017470874192920323,8,-0.9816380739212036,a2f7,True,0.7074999809265137,True,-1,2,11.663429900014307,
464,1493,crushing hangingPiece opening short,25,39,d5b6,False,0.34376303102469397,2,-0.24340561032295227,c7c1,True,0.9800000190734863,True,-1,2,12.075630100007402,
465,1599,advantage defensiveMove endgame pin short,58,5,a2b3,True,0.9168153609100872,1,-0.22375155985355377,a2b3,True,0.9975000023841858,True,-1,2,11.730471800023224,
466,1670,crushing discoveredAttack long middlegame,35,40,f8g8,False,0.1293674389490549,2,-0.34701794385910034,f8g8,False,0.03125,False,0,1,6.115809500013711,
467,1521,endgame mate mateIn2 short,57,33,f8f1,True,0.8850836240907258,1,-0.4198026657104492,f8f1,True,0.9950000047683716,True,-1,2,0.1816252999997232,
468,1593,attraction long mate mateIn3 middlegame sacrifice,49,40,b8h8,False,0.07725482988224448,5,-0.7694898843765259,h2h1,True,0.9612500071525574,True,-1,3,0.6392656000098214,
469,1580,advantage deflection middlegame short,47,34,f3h1,True,0.775192637111105,1,-0.45887255668640137,f3h1,True,0.9900000095367432,True,-1,2,9.985234599997057,
470,1882,crushing discoveredAttack long middlegame,39,43,d7f6,False,0.02450471864430352,3,-0.1777365654706955,d7f6,False,0.0037499999161809683,False,0,1,6.102049700013595,
471,1567,crushing middlegame pin short,44,2,c1f1,True,0.8743951520075749,1,0.06934353709220886,c1f1,True,0.9950000047683716,True,-1,2,12.060466700000688,
472,1790,advantage endgame fork long sacrifice,77,34,g8g7,False,0.018738566125581124,10,-0.8207831382751465,d3d1,True,0.5737500190734863,True,-1,3,18.4671934999933,
473,1796,deflection kingsideAttack mate mateIn4 middlegame sacrifice veryLong,38,54,d6c8,False,0.1735164246340541,2,0.21691861748695374,d6c8,False,0.06499999761581421,False,0,1,6.811128600005759,
474,1508,mate mateIn1 middlegame oneMove,52,44,b1g6,True,0.35646139819246236,1,0.8386202454566956,b1g6,True,0.9437500238418579,True,-1,1,0.3574674999981653,
475,1507,advantage hangingPiece middlegame short,40,30,g2g5,True,0.6960249705660436,1,0.4404045343399048,g2g5,True,0.918749988079071,True,-1,2,12.174700200004736,
476,1514,crushing exposedKing fork long middlegame,49,39,g5h5,True,0.5964261649290744,1,-0.5120831727981567,g5h5,True,0.9862499833106995,True,-1,3,17.11857880000025,
477,1711,clearance kingsideAttack mate mateIn2 middlegame sacrifice short,31,53,f4e6,False,0.1150089628763879,3,-0.5558130741119385,f4e2,True,0.9762499928474426,True,-1,2,0.5481976000010036,
478,1531,mate mateIn1 middlegame oneMove swallowstailMate,32,32,h4f6,True,0.46718062479308664,1,0.07055925577878952,h4f6,True,0.9775000214576721,True,-1,1,0.1381659999897238,
479,1539,endgame mate mateIn1 oneMove,57,31,f7f2,False,0.07197585252510025,2,-0.2901369631290436,f7f1,True,0.9637500047683716,True,-1,1,0.20504659999278374,
480,1603,endgame master mate mateIn2 short,104,26,f6h8,True,0.5907098067134461,1,-0.3406159579753876,f6h8,True,0.9887499809265137,True,-1,2,0.2882748999982141,
481,1722,clearance discoveredAttack discoveredCheck kingsideAttack mate mateIn2 middlegame sacrifice short,40,46,h6h5,False,0.00974619153561951,9,-0.8851912617683411,h6h5,False,0.1912499964237213,False,0,1,4.408962099987548,
482,1464,endgame fork mate mateIn5 veryLong,58,29,h2h7,True,0.8878921323550798,1,-0.9085990786552429,h2h7,True,0.9937499761581421,True,-1,5,1.5631086000066716,
483,1681,advantage middlegame pin short,34,33,e4f6,True,0.4049759675528061,1,-0.689511239528656,e4f6,True,0.9624999761581421,False,2,2,11.65388189998339,
484,1581,advantage capturingDefender hangingPiece middlegame short,39,31,b2a4,True,0.9918122499721554,1,-0.25195401906967163,b2a4,True,0.9987499713897705,True,-1,2,11.871053599985316,
485,1778,crushing fork long middlegame sacrifice,48,39,d3g6,False,0.0021041159834670003,18,-0.07505205273628235,g2g4,False,0.0,False,0,1,6.036029099981533,
486,1582,advantage capturingDefender long middlegame xRayAttack,45,39,b8b7,False,0.2737248347712403,2,0.08432809263467789,c4b4,True,0.9737499952316284,True,-1,3,17.66556120000314,
487,1828,advantage endgame fork queenRookEndgame short,91,24,h6h1,False,0.01927587456378274,3,-0.46210116147994995,h6h3,True,0.7599999904632568,True,-1,2,11.58122849999927,
488,1681,kingsideAttack mate mateIn2 middlegame pin sacrifice short,32,44,f3d5,False,0.0005493744230604092,21,-0.1632009893655777,c4f7,False,0.0,False,0,1,6.071602200012421,
489,1839,advantage kingsideAttack long middlegame sacrifice skewer,46,32,h4h8,False,0.017836957471631835,6,-0.7190191149711609,h4h8,False,0.014999999664723873,False,0,1,5.731154000008246,
490,1617,mate mateIn2 middlegame short,63,32,h5h2,False,0.037343929815991515,3,0.14945591986179352,h7b1,True,0.7674999833106995,True,-1,2,1.390100100019481,
491,1450,attraction crushing discoveredAttack long middlegame sacrifice,29,48,a1f1,True,0.7043859806191126,1,-0.5999037623405457,a1f1,True,0.9837499856948853,True,-1,3,17.873580799991032,
492,1874,attraction endgame long mate mateIn3 queenEndgame,68,22,h3h2,False,0.19440804145690552,3,-0.11194128543138504,h4h5,True,0.9637500047683716,True,-1,3,0.5142011000134517,
493,1725,advantage fork middlegame short,42,35,c3b5,True,0.6410110144004785,1,-0.487276166677475,c3b5,True,0.987500011920929,True,-1,2,11.955450500012375,
494,1743,endgame mate mateIn2 short,62,23,g3b8,True,0.5534111057827074,1,-0.23979158699512482,g3b8,True,0.9850000143051147,True,-1,2,0.16488339999341406,
495,1783,endgame mate mateIn2 short,50,35,e1e8,True,0.9424883897599966,1,-0.3888474404811859,e1e8,True,0.9975000023841858,True,-1,2,0.06802769997739233,
496,1668,crushing defensiveMove endgame long rookEndgame skewer,86,6,c3c4,True,0.387240122011953,1,-0.08953078091144562,c3c4,True,0.9762499928474426,True,-1,3,12.658334400010062,
497,1607,attraction crushing endgame exposedKing master sacrifice veryLong,83,41,b7a6,False,0.09170310002891044,4,-0.08899151533842087,b7a6,False,0.014999999664723873,False,0,1,6.336592300009215,
498,1514,endgame master masterVsMaster mate mateIn1 oneMove,111,15,f5g7,False,0.2479384608388192,2,-0.9565688967704773,e4f3,True,0.9775000214576721,True,-1,1,0.15891259998898022,
499,1751,advantage endgame fork short,74,31,h3e6,False,0.0754478076850727,5,-0.8353140354156494,b6b8,True,0.96875,True,-1,2,12.20543530001305,
500,1707,advantage middlegame pin short,61,43,f2g2,False,0.008962585132773369,11,0.07448423653841019,f2g2,False,0.0,False,0,1,6.160723700013477,
501,1468,master mate mateIn2 middlegame short,71,21,g4h4,True,0.6813358740844437,1,-0.9932059645652771,g4h4,True,0.9900000095367432,True,-1,2,0.3006851999962237,
502,1732,crushing discoveredAttack endgame master queenEndgame short,89,32,b7b5,False,0.12413012596749379,2,-0.5221858024597168,d6d5,True,0.9750000238418579,True,-1,2,11.596306999999797,
503,1803,attraction crushing fork middlegame veryLong,55,32,f6f7,False,0.009734499074562773,4,0.25821569561958313,f6f7,False,0.19625000655651093,False,0,1,6.03192699997453,
504,1691,advantage attraction discoveredAttack discoveredCheck endgame exposedKing long,62,2,d2c1,True,0.5408424045346235,1,-0.9950647354125977,d2c1,True,0.9800000190734863,False,2,2,7.612511199986329,
505,1540,crushing endgame fork short,53,26,d6f5,True,0.7972829489426813,1,0.09162059426307678,d6f5,True,0.987500011920929,True,-1,2,11.872438999998849,
506,1471,endgame mate mateIn1 oneMove,62,31,a7c7,True,0.3836531875098699,1,0.9395954608917236,a7c7,True,0.9599999785423279,True,-1,1,0.2584509000007529,
507,1698,advantage attraction endgame short,49,28,d2d3,True,0.41092329353882423,1,0.6466034054756165,d2d3,True,0.9549999833106995,True,-1,2,12.47778649997781,
508,1529,attraction kingsideAttack mate mateIn4 middlegame sacrifice veryLong,52,37,h3h6,True,0.6700261510723735,1,-0.6155393719673157,h3h6,True,0.987500011920929,True,-1,4,0.992951099993661,
509,1678,advantage fork middlegame short,41,21,b4d3,True,0.6539330370691968,1,-0.3953891694545746,b4d3,True,0.987500011920929,True,-1,2,11.48696999999811,
510,1715,crushing middlegame pin short,52,33,g1h1,False,0.06604679964781839,5,-0.5682495832443237,f1f7,True,0.9649999737739563,True,-1,2,10.335492299986072,
511,1796,crushing fork long middlegame,36,44,c3d4,False,0.00017724751446929204,29,0.07154654711484909,c3e3,False,0.0,False,0,1,6.1439918000251055,
512,1549,endgame hookMate mate mateIn2 short,59,40,a8a2,True,0.5522481657476987,1,0.2411409318447113,a8a2,True,0.9850000143051147,True,-1,2,0.29240559999016114,
513,1758,crushing endgame long quietMove rookEndgame skewer,83,21,a3a2,False,0.1469893698679301,3,-0.6626702547073364,d8d1,True,0.9225000143051147,True,-1,3,14.436503400007496,
514,1651,crushing deflection endgame interference long,73,27,f1g3,False,0.2134016668252252,2,-0.026108890771865845,h2d2,True,0.9737499952316284,True,-1,3,17.44354520001798,
515,1642,advantage fork middlegame short,40,39,c5d3,False,0.2753095625301929,2,-0.6107555031776428,c5d7,True,0.9674999713897705,True,-1,2,12.295230899995659,
516,1531,crushing discoveredAttack endgame long,62,27,h3g2,False,0.041731908286757165,3,-0.9291003346443176,h3e6,True,0.9137499928474426,True,-1,3,17.045824200002244,
517,1782,advantage endgame long pin quietMove,57,31,g2a2,True,0.9141242806987562,1,-0.36602169275283813,g2a2,True,0.9962499737739563,True,-1,3,14.424275700002909,
518,1521,crushing fork middlegame sacrifice veryLong,46,50,e2d4,False,0.022697850630400106,6,0.4343051314353943,e2d4,False,0.013749999925494194,False,0,1,6.078515999979572,
519,1572,crushing kingsideAttack middlegame pin sacrifice skewer veryLong,84,44,e1h4,False,0.147777153288935,2,-0.3840590715408325,g1g6,True,0.949999988079071,True,-1,4,24.156569800019497,
520,1483,bishopEndgame crushing discoveredAttack endgame short,104,6,h5g6,False,0.23674641227215193,2,-0.9302352666854858,g4g5,True,0.9762499928474426,True,-1,2,11.570404199999757,
521,1679,master mate mateIn1 middlegame oneMove,60,34,b2g7,True,0.6518219647802551,1,0.8507033586502075,b2g7,True,0.9762499928474426,True,-1,1,0.15566809999290854,
522,1649,deflection kingsideAttack long mate mateIn3 middlegame sacrifice,43,50,e5e1,False,0.0019821245043289562,15,-0.6200682520866394,b6d4,False,0.0,False,0,1,6.0492568999761716,
523,1539,advantage fork middlegame short,31,31,d7e5,False,0.3773953470440641,2,-0.5711923837661743,d6c5,True,0.9674999713897705,True,-1,2,12.118826899997657,
524,1500,attraction kingsideAttack long mate mateIn3 middlegame sacrifice,53,33,e7h4,False,0.2537329611896641,2,-0.9117329716682434,h8h1,True,0.9775000214576721,True,-1,3,0.551270600000862,
525,1473,crushing endgame fork long,58,24,g5e6,True,0.35893204884586527,1,0.4356718063354492,g5e6,True,0.9587500095367432,False,2,2,12.658015399996657,
526,1722,advantage discoveredAttack discoveredCheck long middlegame,44,37,h2h3,False,0.18609469427732667,2,-0.17039361596107483,f1f6,True,0.8037499785423279,True,-1,3,18.60380349998013,
527,1554,backRankMate master masterVsMaster mate mateIn2 middlegame sacrifice short,39,41,e8e5,False,0.10024220448879165,5,0.17717121541500092,f2f1,True,0.7200000286102295,True,-1,2,1.3110116999887396,
528,1791,advancedPawn bishopEndgame capturingDefender crushing endgame long,68,11,f5f6,True,0.4163522238253623,1,-0.3072310984134674,f5f6,True,0.9312499761581421,True,-1,3,18.132654000015464,
529,1860,crushing endgame fork long,65,39,c2g6,True,0.9254708113442411,1,-0.6023848056793213,c2g6,True,0.9962499737739563,True,-1,3,18.63990829998511,
530,1534,advancedPawn deflection discoveredAttack discoveredCheck endgame mate mateIn2 promotion short,70,17,d5f7,False,0.0541574350144838,2,-0.42813611030578613,c6c7,True,0.9624999761581421,True,-1,2,0.3464618000143673,
531,1822,crushing master middlegame pin short,39,39,g6d3,False,0.02017602558314641,6,0.17576542496681213,f2e2,True,0.7699999809265137,True,-1,2,11.976870300015435,
532,1637,advantage attraction fork long middlegame sacrifice,63,33,f5d3,False,0.00266523959945467,11,-0.9686501026153564,h4f3,False,0.0,False,0,1,6.050022700015688,
533,1605,advantage fork long middlegame,51,32,e6e5,True,0.47223359860462527,1,-0.2939750850200653,e6e5,True,0.9700000286102295,True,-1,3,17.999755199998617,
534,1808,attraction discoveredAttack discoveredCheck mate mateIn2 middlegame sacrifice short,55,41,h3h4,False,0.004330285688428106,10,-0.2311083972454071,h3h4,False,0.0,False,0,1,6.047164299990982,
535,1835,advantage fork middlegame short,50,37,e1g1,False,0.13620047720258208,2,-0.45749199390411377,b3g3,True,0.9637500047683716,True,-1,2,11.805199399997946,
536,1576,endgame mate mateIn1 oneMove,66,38,d7d8,False,0.0004886672369685014,17,0.3830283582210541,d7d8,False,0.0,False,0,1,5.895117000007303,
537,1788,backRankMate endgame fork long mate mateIn3,53,36,f6f2,True,0.6687706799129313,1,-0.9416311383247375,f6f2,True,0.9925000071525574,False,4,3,0.18339219997869805,
538,1732,advantage attraction long middlegame sacrifice skewer,73,32,f7f5,False,0.12613408764661488,5,-0.6845722198486328,f7f2,True,0.8849999904632568,True,-1,3,18.346398599998793,
539,1831,crushing discoveredAttack endgame fork long,59,30,a5b6,True,0.3507112309707033,1,-0.11679773032665253,a5b6,True,0.9137499928474426,True,-1,3,18.601060100016184,
540,1620,advantage fork master middlegame short,32,35,d2d5,True,0.6869395001864015,1,-0.5664477348327637,d2d5,True,0.9862499833106995,True,-1,2,12.788111700006993,
541,1766,advantage defensiveMove hangingPiece middlegame short,32,36,a1c1,False,0.3552999157481639,2,0.5087170600891113,d1d7,True,0.9712499976158142,True,-1,2,12.629979399993317,
542,1837,crushing exposedKing fork long middlegame,51,39,d8d3,False,0.18705582092802484,3,0.23058965802192688,a2a1,True,0.9637500047683716,True,-1,3,18.55164930000319,
543,1836,blindSwineMate endgame mate mateIn1 oneMove queenRookEndgame,82,24,g7f7,False,0.2663727536664583,2,0.030268734320998192,e7f7,True,0.9637500047683716,True,-1,1,0.20848249999107793,
544,1466,advancedPawn mate mateIn2 middlegame promotion short,79,41,d1e1,False,0.009396630695831099,10,0.0169400405138731,a7b7,False,0.0012499999720603228,False,0,1,5.720506000012392,
545,1610,crushing discoveredAttack endgame short,72,19,e2h2,False,0.01793409225192697,4,-0.39223718643188477,d2g5,True,0.7162500023841858,True,-1,2,12.378219200007152,
546,1594,crushing deflection endgame long,54,48,e1e6,True,0.7730761679707998,1,0.012765428051352501,e1e6,True,0.9912499785423279,True,-1,3,17.942964300018502,
547,1586,clearance kingsideAttack long mate mateIn3 middlegame sacrifice,66,44,d1f1,False,0.005734533978077524,11,0.5731420516967773,d6d7,False,0.0,False,0,1,5.948975400009658,
548,1753,hangingPiece mate mateIn1 middlegame oneMove,66,34,f1f7,True,0.5528162950518507,1,0.728594958782196,f1f7,True,0.9612500071525574,True,-1,1,0.2566126999736298,
549,1776,crushing discoveredAttack middlegame short,32,41,c6b5,False,0.007942960256064285,8,-0.9573482871055603,c6b7,False,0.0,False,0,1,6.1553263000096194,
550,1816,advantage fork long opening,15,43,a6b5,True,0.8759299252862734,1,-0.12968049943447113,a6b5,True,0.9937499761581421,True,-1,3,17.96194639999885,
551,1611,capturingDefender crushing middlegame short,36,46,d3g6,True,0.8616138817813038,1,0.3974515199661255,d3g6,True,0.9950000047683716,True,-1,2,12.24493590000202,
552,1703,mate mateIn1 middlegame oneMove,43,39,c6f6,False,0.26059708388569597,2,0.35543444752693176,f4h3,True,0.9624999761581421,True,-1,1,0.2659457999980077,
553,1566,advantage deflection discoveredAttack fork long master middlegame pin,49,30,c6c2,True,0.3886308337349919,1,0.059573303908109665,c6c2,True,0.9750000238418579,True,-1,3,18.46338159998413,
554,1859,attraction crushing endgame exposedKing veryLong,63,42,b7g2,True,0.4030542021528542,1,-0.563953161239624,b7e4,False,0.07999999821186066,False,0,1,5.179536100011319,
555,1601,advantage middlegame pin short,42,28,c3d5,True,0.3719679911267281,1,-0.8524832725524902,c3d5,True,0.9800000190734863,True,-1,2,12.23021810001228,
556,1657,crushing fork middlegame veryLong,49,42,e6e1,True,0.7497005787322776,1,-0.6631580591201782,e6e1,True,0.9900000095367432,True,-1,4,25.65355190000264,
557,1463,master mate mateIn1 middlegame oneMove,60,33,e4f5,False,0.4818666876780131,2,0.3749455511569977,g5d8,True,0.9825000166893005,True,-1,1,0.14529580000089481,
558,1565,backRankMate endgame fork mate mateIn2 short,57,20,f4e3,True,0.32769035447061295,1,-0.9933912754058838,f4e3,True,0.9825000166893005,True,-1,2,0.3461421999963932,
559,1492,crushing endgame master masterVsMaster short skewer,87,22,d1c2,True,0.40792122564548683,1,0.01384175755083561,d1c2,True,0.9262499809265137,True,-1,2,14.393742299987935,
560,1638,kingsideAttack long mate mateIn3 middlegame,37,35,f8f2,True,0.8976426062395637,1,-0.7205792665481567,f8f2,True,0.9950000047683716,True,-1,3,0.3649728999880608,
561,1748,crushing fork middlegame short,48,38,g2f3,False,0.26296468120638183,2,-0.0305476076900959,d4d5,True,0.9612500071525574,True,-1,2,11.540694499999518,
562,1603,crushing long middlegame trappedPiece,27,45,f7f5,True,0.40834410597755855,1,0.03374651446938515,f7f5,True,0.9674999713897705,True,-1,3,18.419865000003483,
563,1662,crushing middlegame short trappedPiece,46,37,e5e6,False,0.10187291266460798,3,-0.39019328355789185,e5e6,False,0.39375001192092896,False,0,1,5.792178999981843,
564,1727,crushing discoveredAttack middlegame short,38,47,d6d8,True,0.7895310591052369,1,0.4152967035770416,d6d8,True,0.9912499785423279,True,-1,2,11.758594100014307,
565,1507,endgame epauletteMate master mate mateIn1 oneMove,64,32,g2f3,False,0.2763731983094489,2,-0.17442525923252106,e7e5,True,0.9712499976158142,True,-1,1,0.18125569997937419,
566,1631,crushing defensiveMove middlegame sacrifice short,50,4,f2f3,True,0.4529653098215653,1,0.029265766963362694,f2f3,True,0.9537500143051147,True,-1,2,12.770800100028282,
567,1462,advantage deflection endgame long,88,26,d1d5,True,0.8100165358340805,1,-0.8217881917953491,d1d5,True,0.9937499761581421,True,-1,3,18.701176000002306,
568,1513,advantage fork long opening,24,37,h4g6,True,0.8669869601035516,1,-0.2192806452512741,h4g6,True,0.9925000071525574,True,-1,3,18.06589170001098,
569,1670,endgame long mate mateIn3 sacrifice,67,34,b2g2,False,0.08495094990793699,3,-0.7657582759857178,b2f2,True,0.9700000286102295,True,-1,3,0.5082198000163771,
570,1657,endgame mate mateIn1 oneMove,136,27,a2a1,True,0.6561853147604116,1,-0.9465997219085693,a2a1,True,0.9912499785423279,True,-1,1,0.08595819998299703,
571,1867,crushing discoveredAttack long master middlegame queensideAttack,65,39,h7g8,False,0.061283050290262556,5,0.5513073205947876,d3b2,True,0.8287500143051147,True,-1,3,19.983537099993555,
572,1509,crushing discoveredAttack fork long middlegame sacrifice,29,43,e5f3,False,0.12448047547664601,4,-0.3978104591369629,f6f1,True,0.9725000262260437,True,-1,3,19.938436500000535,
573,1585,crushing endgame short skewer,75,31,g2f1,True,0.6089093213364211,1,-0.2378823161125183,g2f1,True,0.9737499952316284,True,-1,2,13.674738999980036,
574,1499,mate mateIn1 middlegame oneMove,34,42,d1d8,False,0.07696093355418905,3,0.16664515435695648,c4f7,True,0.9649999737739563,True,-1,1,0.3140226999821607,
575,1608,advantage endgame fork short,72,30,a4c6,False,0.055411763523209194,6,-0.1948643922805786,a4b4,True,0.9449999928474426,True,-1,2,12.14051080000354,
576,1630,crushing endgame hangingPiece master short,72,2,e3e1,True,0.9912763361500615,1,-0.6832795143127441,e3e1,True,1.0,True,-1,2,12.515115599991987,
577,1469,master mate mateIn1 middlegame oneMove queensideAttack,60,24,a5c7,True,0.5739533340461742,1,-0.3794846832752228,a5c7,True,0.9837499856948853,True,-1,1,0.11749649999546818,
578,1480,advantage fork opening short,24,39,e2g4,True,0.7374012373983159,1,0.15485845506191254,e2g4,True,0.9912499785423279,True,-1,2,11.909559799998533,
579,1516,endgame long mate mateIn3 rookEndgame,92,13,b6b8,False,0.2707334727232959,2,-0.0533667653799057,h5h6,True,0.96875,True,-1,3,0.9937811999989208,
580,1465,endgame mate mateIn2 short,76,30,d1d8,True,0.6039774023708886,1,-0.42295268177986145,d1d8,True,0.987500011920929,True,-1,2,0.4410095000057481,
581,1559,crushing middlegame pin short,35,39,b7d5,False,0.12244072906193848,2,0.21081116795539856,e6d5,True,0.9537500143051147,True,-1,2,11.748955399991246,
582,1852,endgame mate mateIn2 short,59,37,f1h1,False,0.32360891306250844,2,0.31595736742019653,g4g3,True,0.9800000190734863,True,-1,2,0.3544926000176929,
583,1693,crushing endgame fork short,107,34,c2d1,False,0.013239236298631801,9,0.09567403793334961,c2c5,True,0.5099999904632568,True,-1,2,11.739359799976228,
584,1685,crushing hangingPiece middlegame short,27,39,a2c4,True,0.5307659817910457,1,0.08613097667694092,a2c4,True,0.987500011920929,True,-1,2,12.413173300010385,
585,1463,crushing deflection middlegame short,32,42,e5b8,True,0.6621967768242804,1,0.3604710102081299,e5b8,True,0.9762499928474426,True,-1,2,12.517443899996579,
586,1734,advantage discoveredAttack kingsideAttack long opening,29,45,d4e2,True,0.734461033190243,1,0.17356954514980316,d4e2,True,0.9800000190734863,True,-1,3,18.56015259999549,
587,1622,attraction crushing endgame pin short,43,42,a6d3,True,0.548197585271984,1,0.6857128143310547,a6d3,True,0.9712499976158142,True,-1,2,11.931211000017356,
588,1546,mate mateIn1 oneMove opening,24,37,e3b6,True,0.6289535784842447,1,-0.06623316556215286,e3b6,True,0.9837499856948853,True,-1,1,0.11730680000619031,
589,1491,endgame mate mateIn2 short,73,33,d5h1,True,0.42695975256386715,1,0.1604074239730835,d5h1,True,0.9762499928474426,True,-1,2,0.335953600006178,
590,1495,advantage fork long middlegame,46,37,d2f1,False,0.19558844165045544,2,-0.19390040636062622,f3f4,True,0.4387499988079071,True,-1,3,18.928205200005323,
591,1487,advantage discoveredAttack master middlegame short,29,37,d8f6,False,0.02399792850572221,8,0.18320459127426147,e4g3,True,0.8274999856948853,True,-1,2,13.06500619999133,
592,1808,discoveredAttack discoveredCheck endgame mate mateIn1 oneMove,66,4,e1f2,False,0.011844777582114014,4,-0.9823736548423767,e1f2,False,0.4074999988079071,False,0,1,2.7370235999987926,
593,1460,endgame mate mateIn1 oneMove,65,32,c4a4,True,0.5895561548080818,1,-0.9732575416564941,c4a4,True,0.9887499809265137,True,-1,1,0.09154490000219084,
594,1475,mate mateIn2 middlegame pin short,65,37,h4h3,True,0.3629167342869987,1,0.1195203959941864,h4h3,True,0.9787499904632568,True,-1,2,0.4599405999761075,
595,1558,advantage middlegame sacrifice short,47,28,f6h4,False,0.017927192527670943,7,-0.34335750341415405,f6h4,False,0.004999999888241291,False,0,1,6.259780399996089,
596,1661,attraction crushing fork middlegame sacrifice veryLong,52,41,f2e3,False,0.03348676282711483,7,-0.6634436249732971,f2e3,False,0.0037499999161809683,False,0,1,6.1488266000233125,
597,1553,advantage endgame long sacrifice,60,36,b3b4,False,0.0023982276262249397,7,-0.10329819470643997,b3b4,False,0.0,False,0,1,6.20820600001025,
598,1731,attraction backRankMate mate mateIn2 middlegame sacrifice short,30,44,e3d4,False,0.00405311649070732,14,0.23424506187438965,e3d4,False,0.0,False,0,1,6.125816499989014,
599,1474,endgame mate mateIn2 short,66,31,h5e8,True,0.7482080468671193,1,-0.952520489692688,h5e8,True,0.9887499809265137,True,-1,2,0.154138799989596,
600,1813,crushing endgame fork master short,75,32,b2d4,True,0.7278934676707176,1,-0.6010439991950989,b2d4,True,0.9887499809265137,True,-1,2,11.467661899980158,
601,1638,advantage discoveredAttack middlegame queensideAttack short,40,37,c4d6,False,0.005297108985463536,19,-0.9861602187156677,f1d1,False,0.0,False,0,1,5.976215000002412,
602,1753,crushing endgame fork short,44,44,c5e4,False,0.20833667574456663,2,0.08584759384393692,c5b7,True,0.9275000095367432,True,-1,2,12.208866400003899,
603,1546,advantage long middlegame pin,54,41,e4f6,True,0.343929644611247,1,-0.6811411380767822,e4f6,True,0.9762499928474426,True,-1,3,18.645319700008258,
604,1722,advantage middlegame pin veryLong,56,38,a4d4,False,0.19134680886146824,2,-0.6721200942993164,a4c4,True,0.9750000238418579,True,-1,4,24.578515599976527,
605,1615,crushing endgame fork pin short,54,31,e4g6,False,0.28683008193811305,2,0.1895061433315277,e4e6,True,0.9649999737739563,True,-1,2,11.721212200005539,
606,1602,advantage intermezzo kingsideAttack long master middlegame pin,52,37,f5h5,False,0.02294678441077417,3,0.4979453980922699,g7h7,True,0.8149999976158142,True,-1,3,16.659693199995672,
607,1558,long mate mateIn3 middlegame sacrifice,66,37,b7e7,False,0.0022366389556313063,23,-0.993391215801239,c2c8,False,0.0,False,0,1,3.100803699984681,
608,1478,advantage discoveredAttack endgame long,78,34,c3f6,False,0.005448627346133242,6,-0.888552188873291,c3f6,False,0.0,False,0,1,6.121874600008596,
609,1750,attraction crushing deflection endgame long pin sacrifice,69,39,h4f3,False,0.00019470577392516865,30,0.02012757584452629,h4f3,False,0.0,False,0,1,5.735967300017364,
610,1727,attraction endgame mate mateIn2 sacrifice short,77,27,f5f4,False,0.00048202796557599297,22,0.4076072573661804,f5f4,False,0.0,False,0,1,5.444631299993489,
611,1850,advantage fork middlegame veryLong,43,44,f6e4,False,0.2773753344435823,2,-0.28900375962257385,d3d1,True,0.7850000262260437,False,2,2,11.632182200002717,
612,1521,advantage defensiveMove hangingPiece middlegame short,47,35,d4c2,True,0.806205301437898,1,0.07123981416225433,d4c2,True,0.9912499785423279,True,-1,2,12.324322100001154,
613,1890,crushing discoveredAttack kingsideAttack master opening short,26,45,e4f6,True,0.4338653270226651,1,-0.0596768893301487,e4f6,True,0.8725000023841858,True,-1,2,6.851748999994015,
614,1567,advantage discoveredAttack opening short,18,26,f3d4,True,0.9206364839599006,1,0.1464439332485199,f3d4,True,0.9925000071525574,True,-1,2,12.441916599986143,
615,1468,advantage hangingPiece intermezzo middlegame short,29,34,b4d2,True,0.7113041840216529,1,0.1597757786512375,b4d2,True,0.9900000095367432,True,-1,2,11.84226479998324,
616,1597,advancedPawn advantage kingsideAttack long middlegame pin,49,43,g6g2,False,0.10048344072019107,2,-0.02975126914680004,f3f2,True,0.9700000286102295,True,-1,3,16.493081799999345,
617,1734,advantage attraction endgame exposedKing long sacrifice skewer,67,31,e6f6,False,0.010691654896904906,7,-0.8966864347457886,e6e5,False,0.0024999999441206455,False,0,1,5.980182699975558,
618,1619,crushing endgame pin short,53,33,d2f2,False,0.0002247692257840567,24,-0.12494256347417831,d2f2,False,0.0,False,0,1,6.811002500005998,
619,1478,crushing endgame pin short skewer,85,24,h5h3,True,0.6316694517968028,1,-0.5924190878868103,h5h3,True,0.9825000166893005,True,-1,2,13.144705199985765,
620,1780,advantage attraction middlegame queensideAttack short,25,52,d8e7,False,0.28137607931725583,2,0.20608064532279968,g7b2,True,0.9700000286102295,True,-1,2,12.254898299986962,
621,1727,discoveredAttack endgame long mate mateIn3,78,45,d1d7,True,0.9442005511814624,1,-0.17488597333431244,d1d7,True,0.9962499737739563,True,-1,3,0.7286686000006739,
622,1866,attraction exposedKing long master mate mateIn3 middlegame sacrifice,72,42,f4g6,False,0.024632361801708816,3,-0.4703063368797302,g3g8,True,0.48249998688697815,True,-1,3,3.204116300010355,
623,1781,attraction bishopEndgame crushing deflection endgame long master,53,13,f1g2,False,0.20033640135394132,3,-0.02603990025818348,f1d3,True,0.7637500166893005,False,2,2,14.05012679999345,
624,1504,kingsideAttack mate mateIn2 middlegame short,31,35,d7g4,True,0.6162902886763313,1,0.3394240736961365,d7g4,True,0.9825000166893005,True,-1,2,0.28555420000338927,
625,1664,crushing endgame queenEndgame short skewer,86,20,h8f6,False,0.06789666815088553,3,-0.25128695368766785,h8f6,False,0.012500000186264515,False,0,1,6.1366988999943715,
626,1459,advantage fork long opening,23,39,e4f5,False,0.3800853630579001,2,-0.8467774987220764,e4c4,True,0.9787499904632568,True,-1,3,18.515375799994217,
627,1562,deflection endgame mate mateIn2 short,96,25,h4h5,False,0.3039036596064586,2,0.150935560464859,b3b4,True,0.9649999737739563,True,-1,2,0.26954579999437556,
628,1586,advantage deflection endgame short,71,38,b7a6,False,0.0017822665636065195,18,0.4993177056312561,c8c2,False,0.0,False,0,1,5.675456299999496,
629,1646,crushing endgame hangingPiece short,55,38,e5g3,True,0.9434408536771431,1,0.7392128705978394,e5g3,True,0.9962499737739563,True,-1,2,12.242292700015241,
630,1497,advantage endgame hangingPiece pin short,44,32,g6e6,True,0.9790257676667043,1,0.08802177011966705,g6e6,True,0.9987499713897705,True,-1,2,12.076815699983854,
631,1523,endgame kingsideAttack mate mateIn2 pillsburysMate short,38,36,e1e8,False,0.15369652812533904,2,0.010059541091322899,g5f6,True,0.9549999833106995,True,-1,2,0.4530553999939002,
632,1663,crushing endgame intermezzo long pin sacrifice,55,40,e4f2,False,0.0059651151044770095,15,-0.38293567299842834,e2h5,False,0.0,False,0,1,5.246498399996199,
633,1712,advantage intermezzo long middlegame pin,47,30,g4f3,False,0.043348333458538425,3,-0.7199466824531555,e4e1,True,0.9262499809265137,True,-1,3,18.47100620000856,
634,1539,crushing long middlegame pin,36,35,c1b1,False,0.2554991801567686,2,-0.5218889713287354,f3f6,True,0.9674999713897705,True,-1,3,11.22920560001512,
635,1576,master mate mateIn1 middlegame oneMove,68,36,f5g7,False,0.06297727297148928,4,0.2580622434616089,f4d6,True,0.9487500190734863,True,-1,1,0.3270976000057999,
636,1627,crushing endgame master pin short,79,33,d6h2,False,0.07497573141288207,2,-0.27432510256767273,c7b6,True,0.9524999856948853,True,-1,2,12.235763100004988,
637,1493,crushing discoveredCheck doubleCheck endgame rookEndgame short,58,30,e5f6,True,0.6802857633020013,1,-0.22818957269191742,e5f6,True,0.9887499809265137,True,-1,2,12.339933000010205,
638,1467,advantage hangingPiece intermezzo middlegame short,26,31,e1d1,False,0.3965538739725681,2,0.002802010625600815,f5e7,True,0.9700000286102295,True,-1,2,12.95920899999328,
639,1621,capturingDefender crushing endgame pin short,59,41,a3e3,True,0.5108534414324077,1,0.7614572644233704,a3e3,True,0.9750000238418579,True,-1,2,11.903449999983422,
640,1608,advantage attraction middlegame sacrifice short,42,42,f4d2,False,0.2249420739137434,2,-0.5514353513717651,c7e7,True,0.8212500214576721,True,-1,2,11.211967799987178,
641,1823,advantage fork middlegame pin short,41,46,c7d6,False,0.07291931566671483,4,-0.8024289011955261,d3d1,True,0.8862500190734863,True,-1,2,11.910692899982678,
642,1796,advantage endgame fork long skewer,45,33,e8e3,False,0.2125402206977585,2,-0.3628275394439697,g7h6,True,0.96875,True,-1,3,17.981221599999117,
643,1727,crushing kingsideAttack long middlegame pin,44,50,d2h6,True,0.5453413930367336,1,-0.9393981695175171,d2h6,True,0.9775000214576721,True,-1,3,16.621311299997615,
644,1532,advantage hangingPiece middlegame short,65,33,g6f5,True,0.5350624477882349,1,0.2666611075401306,g6f5,True,0.8512499928474426,True,-1,2,12.493500799988396,
645,1704,advantage defensiveMove endgame long skewer,96,18,h4h3,False,0.07673492003679666,3,-0.6675937175750732,h4h6,True,0.9587500095367432,True,-1,3,21.083763600006932,
646,1775,advantage fork long middlegame,62,35,f3g2,False,0.20541236544795066,2,-0.9815168380737305,f3d5,True,0.9787499904632568,True,-1,3,20.05206869999529,
647,1680,endgame mate mateIn2 short,74,31,f5f8,False,0.2229111890470524,2,0.06326368451118469,g6e7,True,0.9624999761581421,True,-1,2,1.0635057000035886,
648,1787,crushing fork long middlegame,63,33,d7f7,False,0.09537404611413325,3,-0.9430103302001953,h7h2,True,0.8887500166893005,True,-1,3,21.461424900015118,
649,1717,mate mateIn4 middlegame queensideAttack sacrifice smotheredMate veryLong,33,39,d7d2,True,0.9522128281571604,1,0.18967117369174957,d7d2,True,0.9975000023841858,False,2,2,12.040586099989014,
650,1685,crushing long middlegame pin,44,41,h1d1,False,0.13026943653138975,2,0.17397640645503998,g5f6,True,0.9087499976158142,True,-1,3,9.825789599999553,
651,1741,crushing deflection endgame fork long,67,31,g8f8,False,0.19756424203039677,2,-0.24152734875679016,g8g5,True,0.9624999761581421,True,-1,3,19.118418800004292,
652,1536,crushing fork middlegame pin short,54,42,d6e5,False,0.2565991559260289,2,-0.49905189871788025,f5h6,True,0.9750000238418579,True,-1,2,10.933618700015359,
653,1547,advantage attraction fork long middlegame sacrifice,34,41,a1d1,False,0.10010170499573343,3,-0.7277835607528687,d3h7,True,0.9674999713897705,True,-1,3,18.60389940001187,
654,1875,advantage deflection discoveredAttack discoveredCheck middlegame veryLong,45,31,g5g2,True,0.4155456823600352,1,-0.9642252326011658,g5g2,True,0.9637500047683716,True,-1,4,16.01526090002153,
655,1617,fork long mate mateIn3 middlegame sacrifice,36,42,d3e4,False,0.09483812835914252,2,0.45993077754974365,h6g7,True,0.96875,True,-1,3,0.5205985000065994,
656,1689,crushing endgame fork short,105,17,e7f7,False,0.05485916817450396,4,0.25665444135665894,b5d4,True,0.9275000095367432,True,-1,2,11.673117900005309,
657,1640,endgame long mate mateIn3 rookEndgame,69,19,d2d3,False,0.36042673963427885,2,-0.13483189046382904,h5h4,True,0.9737499952316284,True,-1,3,0.6525697000033688,
658,1647,advantage capturingDefender endgame fork long,46,41,f4c7,True,0.4354286488364733,1,-0.1041199192404747,f4c7,True,0.9762499928474426,True,-1,3,16.809583800000837,
659,1618,crushing endgame fork master rookEndgame short,61,23,h4g4,False,0.016912871433322693,9,0.13465844094753265,e5e4,True,0.6875,True,-1,2,12.24450609998894,
660,1469,master mate mateIn1 middlegame oneMove,40,42,e6d8,False,0.30849487914279305,2,0.21531923115253448,e6g7,True,0.9574999809265137,True,-1,1,0.2672642999968957,
661,1787,advantage hangingPiece middlegame short,43,45,f7a2,True,0.9601371132817076,1,0.29924914240837097,f7a2,True,0.9962499737739563,True,-1,2,12.0105047999823,
662,1639,advantage fork long middlegame,65,35,d7e7,True,0.7322643147947671,1,-0.5239447951316833,d7e7,True,0.9900000095367432,True,-1,3,18.755389499972807,
663,1503,advantage endgame fork short,73,36,f4h4,True,0.4277189800501603,1,-0.5000184774398804,f4h4,True,0.9787499904632568,True,-1,2,11.812772900011623,
664,1815,capturingDefender crushing middlegame short,36,47,f5g6,False,0.11329029008289183,4,-0.4315272867679596,c3d5,True,0.9725000262260437,True,-1,2,11.98204989999067,
665,1676,endgame mate mateIn2 rookEndgame short,49,31,c5c4,False,0.0756523512518779,5,-0.19922061264514923,e2e1,True,0.9637500047683716,True,-1,2,0.4158332000079099,
666,1638,backRankMate endgame mate mateIn2 sacrifice short,56,30,f4e6,False,0.08726828334047092,3,-0.9722716808319092,c1c8,True,0.9637500047683716,True,-1,2,0.4035781999991741,
667,1683,advantage discoveredAttack middlegame short,36,45,b3c4,True,0.5363270549466562,1,0.6690711379051208,b3c4,True,0.9800000190734863,True,-1,2,12.042357600003015,
668,1887,endgame mate mateIn2 short,43,38,g5g4,False,0.0856913966683152,4,0.029714467003941536,f4e3,True,0.9599999785423279,True,-1,2,0.3677308000042103,
669,1495,advantage endgame hangingPiece short,73,31,h2c2,True,0.6938173783001103,1,0.6711651682853699,h2c2,True,0.981249988079071,True,-1,2,11.947450300009223,
670,1749,crushing endgame long skewer,67,35,h8h1,False,0.18373297466253896,2,-0.2576775550842285,h8h1,False,0.05624999850988388,False,0,1,6.461678899999242,
671,1689,fork mate mateIn2 middlegame short,53,34,c7c4,True,0.9172148932544789,1,0.5058342218399048,c7c4,True,0.9962499737739563,True,-1,2,0.17438849998870865,
672,1695,advantage fork middlegame short,48,29,h3g5,True,0.7739089617416036,1,-0.6888885498046875,h3g5,True,0.9925000071525574,True,-1,2,11.83030110000982,
673,1473,crushing endgame skewer veryLong,62,31,h2h7,True,0.4567532817556083,1,-0.2147788554430008,h2h7,True,0.9775000214576721,True,-1,4,25.115262399980566,
674,1502,crushing discoveredAttack discoveredCheck endgame master short,100,27,a6a5,False,0.2923171632463554,2,-0.17426417768001556,c4e6,True,0.9712499976158142,True,-1,2,12.426926199987065,
675,1606,master mate mateIn1 middlegame oneMove,48,48,h6a6,True,0.5568525694164971,1,0.14591334760189056,h6a6,True,0.9850000143051147,True,-1,1,0.10557729998254217,
676,1610,crushing endgame fork long,54,28,e5f6,False,0.181574619040473,2,-0.22511354088783264,f1f6,True,0.9549999833106995,True,-1,3,18.77162050001789,
677,1789,crushing fork intermezzo long middlegame pin,55,34,g7e5,False,0.06139936624229972,4,0.11793720722198486,d5d1,True,0.9362499713897705,True,-1,3,19.5885403000284,
678,1651,endgame mate mateIn1 oneMove,94,31,h2h3,False,0.1748239995001951,3,-0.6320123672485352,g3g4,True,0.9737499952316284,True,-1,1,0.16473140000016429,
679,1850,crushing deflection endgame pawnEndgame short,72,6,h4h5,True,0.5970073443473287,1,-0.44187432527542114,h4h5,True,0.9800000190734863,True,-1,2,14.191575400007423,
680,1736,advantage clearance long middlegame trappedPiece,46,46,a2a4,False,0.06345694700863352,5,-0.6055237650871277,g1h1,True,0.9537500143051147,True,-1,3,21.042980199999874,
681,1642,advantage deflection endgame master short,66,32,a1f1,False,0.008672433507264038,8,-0.6310238242149353,a1f6,False,0.0,False,0,1,7.566177400003653,
682,1751,crushing deflection endgame short,87,17,b2b4,True,0.839664058526156,1,-0.3561701774597168,b2b4,True,0.9912499785423279,True,-1,2,12.781780200020876,
683,1582,advantage fork long middlegame,32,45,e1e5,True,0.9277015085630885,1,0.02412303164601326,e1e5,True,0.9962499737739563,True,-1,3,18.522168099996634,
684,1547,mate mateIn1 oneMove opening,25,38,h4f2,True,0.7224427952107513,1,0.08693816512823105,h4f2,True,0.9900000095367432,True,-1,1,0.07953210000414401,
685,1801,mate mateIn2 middlegame pin queensideAttack short,44,32,h3d7,False,0.0025841976252507256,7,-0.2911815047264099,h3d7,False,0.0,False,0,1,6.503934600012144,
686,1571,attraction crushing endgame fork long sacrifice,61,30,c8b7,False,0.04483308187261512,6,-0.7816903591156006,c8c1,True,0.90625,True,-1,3,18.603728999994928,
687,1835,advantage attraction fork long middlegame sacrifice,64,47,f2f3,False,0.21569419986180477,3,-0.32964107394218445,d6c6,True,0.8450000286102295,True,-1,3,18.59789720000117,
688,1683,crushing kingsideAttack middlegame pin short,34,41,d5f6,True,0.48300619398482864,1,0.2826542258262634,d5f6,True,0.9649999737739563,True,-1,2,12.39212669999688,
689,1691,advantage exposedKing fork long middlegame,65,28,c3e3,True,0.7483551272042775,1,-0.07198457419872284,c3e3,True,0.987500011920929,True,-1,3,16.41720800002804,
690,1532,backRankMate long mate mateIn3 middlegame,32,41,a4b4,True,0.8112345470710857,1,-0.8561999201774597,a4b4,True,0.9937499761581421,True,-1,3,0.3198612999985926,
691,1706,clearance endgame mate mateIn2 sacrifice short,60,30,g3d3,False,0.06095445685220438,2,-0.48347008228302,g4f6,True,0.956250011920929,True,-1,2,0.4024740000022575,
692,1480,crushing endgame fork short,53,36,e8e4,False,0.21570506116178847,2,0.22901420295238495,g3d3,True,0.9775000214576721,True,-1,2,11.486342899996089,
693,1565,master mate mateIn1 middlegame oneMove pin,77,19,f4g3,False,0.002451987237881621,16,0.01704530231654644,h3g4,False,0.0,False,0,1,6.341040500003146,
694,1510,crushing long middlegame sacrifice,55,43,f3g3,False,0.12289964487703799,2,-0.6928520202636719,h5h3,True,0.9750000238418579,True,-1,3,14.535923699993873,
695,1677,crushing endgame fork short,74,36,a1a2,False,0.08292154190566468,5,-0.14622679352760315,c7d8,True,0.9662500023841858,True,-1,2,12.545496100006858,
696,1876,crushing endgame queenEndgame skewer veryLong,169,25,e1h1,True,0.48907721294631923,1,0.06320321559906006,h8h7,False,0.125,False,0,1,5.329871599999024,
697,1486,advantage attraction clearance long middlegame pin sacrifice,35,40,h4f6,False,0.011248583482035666,10,-0.8403118848800659,h4f6,False,0.38624998927116394,False,0,1,6.788777499983553,
698,1709,endgame fork mate mateIn2 short,69,36,g4d1,False,0.21088995997788446,2,0.29999443888664246,g4h3,True,0.9725000262260437,True,-1,2,0.4473664999823086,
699,1681,advantage discoveredAttack middlegame short,30,29,f3d4,True,0.7129902154728832,1,-0.1930721551179886,f3d4,True,0.9887499809265137,True,-1,2,11.827943200012669,
700,1710,advantage endgame fork master short,84,22,c2a2,False,0.28928186932188465,2,-0.3091431260108948,b4d5,True,0.9712499976158142,True,-1,2,12.833094000001438,
701,1501,endgame mate mateIn4 sacrifice veryLong,68,42,b3d3,False,0.00528335235507559,22,-0.1372661143541336,b3d1,False,0.0,False,0,1,6.781465599982766,
702,1698,backRankMate mate mateIn2 middlegame sacrifice short,57,44,f2h2,False,0.0017273156388734525,7,-0.6311960816383362,f2h2,False,0.0,False,0,1,6.190063799993368,
703,1488,advantage fork hangingPiece middlegame short,21,43,d4c4,True,0.8275033398126144,1,-0.4329216480255127,d4c4,True,0.9950000047683716,True,-1,2,12.26060020001023,
704,1465,bishopEndgame crushing endgame short skewer,84,14,h3g4,False,0.002831476629899382,6,-0.4583789110183716,e8f7,True,0.9337499737739563,True,-1,2,11.863581799989333,
705,1519,kingsideAttack mate mateIn2 middlegame short,32,40,d2g5,True,0.763943875144841,1,0.7801768183708191,d2g5,True,0.9862499833106995,True,-1,2,0.28763619999517687,
706,1888,advantage intermezzo kingsideAttack long middlegame pin,39,50,f5f4,False,0.015073930512268805,6,0.22024127840995789,d6h2,True,0.6112499833106995,True,-1,3,18.394805600022664,
707,1533,master mate mateIn2 middlegame short,37,43,f4g3,False,0.19499835873983687,2,-0.3878227472305298,f4h6,True,0.9775000214576721,True,-1,2,0.2516665000002831,
708,1595,crushing discoveredAttack hangingPiece middlegame short,49,24,e5f4,False,0.3877131517483253,2,-0.9796735048294067,f8c5,True,0.9837499856948853,True,-1,2,12.208260799990967,
709,1572,endgame mate mateIn1 oneMove,45,39,e4e1,False,0.21210149781220405,2,0.02905031479895115,e4g2,True,0.9637500047683716,True,-1,1,0.22365619998890907,
710,1630,endgame master mate mateIn2 short,75,39,c6h1,True,0.7753752974163393,1,-0.20396603643894196,c6h1,True,0.9912499785423279,True,-1,2,0.2919308000127785,
711,1772,advantage fork middlegame veryLong,52,37,e4d6,True,0.5352706985122795,1,-0.5794371366500854,e4d6,True,0.9825000166893005,True,-1,4,24.801896699995268,
712,1526,advantage fork middlegame sacrifice veryLong,49,42,f6h5,False,0.3529750658693895,2,-0.566047191619873,b8b3,True,0.9800000190734863,True,-1,4,21.50203989999136,
713,1788,kingsideAttack mate mateIn5 middlegame pin sacrifice veryLong,44,32,h5h7,True,0.7102498617263591,1,-0.9678599834442139,h5h7,True,0.9912499785423279,True,-1,5,1.8022973000188358,
714,1524,mate mateIn1 middlegame oneMove,83,26,h3g2,True,0.968005125854587,1,0.11835786700248718,h3g2,True,0.9975000023841858,True,-1,1,0.02467739998246543,
715,1812,crushing deflection fork long middlegame,40,29,d1d7,True,0.9658115792496135,1,-0.8190742135047913,d1d7,True,0.9975000023841858,True,-1,3,10.4812144000025,
716,1546,long master mate mateIn3 middlegame pin sacrifice,62,39,c6e6,False,0.000755145793746159,29,-0.21840599179267883,c4f7,False,0.0,False,0,1,6.432511099992553,
717,1540,crushing deflection long middlegame,50,38,f8f7,True,0.9050535151946586,1,-0.8957609534263611,f8f7,True,0.9962499737739563,True,-1,3,16.529277800000273,
718,1465,endgame mate mateIn2 rookEndgame short,69,21,d8d1,True,0.7014332770882046,1,0.04846230894327164,d8d1,True,0.9787499904632568,True,-1,2,0.2308058000053279,
719,1599,advancedPawn advantage endgame long sacrifice,76,14,c2b2,False,0.002921509197808134,10,-0.22597715258598328,a5a6,False,0.0,False,0,1,6.852947400009725,
720,1856,crushing defensiveMove endgame hangingPiece short,89,37,c2b1,True,0.8182496481020216,1,-0.35996097326278687,c2b1,True,0.9937499761581421,True,-1,2,7.768717899976764,
721,1531,advantage fork long middlegame,41,42,d7b7,False,0.18474727521542614,3,-0.4128565490245819,d7a4,True,0.9300000071525574,True,-1,3,18.18767789998674,
722,1739,advancedPawn advantage attraction endgame fork promotion veryLong,73,20,d2d1q,False,0.017551094473635637,3,-0.42041638493537903,b1h1,True,0.7099999785423279,True,-1,4,23.046633699996164,
723,1573,mate mateIn2 middlegame short,46,43,f4c7,True,0.5561188972932241,1,-0.6053907871246338,f4c7,True,0.9837499856948853,True,-1,2,0.18811980000464246,
724,1770,advantage deflection endgame long,84,25,c1c3,False,0.004375201173281802,16,-0.3211424648761749,e4g6,False,0.009999999776482582,False,0,1,6.187397000001511,
725,1748,crushing deflection long master middlegame,65,29,f7h5,True,0.18757896626430193,1,-0.6101957559585571,g8e8,False,0.16249999403953552,False,0,1,6.093851299985545,
726,1635,advantage middlegame pin short,48,33,c4e3,True,0.4003272468695584,1,-0.6503419876098633,c4e3,True,0.8899999856948853,True,-1,2,11.144863599998644,
727,1641,mate mateIn1 middlegame oneMove pin,55,45,f8g7,False,0.05945440877400258,4,-0.20725977420806885,f3h3,True,0.949999988079071,True,-1,1,0.25582990000839345,
728,1589,crushing fork middlegame short,60,34,f3e1,False,0.27141734231841913,2,-0.8318328261375427,c3c4,True,0.981249988079071,True,-1,2,12.966607500013197,
729,1499,mate mateIn1 morphysMate oneMove opening,24,40,e3c5,True,0.8148369279847385,1,0.56283038854599,e3c5,True,0.987500011920929,True,-1,1,0.127409999986412,
730,1821,advantage endgame fork veryLong,69,25,b4b2,True,0.9224605131820962,1,-0.5667420625686646,b4b2,True,0.9962499737739563,True,-1,4,26.080733600014355,
731,1670,mate mateIn2 middlegame sacrifice short,57,39,e3e2,False,0.05711079138770215,5,-0.3720972239971161,e3g1,True,0.9537500143051147,True,-1,2,0.35482520001824014,
732,1789,advantage clearance fork long middlegame sacrifice,42,39,g1e2,False,0.14127560118349788,3,-0.7964679598808289,c3d5,True,0.9350000023841858,True,-1,3,18.95287469998584,
733,1744,crushing fork long middlegame,59,33,b6d5,False,0.04999072137496698,7,-0.007786212954670191,b6d5,False,0.004999999888241291,False,0,1,7.1839671000197995,
734,1848,advancedPawn advantage endgame long promotion sacrifice,96,15,g2h3,False,0.005524915410239612,10,-0.8143201470375061,g2h3,False,0.0,False,0,1,6.390779899986228,
735,1757,advancedPawn attraction crushing endgame promotion short,99,51,f2f6,False,0.026926319079929175,9,0.4684801697731018,f2g1,True,0.8512499928474426,True,-1,2,14.058514200005447,
736,1639,crushing deflection long middlegame,52,36,h7g6,True,0.8770934588560305,1,0.34524834156036377,h7g6,True,0.9912499785423279,True,-1,3,17.944194999989122,
737,1542,endgame knightEndgame mate mateIn1 oneMove,66,17,c4e3,True,0.5462940007025617,1,-0.13992123305797577,c4e3,True,0.9800000190734863,True,-1,1,0.15260860000853427,
738,1666,crushing middlegame pin short,33,29,d8g5,False,0.27016896081032155,2,0.2902543246746063,g7h6,True,0.8374999761581421,True,-1,2,12.078710900008446,
739,1471,crushing middlegame sacrifice short,45,2,f5f7,True,0.7044100017265268,1,-0.661729097366333,f5f7,True,0.9887499809265137,True,-1,2,12.24943379999604,
740,1531,advantage endgame fork short,56,40,h4d4,True,0.6228037861072806,1,-0.5350687503814697,h4d4,True,0.9837499856948853,True,-1,2,12.11686139999074,
741,1691,advantage endgame hangingPiece long,54,2,a1a2,True,0.898734236171483,1,-0.5940378904342651,a1a2,True,0.9975000023841858,True,-1,3,19.79959979999694,
742,1653,advantage attraction fork long middlegame,59,31,e2e1,False,0.1650488785359927,3,-0.9246030449867249,e2d2,True,0.9712499976158142,True,-1,3,20.752660700003617,
743,1608,endgame mate mateIn2 short,65,25,f3g3,False,0.11349019130918801,4,0.03013460896909237,f3d1,True,0.9649999737739563,True,-1,2,0.6493116000201553,
744,1796,advantage discoveredAttack middlegame short,34,42,e4c5,False,0.30494093501096753,2,-0.29554417729377747,d3c4,True,0.9750000238418579,True,-1,2,13.801636899996083,
745,1639,crushing endgame hangingPiece short,88,15,d2d4,True,0.686920534024679,1,-0.8764604330062866,d2d4,True,0.9900000095367432,True,-1,2,12.76009540000814,
746,1652,endgame master masterVsMaster mate mateIn1 oneMove,102,25,e4e5,True,0.43378455990189624,1,0.26015588641166687,e4e5,True,0.9800000190734863,True,-1,1,0.18317799997748807,
747,1721,crushing fork middlegame short,52,26,e1c1,False,0.07498964736458581,3,-0.051317017525434494,a1c1,True,0.9362499713897705,True,-1,2,13.34990969998762,
748,1733,attackingF2F7 attraction crushing deflection discoveredAttack long middlegame,36,41,e5c4,False,0.00459754331401418,20,0.5295621752738953,h2f4,False,0.0,False,0,1,6.670574099989608,
749,1590,attraction kingsideAttack mate mateIn2 middlegame sacrifice short,33,47,b6f2,False,0.019960648949689488,8,-0.0427420437335968,e7d6,False,0.0012499999720603228,False,0,1,6.526154099992709,
750,1657,endgame epauletteMate mate mateIn1 oneMove queenEndgame,86,20,f8d6,False,0.25550016668212144,2,0.42031458020210266,f8e7,True,0.956250011920929,True,-1,1,0.294597399974009,
751,1646,endgame mate mateIn2 short,89,40,e3f4,False,0.11347313053880916,3,0.6553000211715698,e3e7,True,0.9399999976158142,True,-1,2,1.5659458999871276,
752,1622,endgame master mate mateIn1 oneMove,122,18,g6f6,False,0.049936295127626124,4,-0.6164855360984802,g6g3,True,0.9375,True,-1,1,0.3982778000063263,
753,1681,crushing fork master middlegame short,53,31,g7g6,False,0.3621848466701401,2,0.006095642223954201,d7g4,True,0.9537500143051147,True,-1,2,12.513413200009381,
754,1535,advantage long master middlegame pin sacrifice,37,34,f5d6,False,0.012291769747141806,8,0.0425221249461174,c8c4,True,0.4650000035762787,True,-1,3,18.86288390000118,
755,1679,advancedPawn crushing endgame long promotion rookEndgame sacrifice,99,24,a1a7,False,0.012385564177184477,4,0.5361326932907104,a1a7,False,0.0012499999720603228,False,0,1,6.444206399988616,
756,1598,crushing deflection endgame long pin,72,33,e7e8,True,0.9393374556933901,1,0.0066512953490018845,e7e8,True,0.9950000047683716,True,-1,3,19.82127230000333,
757,1766,advantage discoveredAttack kingsideAttack middlegame short,41,43,e8d8,False,0.00408777516608154,14,-0.28719860315322876,a5b6,False,0.0,False,0,1,7.009956499998225,
758,1555,advantage hangingPiece middlegame short,44,38,d1d4,True,0.5250084829150863,1,-0.1461033672094345,d1d4,True,0.9837499856948853,True,-1,2,14.692399999999907,
759,1729,attraction endgame mate mateIn2 pin sacrifice short,97,33,f3g4,False,0.00011150535824537496,19,0.24761933088302612,f3g4,False,0.0,False,0,1,6.696655899984762,
760,1752,advantage deflection discoveredAttack long middlegame,29,33,b7a8,False,0.31492459681678064,2,-0.8737441301345825,e5f3,True,0.9662500023841858,True,-1,3,18.29929749999428,
761,1713,advancedPawn advantage endgame hangingPiece long promotion,98,2,e2f3,True,0.8439418324742761,1,-0.4820263981819153,e2f3,True,0.9950000047683716,True,-1,3,17.711140800005523,
762,1613,advancedPawn fork master mate mateIn2 middlegame short,57,29,h3g2,True,0.5680553707700794,1,-0.05751071497797966,h3g2,True,0.9887499809265137,True,-1,2,0.5530753000057302,
763,1489,crushing discoveredAttack discoveredCheck endgame rookEndgame short,53,18,d5e4,True,0.8256665443171379,1,-0.31021663546562195,d5e4,True,0.9937499761581421,True,-1,2,12.741638500010595,
764,1700,epauletteMate mate mateIn1 middlegame oneMove pin,62,35,d6c8,False,0.006363947154836811,21,-0.9148495197296143,d6c8,False,0.0,False,0,1,1.6081554999982473,
765,1598,advantage discoveredAttack middlegame short,37,31,d7e5,True,0.3016954330969014,1,-0.6184277534484863,d7e5,True,0.9787499904632568,True,-1,2,13.82420900001307,
766,1839,attraction crushing endgame long,56,37,h2h7,True,0.4152477618671351,1,0.3425320088863373,h2h7,True,0.9587500095367432,True,-1,3,19.21962409999105,
767,1823,advantage middlegame short skewer,37,37,c8g4,True,0.563097858729973,1,-0.714765727519989,c8g4,True,0.9775000214576721,True,-1,2,13.831534800003283,
768,1636,advantage capturingDefender endgame pin short,53,35,b6c5,False,0.0038043126060425475,10,-0.413067102432251,d7d5,False,0.0,False,0,1,6.815621600020677,
769,1572,kingsideAttack mate mateIn2 middlegame pin sacrifice short,28,46,c4d5,False,0.0007386660790859148,27,-0.4923863708972931,f3e3,False,0.0,False,0,1,7.289504500018666,
770,1561,endgame mate mateIn2 pin short,54,40,e4e5,False,0.07253124184674052,2,-0.21371322870254517,e4g6,True,0.9574999809265137,True,-1,2,0.4845690999936778,
771,1888,exposedKing long mate mateIn3 middlegame sacrifice xRayAttack,58,52,g5h6,False,0.22671746234797063,2,0.16778014600276947,c1c8,True,0.9087499976158142,True,-1,3,2.5989717000047676,
772,1528,mate mateIn2 middlegame pin short,53,45,g4f4,False,0.019926162377722625,5,-0.7751217484474182,g4h3,True,0.7662500143051147,False,2,2,1.6510390000184998,
773,1541,advantage hangingPiece long middlegame,30,46,e2e4,True,0.8165782185275758,1,-0.0684485211968422,e2e4,True,0.9925000071525574,True,-1,3,19.810019600001397,
774,1594,attraction crushing deflection endgame exposedKing long sacrifice,62,23,f7f6,False,0.07221143174645682,5,-0.008616285398602486,f7e7,True,0.9512500166893005,True,-1,3,17.377625799999805,
775,1829,attraction mate mateIn2 middlegame sacrifice short,61,24,g7g2,False,0.0003870827553631427,18,-0.4099356532096863,g7g2,False,0.0,False,0,1,6.180334800010314,
776,1727,advantage fork intermezzo opening short,24,45,b5c7,True,0.5688789169364206,1,-0.06261403858661652,b5c7,True,0.9762499928474426,True,-1,2,13.4872703999863,
777,1766,crushing endgame skewer veryLong,46,22,f3f7,True,0.9172520867750151,1,-0.9352204203605652,f3f7,True,0.9950000047683716,True,-1,5,32.3135437000019,
778,1649,crushing endgame pin short,85,23,e5d3,False,0.10413921596022542,3,-0.2513464391231537,e5c6,True,0.9624999761581421,True,-1,2,13.755273499991745,
779,1483,advantage deflection endgame rookEndgame short,107,18,h1h2,True,0.8214750227230703,1,0.2086877077817917,h1h2,True,0.9300000071525574,True,-1,2,13.839900499995565,
780,1716,crushing fork long middlegame,40,28,d1d5,False,0.2019943080228779,2,0.6645991802215576,f5f6,True,0.949999988079071,True,-1,3,20.969713400001638,
781,1528,advantage kingsideAttack long middlegame sacrifice,42,32,a1e1,False,0.01801095016568879,6,-0.5092521905899048,a1e1,False,0.33125001192092896,False,0,1,5.476154000003589,
782,1776,advantage fork middlegame short,28,38,c4c5,True,0.6766493580272926,1,0.22014978528022766,c4c5,True,0.9900000095367432,True,-1,2,8.978746200009482,
783,1709,crushing endgame rookEndgame short skewer,83,14,g2g3,True,0.40584922560734016,1,-0.11318675428628922,g2g3,True,0.9700000286102295,True,-1,2,13.43998670001747,
784,1484,crushing fork long middlegame,41,30,b6f2,True,0.6634849295216975,1,-0.6735279560089111,b6f2,True,0.9887499809265137,True,-1,3,18.47034609998809,
785,1464,crushing discoveredCheck doubleCheck kingsideAttack middlegame short,28,40,f7h6,True,0.9410679950220109,1,-0.07144629955291748,f7h6,True,0.9962499737739563,True,-1,2,14.317090600001393,
786,1736,advantage attraction fork long middlegame,65,35,f8f1,True,0.6015929381542228,1,-0.4733107388019562,f8f1,True,0.9775000214576721,True,-1,3,20.230232700007036,
787,1835,crushing endgame short skewer,57,39,g7h6,True,0.3490604490674395,1,0.029008207842707634,g7h6,True,0.8687499761581421,True,-1,2,13.640103899990208,
788,1719,advantage endgame fork long,80,23,e6e7,True,0.45562882886881806,1,-0.054901931434869766,e6e7,True,0.9712499976158142,True,-1,3,20.432806800003164,
789,1762,advantage fork middlegame sacrifice veryLong,44,39,f2f7,True,0.8604037584489002,1,-0.5048537254333496,f2f7,True,0.981249988079071,False,2,2,13.876366400014376,
790,1580,crushing deflection exposedKing long middlegame,54,39,d3g6,True,0.4837182394548361,1,-0.5040764808654785,d3g6,True,0.9825000166893005,True,-1,3,19.802347199991345,
791,1581,endgame mate mateIn2 short,92,30,c6e8,False,0.008512158199389459,8,0.31889426708221436,c6e8,False,0.0,False,0,1,6.714099200005876,
792,1795,equality middlegame pin short,30,36,d1b1,True,0.7071703582586252,1,-0.8604808449745178,d1b1,True,0.981249988079071,True,-1,2,13.198369299992919,
793,1739,advantage discoveredAttack discoveredCheck master middlegame pin short,61,47,c6e5,True,0.773462575933781,1,-0.5193722248077393,c6e5,True,0.9900000095367432,True,-1,2,13.4845098000078,
794,1471,attraction endgame mate mateIn2 sacrifice short,42,29,f3h3,False,0.00040329290427393863,25,0.19420471787452698,f3h3,False,0.0,False,0,1,6.170768099982524,
795,1862,attraction endgame long mate mateIn3 sacrifice,61,37,g5e5,False,0.07754848763205224,4,0.17840167880058289,d8d1,True,0.9574999809265137,False,2,2,9.272000999975717,
796,1581,attraction mate mateIn4 middlegame sacrifice veryLong,50,43,b3c5,False,0.02953334132470831,4,0.34112805128097534,d5b7,False,0.008750000037252903,False,0,1,6.194442300009541,
797,1676,endgame mate mateIn2 short,73,28,e2g3,False,0.2210118841564915,2,-0.025673117488622665,g6b1,True,0.9649999737739563,True,-1,2,0.35174600000027567,
798,1455,crushing master middlegame pin short,81,40,g6e4,False,0.20186861524450941,2,0.1428045630455017,e5d4,True,0.9474999904632568,True,-1,2,8.973935100017115,
799,1837,crushing deflection middlegame veryLong,56,30,f3f6,True,0.534073688768417,1,0.8247068524360657,f3f6,True,0.949999988079071,True,-1,4,24.75642020002124,
800,1736,endgame fork mate mateIn4 sacrifice veryLong,67,28,e4f2,True,0.3555522629781363,1,-0.9919443130493164,e4f2,True,0.9700000286102295,True,-1,4,1.9166166999784764,
801,1513,kingsideAttack mate mateIn2 middlegame short,37,35,b2a1,False,0.1871631481677232,2,-0.5688230991363525,b2c1,True,0.9737499952316284,True,-1,2,0.26473120000446215,
802,1484,advantage hangingPiece middlegame short,58,43,c1a3,True,0.9971458112751808,1,0.29379770159721375,c1a3,True,0.9987499713897705,True,-1,2,13.960177500004647,
803,1450,crushing endgame fork short,80,36,e5e6,False,0.06561663444128892,5,-0.21937882900238037,b6b1,True,0.9574999809265137,True,-1,2,14.32753809998394,
804,1842,crushing fork opening veryLong,35,43,d8c8,False,0.3639648448643341,2,-0.8594701886177063,f5f2,True,0.9750000238418579,True,-1,4,22.797762000001967,
805,1750,attraction crushing deflection fork middlegame sacrifice veryLong,66,37,a4h4,False,0.28871965597548754,2,-0.7255949974060059,g6h6,True,0.96875,True,-1,6,39.360052999982145,
806,1768,attraction long mate mateIn3 middlegame queensideAttack sacrifice,43,37,a5e1,False,0.13280537707972162,3,-0.5801039338111877,d8d1,True,0.8274999856948853,True,-1,3,1.3818675999937113,
807,1851,crushing endgame long master pin sacrifice,46,31,e8d8,False,0.03325781507998228,7,-0.65232914686203,e8d8,False,0.26499998569488525,False,0,1,7.030368200008525,
808,1593,mate mateIn2 middlegame sacrifice short,68,42,e3e6,False,0.35876181840606874,2,-0.30200904607772827,g1g6,True,0.9800000190734863,True,-1,2,0.3785755999851972,
809,1451,kingsideAttack mate mateIn1 middlegame oneMove pin,62,31,g4h6,True,0.49595052086238,1,-0.04132239893078804,g4h6,True,0.9837499856948853,True,-1,1,0.12373609998030588,
810,1580,crushing fork intermezzo long middlegame pin sacrifice,43,39,e5e4,False,0.08921694819597084,2,-0.6519826650619507,g8g2,True,0.9624999761581421,True,-1,3,15.404739899997367,
811,1556,attraction crushing endgame sacrifice veryLong,68,43,h3h7,True,0.39775698863362324,1,-0.48661813139915466,h3h7,True,0.9850000143051147,True,-1,4,23.776207999995677,
812,1521,crushing endgame long skewer,79,26,a8a2,True,0.6342392153099728,1,-0.11269909143447876,a8a2,True,0.9862499833106995,True,-1,3,20.79313610002282,
813,1643,advantage hangingPiece long opening,15,36,e6c4,True,0.9996785007235863,1,0.45616111159324646,e6c4,True,0.9987499713897705,True,-1,3,18.201037600025302,
814,1591,endgame mate mateIn2 short,40,29,f3f4,True,0.36807975683147426,1,-0.16542752087116241,f3f4,True,0.9787499904632568,True,-1,2,0.389863599993987,
815,1879,crushing hangingPiece middlegame short,44,43,h6f8,True,0.9023480725330975,1,0.013611774891614914,h6f8,True,0.9962499737739563,True,-1,2,13.475424500007648,
816,1665,fork mate mateIn2 middlegame short,73,17,e2c1,False,0.24457264310289392,2,-0.25456321239471436,d3e4,True,0.9725000262260437,True,-1,2,0.7479344000166748,
817,1527,crushing hangingPiece master masterVsMaster middlegame short superGM,28,44,c1c2,False,0.3255875605487355,2,0.20623864233493805,e3c5,True,0.9387500286102295,True,-1,2,12.749441499996465,
818,1504,long mate mateIn3 middlegame pin,75,45,b8f8,False,0.01406419791236394,10,-0.8993450403213501,b8b2,False,0.0012499999720603228,False,0,1,6.2546541999909095,
819,1579,advantage hangingPiece intermezzo middlegame short,35,25,b8d8,False,0.37214968112939506,2,0.08430737257003784,e5f3,True,0.9737499952316284,True,-1,2,12.942328100005398,
820,1770,crushing deflection endgame master queenEndgame short,68,24,e3f4,False,7.92264609543183e-05,23,-0.09681195020675659,e3f4,False,0.0,False,0,1,6.58064739999827,
821,1743,attraction crushing endgame fork long,66,26,h1c1,False,0.2601057576672425,2,-0.023478319868445396,h1h7,True,0.9775000214576721,True,-1,3,18.550835099973483,
822,1532,advancedPawn discoveredCheck doubleCheck endgame long mate mateIn3 promotion sacrifice,51,39,d5a5,False,0.06900535970404091,4,0.6402909755706787,c2c3,False,0.008750000037252903,False,0,1,6.86268900000141,
823,1626,advantage endgame fork short,61,39,b2c1,False,0.11239763561941003,3,0.3377116024494171,b2b1,True,0.96875,True,-1,2,12.269006699993042,
824,1483,crushing deflection middlegame short,59,39,c7c5,False,0.0008365198416132558,7,0.20591455698013306,c7d7,False,0.0,False,0,1,6.858519500005059,
825,1566,hangingPiece kingsideAttack mate mateIn1 middlegame oneMove,43,40,e2f1,True,0.8709608698769763,1,0.7811704277992249,e2f1,True,0.9937499761581421,True,-1,1,0.0676785999967251,
826,1813,advantage exposedKing long middlegame sacrifice,31,40,b6d4,True,0.8348118169650135,1,0.8119838833808899,b6d4,True,0.9887499809265137,True,-1,3,20.57891740000923,
827,1463,backRankMate long mate mateIn3 middlegame sacrifice,53,47,f4d2,False,0.0004670190981028566,33,-0.6494555473327637,f4e3,False,0.0,False,0,1,7.032315400021616,
828,1570,crushing discoveredAttack endgame short,56,41,e7e5,False,0.02344792347506454,9,0.3379141092300415,e7e5,False,0.2775000035762787,False,0,1,6.519409200001974,
829,1647,mate mateIn2 middlegame short,58,43,g4g5,False,0.08752173991237025,2,0.16012117266654968,g4d4,True,0.9200000166893005,True,-1,2,0.6595553000224754,
830,1638,advantage endgame long pin,42,34,e7d7,True,0.6973353799145532,1,-0.2618136405944824,e7d7,True,0.9862499833106995,True,-1,3,21.398554299987154,
831,1634,dovetailMate mate mateIn2 middlegame sacrifice short,52,43,d4d5,False,0.011647669228202935,11,-0.9601616263389587,f1f7,True,0.4325000047683716,True,-1,2,4.274718499975279,
832,1676,advantage deflection middlegame short,49,45,d8d2,True,0.3373001536595945,1,-0.8201456069946289,d8d2,True,0.9725000262260437,True,-1,2,12.90630980001879,
833,1504,endgame master mate mateIn1 oneMove rookEndgame,121,12,g5f5,False,0.041819325265167163,4,0.020709814503788948,g5h5,True,0.9237499833106995,True,-1,1,0.6406958999868948,
834,1584,long mate mateIn3 middlegame sacrifice,26,44,e5d6,False,0.0975108402096445,4,-0.6512727737426758,f3f8,True,0.8612499833106995,True,-1,3,1.4221266999957152,
835,1822,crushing endgame long pawnEndgame sacrifice,86,8,b5b6,True,0.3000067574899448,1,-0.225726917386055,f1g2,False,0.03375000134110451,False,0,1,5.98383450001711,
836,1677,endgame long mate mateIn3 operaMate sacrifice,45,31,a6f1,False,0.0024011294218553624,14,0.006156961899250746,a6f1,False,0.0,False,0,1,2.6318701000127476,
837,1467,advantage capturingDefender endgame short,51,34,e2b2,False,0.0007208235763614349,10,-0.39757442474365234,e2e4,False,0.0,False,0,1,5.711253899993608,
838,1835,crushing deflection endgame long master,74,21,f7g7,True,0.9225544841103133,1,-0.3768479526042938,f7g7,True,0.9962499737739563,True,-1,3,16.581909500004258,
839,1781,crushing fork long opening,32,50,d5c7,False,0.08834231400045074,3,-0.23188932240009308,c3g7,True,0.96875,True,-1,3,17.928895500022918,
840,1889,advantage interference intermezzo middlegame short,35,47,c6d4,True,0.3868698203818707,1,-0.3537425398826599,c6d4,True,0.9599999785423279,True,-1,2,12.368882700015092,
841,1714,kingsideAttack mate mateIn2 middlegame pin sacrifice short,22,47,b1c3,False,5.473024740573398e-05,38,-0.4809629023075104,b1c3,False,0.0,False,0,1,6.1471242000116035,
842,1500,crushing endgame master masterVsMaster pin short,57,34,h7h5,False,0.09336575488685844,3,-0.013845526613295078,e8e2,True,0.8737499713897705,True,-1,2,7.868501700024353,
843,1726,long mate mateIn3 middlegame pin,64,19,e2d2,False,0.04203281357331279,10,-0.9992003440856934,a4b3,True,0.8774999976158142,False,4,3,1.4349638000130653,
844,1759,advantage fork long middlegame,46,34,h4f5,False,0.24357930653229207,2,-0.222196564078331,f1f4,True,0.9712499976158142,True,-1,3,19.19520710001234,
845,1592,advantage endgame hangingPiece master short,72,24,f6g7,True,0.929951288624595,1,0.2996253967285156,f6g7,True,0.9950000047683716,True,-1,2,1.1044350999873132,
846,1819,endgame mate mateIn2 pin short,74,31,d4d5,False,0.0035041393468342964,19,-0.9099501371383667,c5c6,True,0.9649999737739563,True,-1,2,0.6130452000070363,
847,1717,advantage deflection endgame short,71,32,d2d5,False,0.010569365637222052,11,-0.5034425854682922,d2e2,False,0.30375000834465027,False,0,1,6.4496369999833405,
848,1631,advantage discoveredAttack middlegame short,41,50,c2e1,False,0.07208388149872637,5,0.22577396035194397,c2e3,True,0.8399999737739563,True,-1,2,12.587906199973077,
849,1898,advantage attackingF2F7 attraction discoveredAttack long middlegame sacrifice,20,36,a1b1,False,0.02064201659975692,7,0.3099341094493866,h2h3,False,0.007499999832361937,False,0,1,6.320784899988212,
850,1464,crushing discoveredAttack endgame rookEndgame short,122,18,h4h6,False,0.008643183274435758,12,-0.1895357370376587,h4h6,False,0.0,False,0,1,5.796048299991526,
851,1526,advantage discoveredAttack discoveredCheck endgame long pin skewer,56,32,g5c5,False,0.07318742145262691,3,-0.8150270581245422,e3f5,True,0.9437500238418579,True,-1,3,18.039887199993245,
852,1542,attraction crushing kingsideAttack long opening sacrifice,24,44,f3g5,False,0.0197194387206927,5,0.29343995451927185,d3h7,True,0.7012500166893005,True,-1,3,12.313510300009511,
853,1524,advancedPawn crushing deflection endgame promotion short,95,18,c3a2,False,0.043424923897242416,6,-0.06768328696489334,d4d3,True,0.9300000071525574,True,-1,2,12.020789600006538,
854,1693,advantage middlegame short trappedPiece,74,35,f4g3,True,0.5142537235967528,1,-0.9515653252601624,f4g3,True,0.981249988079071,True,-1,2,12.481999699986773,
855,1773,hangingPiece kingsideAttack long master mate mateIn3 middlegame smotheredMate,39,39,a1f1,True,0.9950059024521151,1,0.2286854237318039,a1f1,True,0.9987499713897705,True,-1,3,1.1813306999974884,
856,1878,advancedPawn crushing deflection middlegame promotion short,69,4,b6c7,True,0.8721075417233813,1,-0.9304354786872864,b6c7,True,0.9950000047683716,True,-1,2,11.713219600002049,
857,1762,arabianMate kingsideAttack long mate mateIn3 middlegame,41,44,h3f5,False,0.24197913363496884,2,-0.9281225204467773,e5f3,True,0.9787499904632568,True,-1,3,0.6142310000141151,
858,1863,attraction crushing long middlegame queensideAttack,50,34,d1d8,True,0.7100904231913082,1,-0.9845495820045471,d1d8,True,0.9887499809265137,True,-1,3,9.782700700015994,
859,1495,kingsideAttack mate mateIn2 middlegame short,53,42,g8g3,True,0.6991865708761548,1,-0.09497672319412231,g8g3,True,0.9887499809265137,True,-1,2,0.2713600000133738,
860,1751,mate mateIn2 middlegame operaMate pillsburysMate sacrifice short,64,51,c1a1,False,0.0035984482730707194,15,0.7283188700675964,d4e3,False,0.0,False,0,1,6.8299508999916725,
861,1517,crushing discoveredAttack endgame short,84,18,a5a6,False,0.03588990799193888,5,-0.3763125538825989,d7e5,True,0.9075000286102295,True,-1,2,14.035300299990922,
862,1827,deflection endgame equality long,87,20,e7c7,False,0.003921291416874702,7,-0.8907153606414795,e7c7,False,0.0,False,0,1,6.262205399980303,
863,1503,advantage endgame fork long sacrifice,61,6,g8h7,False,0.0357672575026502,3,-0.5237467288970947,d8d5,True,0.6262500286102295,True,-1,3,19.692284800024936,
864,1537,crushing endgame fork short,55,39,f8d8,False,0.28818368847359416,2,-0.05044977739453316,g5d5,True,0.96875,True,-1,2,13.821368799981428,
865,1503,advantage endgame exposedKing long master pin superGM,64,33,g7g8,True,0.6272672113491554,1,0.24672828614711761,g7g8,True,0.9850000143051147,True,-1,3,16.012499600008596,
866,1589,endgame mate mateIn2 short,58,26,b8b7,True,0.9165188457367339,1,0.26500818133354187,b8b7,True,0.9937499761581421,True,-1,2,0.2586128999828361,
867,1800,endgame mate mateIn2 sacrifice short,57,31,f2f3,False,0.09565527984666093,3,-0.1525929570198059,f2h2,True,0.9725000262260437,True,-1,2,0.40092789998743683,
868,1540,advantage fork opening short,21,34,d8a5,True,0.7522455013941539,1,0.034145135432481766,d8a5,True,0.9887499809265137,True,-1,2,13.587984499987215,
869,1573,crushing deflection endgame long,51,42,g4g2,True,0.6774408641132897,1,0.3818173408508301,g4g2,True,0.9800000190734863,True,-1,3,7.94644870000775,
870,1811,advancedPawn advantage deflection endgame master pin promotion rookEndgame short,84,24,a6f6,False,0.007668491914078437,11,0.330532968044281,a6f6,False,0.0,False,0,1,6.804048699996201,
871,1796,advantage defensiveMove hangingPiece middlegame short,29,2,d8c7,True,0.9984342759604333,1,-0.6387444138526917,d8c7,True,1.0,True,-1,2,13.777987699984806,
872,1764,advantage hangingPiece middlegame veryLong,46,2,c1c2,True,0.9708775494394777,1,-0.052101295441389084,c1c2,True,0.9987499713897705,True,-1,4,27.237916100013535,
873,1793,advantage discoveredAttack middlegame short,35,37,a6a5,False,0.08000238557755084,5,-0.6970311999320984,f6g4,True,0.9587500095367432,True,-1,2,14.164324699988356,
874,1748,crushing master middlegame pin short,60,47,a1e1,False,0.16924250075598138,2,0.05196360871195793,a1e1,False,0.054999999701976776,False,0,1,6.963187200017273,
875,1464,crushing fork middlegame short,62,41,g4f5,False,0.4120668968561604,2,-0.36343589425086975,g4b4,True,0.981249988079071,True,-1,2,12.558748499985086,
876,1633,advantage fork master middlegame short,40,37,f3g4,True,0.4401793700070307,1,-0.16684384644031525,f3g4,True,0.84375,True,-1,2,12.776824400003534,
877,1704,crushing long middlegame pin,48,57,e3d4,False,0.2886975049691709,2,0.1078362762928009,e3h6,True,0.96875,True,-1,3,6.923213100002613,
878,1582,advantage endgame fork long sacrifice,48,28,d5d8,False,0.007816718408838097,6,0.14606551826000214,d5d8,False,0.0,False,0,1,6.7856674999929965,
879,1709,advantage attraction middlegame short,40,41,h1g1,False,0.011385383061856292,6,-0.2585562765598297,h1g1,False,0.38499999046325684,False,0,1,6.726667999988422,
880,1863,advantage discoveredAttack middlegame short,49,29,e7f8,False,0.11303327473686935,3,0.08154819160699844,c8h3,True,0.9674999713897705,True,-1,2,13.1370093000005,
881,1736,attraction kingsideAttack long mate mateIn3 middlegame sacrifice,41,54,e6h3,False,0.027624276900927634,2,-0.17891445755958557,h6h1,True,0.5112500190734863,True,-1,3,2.9789938000030816,
882,1612,crushing defensiveMove endgame hangingPiece knightEndgame short,91,12,c5d6,True,0.9371361087921092,1,0.04626839607954025,c5d6,True,0.9962499737739563,True,-1,2,13.52079209999647,
883,1660,advantage hangingPiece middlegame short,33,49,d8b6,True,0.32097409891800527,1,-0.4459119141101837,d8b6,True,0.9637500047683716,True,-1,2,14.318823500012513,
884,1614,crushing endgame fork master short skewer,71,26,f3c3,True,0.8165521151453153,1,-0.6345551609992981,f3c3,True,0.9950000047683716,True,-1,2,13.529777600022499,
885,1506,crushing long middlegame pin,39,35,f8f6,True,0.5629132675607051,1,-0.4776290953159332,f8f6,True,0.9850000143051147,True,-1,3,20.79461439998704,
886,1713,advantage fork long opening,11,38,a6a5,False,0.2244004266555255,2,-0.07320857793092728,d8f6,True,0.9537500143051147,True,-1,3,20.545057199982693,
887,1478,endgame master mate mateIn1 oneMove queenEndgame,77,20,e5e4,False,0.3150133722164695,2,0.08122622966766357,f4h4,True,0.9624999761581421,True,-1,1,0.26817720002145506,
888,1578,endgame mate mateIn2 short,69,35,h4e1,True,0.8000511808291324,1,0.8475363850593567,h4e1,True,0.9937499761581421,True,-1,2,0.3976138000143692,
889,1670,attraction long master mate mateIn3 middlegame pillsburysMate sacrifice,50,51,h3d7,False,0.01549996216685795,9,0.49415484070777893,a7a8,False,0.0037499999161809683,False,0,1,6.9123729999992065,
890,1472,advantage endgame fork long master,49,33,e5d4,False,0.10989181102743312,3,-0.629834771156311,e2e1,True,0.7737500071525574,True,-1,3,15.987529900012305,
891,1471,attraction crushing fork long middlegame sacrifice,45,37,f4g6,False,0.0003296322987836851,11,0.19208374619483948,c8d8,False,0.0,False,0,1,6.331894500006456,
892,1654,advantage endgame fork short,87,33,e5e4,True,0.2638396424405498,1,-0.7381312251091003,e5e4,True,0.9775000214576721,True,-1,2,10.932619200000772,
893,1491,advantage clearance exposedKing fork long middlegame,44,27,f2e4,True,0.7297077725641368,1,-0.8582985401153564,f2e4,True,0.9887499809265137,True,-1,3,18.23107660000096,
894,1572,advantage opening short trappedPiece,28,32,f7b7,True,0.5954752049323171,1,0.043865010142326355,f7b7,True,0.9850000143051147,True,-1,2,12.902874699997483,
895,1698,advantage fork middlegame sacrifice veryLong,45,39,e8e5,False,0.06378150069987133,4,-0.3035634756088257,e4g3,True,0.9287499785423279,True,-1,4,26.635475300019607,
896,1504,clearance deflection fork long mate mateIn3 middlegame sacrifice,36,49,g3f3,False,0.0046814521896016295,9,-0.37863925099372864,g3f3,False,0.0,False,0,1,6.591407899977639,
897,1543,advantage endgame long skewer,48,40,a5a6,False,0.19038862863718722,2,-0.25611284375190735,f1f8,True,0.9674999713897705,True,-1,3,20.08978399998159,
898,1573,crushing deflection endgame rookEndgame short,77,24,d6c6,False,0.011109821607627933,6,-0.5913940072059631,d6c6,False,0.3425000011920929,False,0,1,7.0926900999911595,
899,1549,advantage discoveredAttack kingsideAttack long middlegame,41,44,f7e6,False,0.2615981583876521,2,-0.33797135949134827,f4h2,True,0.9725000262260437,True,-1,3,18.190047900017817,
900,1811,advantage middlegame pin short,58,35,g7c7,True,0.34739760294528266,1,-0.5780061483383179,g7c7,True,0.8662499785423279,True,-1,2,12.195698999974411,
901,1839,clearance crushing exposedKing kingsideAttack long middlegame pin,52,45,f7g6,True,0.5302732747011727,1,0.17360733449459076,f7g6,True,0.9800000190734863,True,-1,3,12.704712400009157,
902,1727,advantage long middlegame trappedPiece,23,30,c7c5,True,0.6122692694395909,1,0.024767881259322166,c7c5,True,0.9662500023841858,True,-1,3,19.459470800007693,
903,1505,advantage fork middlegame short,31,37,f8f3,True,0.3569899921683174,1,0.05774460732936859,f8f3,True,0.9762499928474426,True,-1,2,12.281958700012183,
904,1746,advantage fork middlegame short,77,48,c7c2,True,0.780874693834971,1,0.29758939146995544,c7c2,True,0.9937499761581421,True,-1,2,10.64824390001013,
905,1514,advantage attackingF2F7 deflection opening short,11,47,d8f6,False,0.02270585300690279,4,-0.08450890332460403,c5f2,True,0.8037499785423279,True,-1,2,13.04253730000346,
906,1545,crushing deflection endgame short skewer,107,24,c8d8,True,0.48523172997034225,1,-0.7579178214073181,c8d8,True,0.9412500262260437,True,-1,2,12.61736689999816,
907,1757,endgame mate mateIn2 queenEndgame short,89,19,c3e1,True,0.5093004842438521,1,0.23259425163269043,c3e1,True,0.9787499904632568,True,-1,2,0.4498096000170335,
908,1749,crushing defensiveMove hangingPiece long middlegame,28,35,b1c3,False,0.12247780441469702,4,0.37107837200164795,d4c5,True,0.9599999785423279,True,-1,3,19.38497399998596,
909,1811,advantage capturingDefender fork long middlegame pin,43,48,e7h4,True,0.32926908017012124,1,-0.38541609048843384,e7h4,True,0.96875,True,-1,3,15.954835200012894,
910,1524,endgame mate mateIn2 short,68,27,f7e8,True,0.9301443966562386,1,-0.052317094057798386,f7e8,True,0.9975000023841858,True,-1,2,0.2530224999936763,
911,1593,advantage fork middlegame short,48,39,g5e6,False,0.25542157064823834,2,0.5473212599754333,g5f7,True,0.96875,True,-1,2,12.253804999985732,
912,1647,crushing long middlegame trappedPiece,41,51,d7e6,False,0.08007364903158651,3,0.40373295545578003,d7e6,False,0.008750000037252903,False,0,1,7.264749699999811,
913,1657,advantage middlegame pin short,60,47,d2h6,True,0.7288245791394392,1,0.29356271028518677,d2h6,True,0.9825000166893005,True,-1,2,8.675027299992507,
914,1701,mate mateIn1 middlegame oneMove operaMate,50,44,f1f8,True,0.4003491887999846,1,0.03622521832585335,f1f8,True,0.981249988079071,True,-1,1,0.16283059999113902,
915,1508,endgame hangingPiece mate mateIn2 short,59,30,d1f3,True,0.6772028442312054,1,-0.1529698669910431,d1f3,True,0.9887499809265137,True,-1,2,0.2618967000162229,
916,1817,advancedPawn attraction crushing endgame long promotion,67,31,d3d2,True,0.5090735297340434,1,0.3472104072570801,c4b5,False,0.22499999403953552,False,0,1,6.519087900000159,
917,1541,crushing middlegame short trappedPiece,30,41,c1g5,True,0.5077631441408077,1,0.22272734344005585,c1g5,True,0.96875,True,-1,2,14.216510900005233,
918,1814,advantage endgame fork long quietMove,53,23,c3d4,False,0.04926379000446542,4,-0.7685569524765015,b8d8,True,0.9287499785423279,True,-1,3,20.23285189998569,
919,1532,capturingDefender crushing opening short,25,37,d8d4,True,0.9012185669040463,1,-0.048310574144124985,d8d4,True,0.9950000047683716,True,-1,2,13.809465000027558,
920,1832,advantage long middlegame sacrifice,36,43,d1c1,False,0.10751222756855663,2,0.24945928156375885,c3e4,True,0.9137499928474426,True,-1,3,20.176529599993955,
921,1782,attraction crushing endgame knightEndgame long,83,12,e5d4,True,0.7569061052328767,1,0.013960383832454681,e5d4,True,0.987500011920929,True,-1,3,19.593797199981054,
922,1840,crushing hangingPiece long middlegame,31,48,d8d3,True,0.5623399049156468,1,0.551607072353363,d8d3,True,0.9837499856948853,True,-1,3,20.852012299990747,
923,1742,advancedPawn advantage attraction deflection endgame exposedKing long,70,20,c2c3,False,0.11053502692103778,3,0.3274237811565399,e5e6,True,0.9350000023841858,False,2,2,12.201400999998441,
924,1460,crushing defensiveMove endgame hangingPiece long,128,2,h2g2,True,0.989491728393264,1,-0.04542386159300804,h2g2,True,0.9987499713897705,True,-1,3,20.107580399984727,
925,1528,crushing master middlegame pin short,60,38,b1b8,True,0.6571415083888262,1,-0.9112157225608826,b1b8,True,0.9862499833106995,True,-1,2,13.215429400006542,
926,1453,mate mateIn2 middlegame short,50,42,b5c6,True,0.6224713609755037,1,-0.268964558839798,b5c6,True,0.9787499904632568,True,-1,2,5.948728400020627,
927,1670,endgame mate mateIn2 short,49,37,g6g2,True,0.6867599271829601,1,-0.27988263964653015,g6g2,True,0.9925000071525574,True,-1,2,0.1746110999956727,
928,1854,crushing endgame exposedKing fork long,63,30,d8h4,False,0.09935901611799053,2,-0.6213997602462769,d8b6,True,0.9649999737739563,True,-1,3,16.266879500006326,
929,1832,fork long mate mateIn3 middlegame,62,31,c6e7,True,0.7904903593585846,1,-0.9621565937995911,c6e7,True,0.9900000095367432,True,-1,3,0.43114129998139106,
930,1545,mate mateIn2 middlegame pin queensideAttack short,38,34,a6b7,False,0.00429323610757205,12,-0.8073945045471191,h1d1,False,0.0,False,0,1,5.809302200010279,
931,1646,clearance crushing endgame long pin,59,34,d4d1,False,0.20955190723773584,2,-0.32267463207244873,d4a1,True,0.9700000286102295,True,-1,3,16.51312940000207,
932,1668,advantage exposedKing fork long opening,17,32,e7e6,False,0.06859642047914206,6,-0.0666196271777153,c6b5,True,0.5537499785423279,True,-1,3,18.69012479999219,
933,1886,crushing deflection discoveredAttack endgame long,62,39,a4d7,False,0.03199653451528984,7,0.6333959102630615,d3d6,False,0.011250000447034836,False,0,1,6.240732499980368,
934,1557,endgame mate mateIn1 morphysMate oneMove,85,32,h2g2,False,0.09110493390943064,2,-0.7622236013412476,c8f5,True,0.9674999713897705,True,-1,1,0.22179450001567602,
935,1497,endgame mate mateIn1 oneMove,70,30,h7f7,True,0.46882635866273686,1,0.7904863357543945,h7f7,True,0.9775000214576721,True,-1,1,0.16108479999820702,
936,1691,advantage fork long middlegame,27,53,e4d3,False,0.08443620910694594,3,-0.6508508324623108,d4c2,True,0.9637500047683716,True,-1,3,18.762767200008966,
937,1514,crushing endgame long rookEndgame skewer,99,14,a7e7,True,0.5374516312183032,1,-0.6853453516960144,g3g2,False,0.2175000011920929,False,0,1,6.598567799985176,
938,1616,attraction discoveredAttack kingsideAttack mate mateIn2 middlegame short,42,41,g6h7,True,0.42612599151394764,1,-0.8165907859802246,g6h7,True,0.9787499904632568,True,-1,2,0.5135285999858752,
939,1710,crushing endgame long pin quietMove skewer,63,44,f5c2,False,0.1454488659557852,2,-0.5289078950881958,c8a8,True,0.9762499928474426,True,-1,3,13.648972099996172,
940,1735,advantage fork long middlegame,44,40,g4f6,True,0.3551110193690905,1,-0.7438821792602539,g4f6,True,0.981249988079071,True,-1,3,18.489334700017935,
941,1835,crushing fork long master middlegame,41,37,f6e5,False,0.0013779268223741293,6,-0.26592135429382324,f6e5,False,0.0,False,0,1,6.860405699990224,
942,1898,advantage endgame hangingPiece short,59,20,g8g6,True,0.7798920731004877,1,-0.06429982930421829,g8g6,True,0.9900000095367432,True,-1,2,4.615729499986628,
943,1774,advantage discoveredAttack fork middlegame short,67,49,e4f2,True,0.7395390548372317,1,-0.41355183720588684,e4f2,True,0.9887499809265137,True,-1,2,11.470052899996517,
944,1636,crushing endgame intermezzo long pin sacrifice skewer,71,31,c6c1,False,0.0017538094136850585,20,0.07197611778974533,c6c1,False,0.0,False,0,1,7.210242000001017,
945,1637,advantage fork long middlegame pin,29,50,e5f3,True,0.8652554006523097,1,-0.29866310954093933,e5f3,True,0.9937499761581421,True,-1,3,20.541623199998867,
946,1817,advantage discoveredAttack long middlegame,45,46,b7b6,False,0.12251227177613826,4,-0.09023467451334,b7b6,False,0.03500000014901161,False,0,1,6.87233300000662,
947,1631,advantage endgame interference short,59,27,e4e3,False,0.11945480003356697,5,-0.7968423962593079,e6f6,True,0.9662500023841858,True,-1,2,13.202364099997794,
948,1651,crushing endgame hangingPiece master short,92,16,g3h4,True,0.4689436511616373,1,-0.0223710797727108,g3h4,True,0.9437500238418579,True,-1,2,14.036462499992922,
949,1806,crushing defensiveMove middlegame pin short,47,6,b7b5,True,0.8338486395990699,1,-0.18229934573173523,b7b5,True,0.9937499761581421,True,-1,2,12.356559200008633,
950,1666,crushing defensiveMove endgame sacrifice short,110,12,e2g3,True,0.6241864149633337,1,0.13037510216236115,e2g3,True,0.9549999833106995,True,-1,2,10.503642800002126,
951,1619,long mate mateIn3 middlegame sacrifice,64,40,c7d7,False,0.0019815591654537175,19,-0.9954418540000916,f1f7,False,0.0,False,0,1,5.996595999982674,
952,1549,endgame mate mateIn2 short,72,30,d6f6,True,0.9099124295662433,1,-0.06261730939149857,d6f6,True,0.9950000047683716,True,-1,2,0.1404290999926161,
953,1492,crushing deflection endgame long,54,32,e4e8,True,0.5013926759904254,1,0.07415714114904404,e4e8,True,0.9750000238418579,True,-1,3,8.256634999997914,
954,1795,crushing deflection kingsideAttack middlegame short,62,30,c2c3,False,0.27743774043837655,2,-0.5925778746604919,b3e6,True,0.9662500023841858,True,-1,2,11.620430099981604,
955,1689,advancedPawn crushing endgame long promotion sacrifice,98,14,b4a5,False,0.010369664549055045,5,-0.49454638361930847,b4a5,False,0.0037499999161809683,False,0,1,5.9828641999920364,
956,1483,crushing endgame fork short,90,24,a6c8,True,0.4177699376515331,1,-0.8182488679885864,a6c8,True,0.9775000214576721,True,-1,2,11.723628099978669,
957,1589,crushing endgame long skewer,53,40,f8f1,True,0.22597318270954259,1,0.0914328470826149,f8f1,True,0.7925000190734863,True,-1,3,20.40199909999501,
958,1513,endgame mate mateIn2 short,67,24,e1c3,True,0.9115948829343169,1,-0.2508419454097748,e1c3,True,0.9962499737739563,True,-1,2,0.17730400001164526,
959,1535,attackingF2F7 mate mateIn1 middlegame oneMove,30,52,b7b8,False,0.1810300500523168,2,-0.28333020210266113,b7f7,True,0.9750000238418579,True,-1,1,0.2529571000195574,
960,1689,kingsideAttack mate mateIn2 middlegame short,53,38,h4f2,True,0.8205841827406094,1,-0.5192523002624512,h4f2,True,0.9925000071525574,True,-1,2,0.2254100000136532,
961,1818,crushing middlegame pin sacrifice veryLong,49,35,a7b6,False,0.08365142214243024,3,-0.5108676552772522,h4f3,True,0.9674999713897705,True,-1,4,24.434594799997285,
962,1465,crushing fork middlegame short,44,40,h3e6,True,0.4212214059827695,1,-0.22428539395332336,h3e6,True,0.9787499904632568,True,-1,2,12.501239000004716,
963,1785,attraction crushing endgame exposedKing fork long sacrifice,106,26,e7c6,False,7.965127894282545e-05,26,0.1623699963092804,e7c6,False,0.0,False,0,1,6.224708499998087,
964,1704,crushing endgame fork long sacrifice,57,32,h5h4,False,1.1241128212489682e-05,32,-0.29716888070106506,h5h4,False,0.0,False,0,1,6.319410099997185,
965,1588,crushing fork master middlegame short,59,45,c5b5,True,0.15770106307327736,1,-0.1142839565873146,c5b5,True,0.9674999713897705,True,-1,2,7.449252299993532,
966,1756,advantage endgame pin short,51,50,e8e3,False,0.05874264096903134,5,0.14760684967041016,e8f8,False,0.042500000447034836,False,0,1,6.035175600001821,
967,1572,advantage endgame fork short,49,34,g4e6,False,0.16045731006695751,3,-0.4558475613594055,a5c3,True,0.8862500190734863,True,-1,2,12.705536699999357,
968,1670,crushing fork opening short,20,43,e2b5,True,0.6163177652208972,1,-0.056793056428432465,e2b5,True,0.9825000166893005,True,-1,2,12.434834799991222,
969,1462,doubleCheck mate mateIn1 middlegame oneMove,35,38,b4d3,True,0.5955031412227032,1,-0.11340513825416565,b4d3,True,0.9762499928474426,True,-1,1,0.18013569997856393,
970,1457,endgame mate mateIn2 short,120,18,a7a6,False,0.18795596057320602,2,0.10402249544858932,g4g5,True,0.9624999761581421,True,-1,2,0.3376364999858197,
971,1458,master mate mateIn2 middlegame short,77,26,d7c6,False,0.28902635347156796,2,-0.25458595156669617,c8c6,True,0.96875,True,-1,2,0.3375283000059426,
972,1475,advantage endgame master short xRayAttack,76,4,g1h1,False,0.11959314996185678,4,-0.5125775337219238,b3e3,True,0.9612500071525574,True,-1,2,12.643336100009037,
973,1877,advancedPawn crushing deflection endgame short,104,26,a5g5,True,0.9900096423404905,1,0.13661064207553864,a5g5,True,0.9987499713897705,True,-1,2,11.29529419998289,
974,1828,crushing kingsideAttack master middlegame pin short,37,34,g8g7,False,0.08090668503841368,3,0.24112170934677124,h4g3,True,0.9462500214576721,True,-1,2,11.480970199976582,
975,1778,advantage attraction kingsideAttack middlegame short,29,43,g4f2,True,0.5848768605571854,1,-0.02046923339366913,g4f2,True,0.9837499856948853,True,-1,2,13.255299299984472,
976,1526,mate mateIn1 middlegame oneMove,68,36,c6a6,False,0.10265702890111045,4,-0.026735180988907814,c6e8,True,0.9725000262260437,True,-1,1,0.19352749999961816,
977,1541,exposedKing long mate mateIn3 middlegame skewer,58,33,a3a8,False,0.19440534835935355,3,-0.9537118077278137,a3f8,True,0.9775000214576721,True,-1,3,0.38551140000345185,
978,1639,attraction clearance crushing endgame long pin,74,34,d3d5,True,0.5938822565708868,1,-0.4728879928588867,d3d5,True,0.9474999904632568,True,-1,3,19.53336900001159,
979,1461,anastasiaMate mate mateIn2 middlegame short,54,34,d4e6,True,0.8103861583902398,1,-0.12010765820741653,d4e6,True,0.9700000286102295,True,-1,2,0.17208050002227537,
980,1581,crushing endgame fork short,51,43,d5c4,False,0.34485126452056164,2,-0.2017415463924408,f4e2,True,0.9512500166893005,True,-1,2,13.888724199990975,
981,1578,advancedPawn attraction crushing endgame long,60,39,e6f7,True,0.5751065335874714,1,-0.11326105147600174,e6f7,True,0.9837499856948853,True,-1,3,13.971200600004522,
982,1703,kingsideAttack mate mateIn1 middlegame oneMove pin,27,48,d5g2,True,0.42709504344405724,1,0.18387071788311005,d5g2,True,0.9399999976158142,True,-1,1,0.45361230001435615,
983,1818,crushing deflection long middlegame queensideAttack,50,46,b4d6,True,0.799658253829242,1,-0.45634087920188904,b4d6,True,0.9912499785423279,False,2,2,12.588984500005608,
984,1592,endgame mate mateIn2 short,78,30,h5g6,True,0.41669114565219817,1,-0.5465896725654602,h5g6,True,0.981249988079071,True,-1,2,0.3379848999902606,
985,1891,attraction crushing defensiveMove endgame pin skewer veryLong,81,30,e2g4,False,0.017537016709761072,11,-0.026519766077399254,g7g6,True,0.6887500286102295,True,-1,4,25.177141799998935,
986,1455,mate mateIn1 middlegame oneMove,30,52,c2h7,True,0.5473456630793118,1,0.326803594827652,c2h7,True,0.9837499856948853,True,-1,1,0.12371409998741001,
987,1597,hangingPiece mate mateIn1 oneMove opening,11,46,c4c1,True,0.7308936044716138,1,-0.6961045265197754,c4c1,True,0.9925000071525574,True,-1,1,0.06728340001427568,
988,1481,advantage capturingDefender middlegame short,23,51,g6h4,False,0.17227484530037943,2,-0.010064455680549145,g4f3,True,0.9437500238418579,True,-1,2,13.59878969998681,
989,1641,crushing endgame long pawnEndgame sacrifice,71,10,g4g3,True,0.25005795115346624,1,-0.8343583345413208,f7e7,False,0.20874999463558197,False,0,1,6.426386600011028,
990,1711,discoveredCheck doubleCheck mate mateIn2 middlegame short,45,33,d7f6,False,0.11089152540513673,3,-0.9774102568626404,d7b6,True,0.893750011920929,True,-1,2,1.2583389999927022,
991,1733,advantage discoveredAttack middlegame short,73,31,d7c5,True,0.5174027367978768,1,-0.72514808177948,d7c5,True,0.981249988079071,True,-1,2,12.55324649999966,
992,1729,advantage deflection middlegame short,49,32,g7g5,True,0.3422240366481759,1,-0.27471601963043213,g7g5,True,0.9750000238418579,True,-1,2,13.766384999995353,
993,1851,mate mateIn2 middlegame short,76,34,h6g6,False,0.30583520505250567,2,-0.4426449239253998,h6h7,True,0.9787499904632568,True,-1,2,0.41488250001566485,
994,1479,hangingPiece long mate mateIn3 middlegame,50,34,c7d6,True,0.7358380841402634,1,-0.6938887238502502,c7d6,True,0.9925000071525574,True,-1,3,0.3505126000090968,
995,1511,advantage discoveredAttack long middlegame,50,32,g2g4,False,0.004528348661208478,10,-0.599157452583313,g2g4,False,0.0,False,0,1,6.7836046000011265,
996,1538,discoveredCheck doubleCheck fork mate mateIn2 middlegame short,56,36,h6f7,True,0.9104346602570095,1,0.4938820004463196,h6f7,True,0.9950000047683716,True,-1,2,0.2554974999802653,
997,1475,deflection long mate mateIn3 middlegame,66,27,a4e8,True,0.869575311831413,1,-0.9758199453353882,a4e8,True,0.9962499737739563,True,-1,3,0.28054350000456907,
998,1584,advantage fork middlegame short,20,46,d5c7,True,0.7696596643977409,1,-0.27269861102104187,d5c7,True,0.9925000071525574,True,-1,2,14.433977400010917,
999,1471,endgame long mate mateIn3,83,32,g7d4,True,0.6233067342838176,1,0.01669161394238472,g7d4,True,0.9887499809265137,True,-1,3,0.9172657000017352,
1000,1828,advancedPawn mate mateIn2 middlegame sacrifice short,43,27,c2d3,True,0.2512183207265778,1,-0.9951633214950562,c2d3,True,0.9762499928474426,True,-1,2,0.35920000000623986,
1001,1582,attraction endgame mate mateIn2 sacrifice short,67,24,e8b8,False,0.04507113423024526,8,-0.9930025339126587,g8g1,True,0.9387500286102295,True,-1,2,0.7013892999966629,
1002,1737,attraction crushing defensiveMove endgame fork veryLong,68,8,f2f3,True,0.5269831891917826,1,0.10847589373588562,f2f3,True,0.8025000095367432,True,-1,5,29.27323520000209,
1003,1790,crushing discoveredAttack long middlegame,37,34,d6c5,True,0.5272412020880312,1,0.3578433692455292,d6c5,True,0.9787499904632568,True,-1,3,19.974673699995037,
1004,1672,advantage fork middlegame pin short,33,38,g4f3,False,0.06045090595745306,3,0.40720680356025696,d4e2,True,0.9312499761581421,True,-1,2,13.525813100015512,
1005,1538,anastasiaMate attraction kingsideAttack long mate mateIn3 middlegame sacrifice,40,46,a1b1,False,0.002609657872509497,10,0.38361436128616333,a1b1,False,0.0,False,0,1,6.53731310000876,
1006,1799,advantage clearance intermezzo opening sacrifice veryLong,39,42,d8d6,False,0.11805912011222454,3,-0.7216777205467224,f6g4,True,0.9649999737739563,True,-1,4,27.31932459998643,
1007,1495,clearance endgame mate mateIn2 pin sacrifice short,79,40,e4d4,False,0.002129086117632485,24,0.019255256280303,e4f5,False,0.0,False,0,1,6.293687800003681,
1008,1549,endgame mate mateIn2 rookEndgame short,72,31,e6b6,True,0.28220968335485763,1,-0.9081830382347107,e6b6,True,0.9762499928474426,True,-1,2,0.3517682999954559,
1009,1684,endgame long mate mateIn3 rookEndgame,65,22,f2h2,True,0.5948729532145235,1,-0.2044602930545807,f2h2,True,0.9862499833106995,True,-1,3,0.5400532000057865,
1010,1769,crushing deflection endgame long queenEndgame skewer,93,24,d1d2,False,0.32015188286911794,2,-0.39950457215309143,d1d2,False,0.11500000208616257,False,0,1,5.861089500016533,
1011,1743,advantage discoveredAttack opening short trappedPiece,17,30,h6g4,False,0.23630125410541186,2,-0.556573212146759,d7g4,True,0.96875,True,-1,2,12.520290899992688,
1012,1534,mate mateIn1 middlegame oneMove,50,41,f4f6,True,0.6739256488810285,1,0.4865972101688385,f4f6,True,0.9850000143051147,True,-1,1,0.10660709999501705,
1013,1790,crushing endgame short skewer,150,26,d8a5,True,0.7307551516654047,1,-0.6437115669250488,d8a5,True,0.9775000214576721,True,-1,2,13.737247699988075,
1014,1464,crushing fork long middlegame,36,29,h3g4,False,0.3010053168314578,2,0.2837701141834259,d1f3,True,0.9574999809265137,True,-1,3,21.473438900022302,
1015,1748,attraction crushing deflection endgame long pin sacrifice,56,43,g1g7,False,0.0012746826958178119,13,0.019336240366101265,f7e7,False,0.0,False,0,1,6.4693621000042185,
1016,1635,endgame mate mateIn2 queenEndgame short,68,19,f6f8,True,0.4400372417013183,1,0.3803495168685913,f6f8,True,0.9725000262260437,True,-1,2,0.4928792999999132,
1017,1729,endgame mate mateIn1 oneMove,82,8,f2f3,True,0.7376816816457273,1,-0.7940664887428284,f2f3,True,0.9912499785423279,True,-1,1,0.08587400001124479,
1018,1670,endgame mate mateIn2 short,106,26,h6h5,False,0.17656035640997902,3,-0.08365312218666077,d4b3,True,0.9637500047683716,True,-1,2,0.6101894000021275,
1019,1721,advancedPawn advantage attraction discoveredAttack endgame exposedKing long,48,30,d1d8,True,0.6229313516475954,1,-0.9347646832466125,d1d8,True,0.5824999809265137,False,2,2,12.926748400001088,
1020,1793,crushing endgame fork long,77,32,g2g1,True,0.5382210714414473,1,-0.06520232558250427,g2g1,True,0.9787499904632568,True,-1,3,19.97250459998031,
1021,1720,advantage middlegame pin short,48,37,e4d5,False,0.07988299699529698,4,-0.6812446117401123,c2b3,True,0.9474999904632568,True,-1,2,14.06077219999861,
1022,1555,advantage endgame master short trappedPiece,47,34,h7h5,False,0.15909232941336862,3,0.20016179978847504,b8a8,True,0.9387500286102295,True,-1,2,13.352657299983548,
1023,1715,advantage endgame fork long,60,33,d1d4,False,0.027984736827916894,6,-0.1137092188000679,d6e4,False,0.11625000089406967,False,0,1,5.770934100000886,
1024,1464,advantage fork long master middlegame,82,46,d1f1,False,0.37325240766696155,2,-0.4223238527774811,a8d5,True,0.9700000286102295,True,-1,3,20.819209000008414,
1025,1452,endgame mate mateIn2 short,64,39,d7b7,True,0.46474336568985847,1,-0.12023922801017761,d7b7,True,0.9862499833106995,True,-1,2,0.20410370000172406,
1026,1552,advantage discoveredAttack middlegame short,40,43,h4e4,False,0.16320428007796614,2,0.25678330659866333,d5e7,True,0.9462500214576721,True,-1,2,14.264851500018267,
1027,1632,advantage endgame long master trappedPiece,88,17,e2d2,False,0.09577970445162075,4,-0.8920655250549316,c4d2,True,0.9624999761581421,True,-1,3,18.97132050001528,
1028,1757,fork mate mateIn2 middlegame short,65,20,a4b3,False,0.11338725319762305,4,-0.997280478477478,a4a3,True,0.9737499952316284,True,-1,2,0.37175620000925846,
1029,1660,advantage fork middlegame short,43,39,d3b5,True,0.31013444202836055,1,-0.3504928946495056,d3b5,True,0.9750000238418579,True,-1,2,11.472348400013288,
1030,1563,crushing endgame long skewer,56,26,f8g8,True,0.8070716298450297,1,-0.039337921887636185,f8g8,True,0.9900000095367432,True,-1,3,15.858972199988784,
1031,1736,advantage hangingPiece long middlegame,47,5,f8f6,False,0.31110808610632906,2,-0.9865937829017639,f4d4,True,0.9837499856948853,True,-1,3,14.679465599998366,
1032,1797,crushing opening short trappedPiece,23,46,f5c2,True,0.6828085513027597,1,0.5642396211624146,f5c2,True,0.9837499856948853,True,-1,2,12.88090699998429,
1033,1840,attraction crushing deflection endgame sacrifice veryLong,62,42,h3c3,False,0.036150344283687845,3,-0.052427057176828384,d5g5,False,0.07999999821186066,False,0,1,6.224648599978536,
1034,1652,advantage fork middlegame short,59,38,a8c8,False,0.08120945060689656,2,-0.5606368780136108,e7c7,True,0.9712499976158142,True,-1,2,12.728266099991743,
1035,1836,advantage discoveredAttack middlegame short,59,40,e6d5,False,0.3492488219413011,2,-0.11649767309427261,c7d5,True,0.9787499904632568,True,-1,2,13.012231500004418,
1036,1656,attackingF2F7 crushing fork long middlegame sacrifice,41,41,f4d4,False,0.006443353821680266,5,0.11615939438343048,f4f6,False,0.0,False,0,1,5.997699600004125,
1037,1459,advantage endgame fork short,62,27,g4d7,True,0.5576717757261899,1,-0.8059470057487488,g4d7,True,0.9850000143051147,True,-1,2,13.410628700017696,
1038,1898,deflection discoveredAttack kingsideAttack mate mateIn2 middlegame pin short,44,43,f1a1,False,0.032203940187155056,3,-0.39857304096221924,f5h6,True,0.8849999904632568,True,-1,2,1.132606900006067,
1039,1839,advancedPawn advantage endgame fork short,71,25,h2g2,True,0.8079889461131695,1,0.39137303829193115,h2g2,True,0.981249988079071,True,-1,2,13.620092900004238,
1040,1651,crushing deflection master middlegame short,57,40,c2e4,True,0.5605061622092904,1,-0.41867226362228394,c2e4,True,0.9787499904632568,True,-1,2,13.685412399994675,
1041,1485,discoveredCheck doubleCheck mate mateIn2 middlegame short,77,32,e3f4,True,0.47421980681735915,1,-0.8886534571647644,e3f4,True,0.9837499856948853,True,-1,2,0.26413950001006015,
1042,1635,advantage endgame fork long,63,29,c8c1,True,0.6900516951077609,1,-0.5033434629440308,c8c1,True,0.9862499833106995,True,-1,3,16.582466899999417,
1043,1756,master mate mateIn2 middlegame short,26,24,d1g4,True,0.6075238241440376,1,-0.3752707242965698,d1g4,True,0.9862499833106995,True,-1,2,0.2434066999994684,
1044,1565,endgame mate mateIn2 operaMate short,62,23,f1f8,True,0.42557494207208113,1,-0.8029403686523438,f1f8,True,0.9825000166893005,True,-1,2,0.47166149999247864,
1045,1730,crushing fork middlegame short,37,35,h4f2,True,0.7434046336032136,1,-0.5815385580062866,h4f2,True,0.9887499809265137,True,-1,2,9.893321300012758,
1046,1711,mate mateIn1 oneMove opening,16,40,f1b5,False,0.18807341602337624,2,0.05353238433599472,e5b5,True,0.96875,True,-1,1,0.18935999998939224,
1047,1735,crushing hangingPiece master middlegame short,48,37,a1b1,False,0.12236268345074018,3,-0.03865092992782593,e2c4,True,0.9524999856948853,True,-1,2,13.32797060001758,
1048,1690,crushing defensiveMove deflection long middlegame,59,3,c6d5,True,0.722648455611724,1,-0.25975364446640015,c6d5,True,0.543749988079071,False,2,2,13.427542999997968,
1049,1779,advantage long middlegame pin,26,40,d1d3,False,0.11170361947440056,2,-0.21445955336093903,d1a4,True,0.7437499761581421,True,-1,3,18.748723099997733,
1050,1468,crushing fork long opening,14,36,f3h5,True,0.693772558596037,1,0.029654596000909805,f3h5,True,0.9862499833106995,True,-1,3,18.983024399989517,
1051,1753,endgame mate mateIn4 sacrifice veryLong,61,42,a3a2,False,0.015353491361465028,13,0.15601055324077606,a3e3,True,0.6324999928474426,True,-1,4,2.7527435999945737,
1052,1687,endgame fork mate mateIn2 short,92,27,c7b5,True,0.6701860151575889,1,-0.9373911619186401,c7b5,True,0.9887499809265137,True,-1,2,0.40200699999695644,
1053,1469,advantage endgame fork short,111,24,b2g2,True,0.3009130789741648,1,-0.9800681471824646,b2g2,True,0.9762499928474426,True,-1,2,13.80394620000152,
1054,1474,endgame master mate mateIn1 oneMove rookEndgame,51,33,d3h3,True,0.3333117120664992,1,-0.37661951780319214,d3h3,True,0.9775000214576721,True,-1,1,0.1668352999840863,
1055,1842,clearance crushing fork long middlegame,56,42,d4b6,True,0.8429983675432139,1,0.1301163136959076,d4b6,True,0.9925000071525574,True,-1,3,20.23314820000087,
1056,1835,advantage fork long middlegame sacrifice,45,42,f5g4,False,0.19987866027329348,2,0.24105434119701385,d5c3,True,0.9700000286102295,True,-1,3,18.746369000000414,
1057,1466,advantage fork long middlegame,61,33,f6d6,False,0.3402326660263399,2,-0.8857490420341492,f6f2,True,0.9762499928474426,True,-1,3,21.017754000000423,
1058,1775,advantage fork middlegame short,39,40,g4h2,True,0.6082683830502126,1,-0.10100161284208298,g4h2,True,0.9825000166893005,True,-1,2,13.843745999998646,
1059,1820,capturingDefender crushing deflection middlegame short,35,50,a8d8,False,0.004724489936767662,12,0.6724569201469421,a8d8,False,0.0,False,0,1,6.412817599979462,
1060,1693,advantage endgame long quietMove rookEndgame skewer,70,25,g1g2,False,0.03814076675627377,5,-0.8915697932243347,c3h3,True,0.9150000214576721,True,-1,3,17.656200500001432,
1061,1616,advantage deflection discoveredAttack long middlegame,58,38,d5b3,False,0.2860243777888194,2,-0.224156454205513,d5e5,True,0.9725000262260437,True,-1,3,20.71506680001039,
1062,1713,crushing long middlegame pin quietMove,39,33,c6c5,True,0.86173353215651,1,-0.9464536905288696,c6c5,True,0.9937499761581421,True,-1,3,16.724692500021774,
1063,1609,advantage defensiveMove middlegame veryLong xRayAttack,64,4,e5e3,False,0.3635624524455663,2,-0.67380690574646,c1b1,True,0.9837499856948853,True,-1,4,26.348846999986563,
1064,1614,attackingF2F7 crushing deflection discoveredAttack master opening short,22,39,d5c6,False,0.1320186279898759,3,0.07698197662830353,d5f7,True,0.9649999737739563,True,-1,2,13.252156700007617,
1065,1698,anastasiaMate attraction kingsideAttack mate mateIn4 middlegame sacrifice veryLong,34,41,d5e7,True,0.49010766349259055,1,-0.3054928779602051,d5e7,True,0.7400000095367432,False,2,2,14.176057700009551,
1066,1783,clearance kingsideAttack mate mateIn2 middlegame sacrifice short,42,39,b3c4,False,0.0044931732053833376,14,-0.19845543801784515,e4d2,False,0.0,False,0,1,2.819483200000832,
1067,1607,crushing fork long opening pin,18,33,f4e5,True,0.5800345919876903,1,-0.610604465007782,f4e5,True,0.9850000143051147,True,-1,3,18.735910999996122,
1068,1472,crushing fork middlegame short,35,43,f5e4,False,0.26300747070247454,2,0.2791520655155182,d5e4,True,0.925000011920929,True,-1,2,12.349721800012048,
1069,1743,crushing fork long middlegame sacrifice,43,38,a4c4,False,0.0042367173006062075,13,-0.8025764226913452,a4c4,False,0.0,False,0,1,7.286878300015815,
1070,1832,crushing endgame master pin short,119,15,f2f3,False,0.2520540067944925,2,-0.09535903483629227,g2f1,True,0.9549999833106995,True,-1,2,13.741839499998605,
1071,1481,mate mateIn2 middlegame short,42,27,h5h6,True,0.7710977036973283,1,-0.5154237747192383,h5h6,True,0.9900000095367432,True,-1,2,0.31085529999108985,
1072,1837,crushing discoveredAttack discoveredCheck middlegame short,57,32,h4g3,True,0.8826493976241722,1,-0.8231896758079529,h4g3,True,0.9950000047683716,True,-1,2,7.911375399999088,
1073,1526,advantage defensiveMove hangingPiece long middlegame,24,36,e1f2,True,0.9716907299875729,1,-0.45719194412231445,e1f2,True,0.9975000023841858,True,-1,3,19.728490100009367,
1074,1739,crushing fork opening short,30,45,h2h3,False,0.06296245832735628,4,0.13836795091629028,d1a4,True,0.9549999833106995,True,-1,2,12.58983400001307,
1075,1884,clearance crushing endgame long sacrifice,54,43,f4d3,False,0.010873091278521773,9,-0.17787480354309082,d1e1,False,0.0012499999720603228,False,0,1,5.995423999993363,
1076,1462,advantage attraction kingsideAttack middlegame sacrifice veryLong,39,43,e6f5,False,0.000615503623425276,23,-0.1590305119752884,e6h3,False,0.0,False,0,1,6.674071899993578,
1077,1778,crushing endgame intermezzo long pin,51,29,f5f4,True,0.7991044784080444,1,-0.9540020823478699,f5f4,True,0.9925000071525574,True,-1,3,14.474692300020251,
1078,1525,advantage endgame fork short,62,31,f3e5,True,0.3744813601628073,1,-0.1271038055419922,f3e5,True,0.981249988079071,True,-1,2,13.351181700010784,
1079,1578,crushing middlegame short trappedPiece,46,39,d1d2,True,0.5992511644794133,1,0.09531405568122864,d1d2,True,0.9800000190734863,True,-1,2,13.639655500010122,
1080,1812,advantage capturingDefender endgame master short,59,38,d6d4,True,0.41187476079926927,1,-0.050558868795633316,d6d4,True,0.862500011920929,True,-1,2,12.987808000005316,
1081,1775,crushing endgame long pin,73,29,d3b3,False,0.028397442584103018,7,-0.19115608930587769,d3b3,False,0.33000001311302185,False,0,1,6.519936800003052,
1082,1827,advantage long master middlegame trappedPiece,44,33,f1h1,True,0.5989130374074629,1,-0.9383963942527771,f1h1,True,0.9850000143051147,True,-1,3,15.557874600024661,
1083,1530,endgame mate mateIn1 oneMove queenEndgame,132,32,c3d2,False,0.06377061960330307,5,-0.22716230154037476,c3f3,True,0.956250011920929,True,-1,1,0.2820734000124503,
1084,1811,advantage fork middlegame short,29,44,e6a2,False,0.04258489303644578,4,-0.23333652317523956,d8d4,True,0.5625,True,-1,2,14.032925900013652,
1085,1871,crushing discoveredAttack discoveredCheck master middlegame veryLong,49,45,c3f6,False,0.020109268799561736,10,-0.008163075894117355,b6f2,True,0.7724999785423279,True,-1,4,24.763274400000228,
1086,1497,attraction crushing endgame long pawnEndgame quietMove zugzwang,77,6,a5a4,True,0.43818692034228623,1,-0.5248721241950989,a5a4,True,0.981249988079071,True,-1,3,21.1065822999808,
1087,1713,attraction crushing long middlegame sacrifice,34,60,f4f2,False,0.16781870905906102,3,0.3146943747997284,f4f2,False,0.02250000089406967,False,0,1,6.51226200000383,
1088,1466,anastasiaMate attraction kingsideAttack long mate mateIn3 middlegame sacrifice,44,37,f5f6,False,0.005805410514149341,21,-0.908271074295044,b2b3,False,0.0,False,0,1,4.9603728000074625,
1089,1836,advantage middlegame pin sacrifice short,33,42,h3g4,False,0.010926345018468824,9,-0.49111607670783997,h3g4,False,0.3387500047683716,False,0,1,5.7751520999881905,
1090,1887,crushing endgame long pin,59,37,g8g7,False,0.11196663439719015,4,0.0011827528942376375,e5e1,True,0.8899999856948853,True,-1,3,16.436779700015904,
1091,1592,advancedPawn advantage deflection endgame long pawnEndgame,81,6,a4b3,True,0.7763209691183515,1,-0.04730973765254021,a4b3,True,0.981249988079071,True,-1,3,17.81889280001633,
1092,1545,attraction kingsideAttack mate mateIn2 middlegame sacrifice short,49,46,g6g1,False,0.0005312988053477777,27,0.007132628001272678,d6b4,False,0.0,False,0,1,6.526650499989046,
1093,1744,advantage discoveredAttack discoveredCheck master middlegame short,52,48,d2e4,False,0.0036977396449426217,27,-0.9464967846870422,d1f1,False,0.0,False,0,1,6.112028499977896,
1094,1562,advantage endgame pin veryLong,57,30,g7d4,True,0.613889367906214,1,-0.7677320241928101,g7d4,True,0.9700000286102295,True,-1,4,24.714789299992844,
1095,1601,advantage endgame long skewer,80,17,b4b5,False,0.34591092044001054,2,-0.155044287443161,f1d1,True,0.9750000238418579,True,-1,3,18.134248499991372,
1096,1853,advantage defensiveMove hangingPiece middlegame short,32,2,h1g2,True,0.99804181666014,1,-0.21828468143939972,h1g2,True,1.0,True,-1,2,13.49255679998896,
1097,1477,capturingDefender crushing endgame short,76,20,h3h4,False,0.13396683771238707,3,0.040298931300640106,d2c2,True,0.9700000286102295,True,-1,2,13.31567779998295,
1098,1683,mate mateIn1 middlegame oneMove pin,65,36,f6f5,False,0.00014138333051058884,30,0.05093914270401001,f6f5,False,0.0,False,0,1,6.156256599992048,
1099,1846,exposedKing kingsideAttack long mate mateIn3 middlegame,56,34,g1g8,True,0.9373454803433857,1,0.9559357762336731,g1g8,True,0.9962499737739563,True,-1,3,0.6759600999939721,
1100,1648,advantage capturingDefender fork long middlegame sacrifice,41,31,f6g5,False,0.04254261037317715,4,-0.6742296814918518,h5h2,True,0.8012499809265137,True,-1,3,16.434797599999,
1101,1728,crushing deflection endgame short,75,16,f5f4,True,0.523923275637102,1,0.20168691873550415,f5f4,True,0.9750000238418579,True,-1,2,13.233047099987743,
1102,1546,advantage deflection endgame long,100,34,f4d2,False,0.034305081622269626,6,-0.1269475519657135,f4a4,False,0.057500001043081284,False,0,1,7.047098900016863,
1103,1630,advantage fork long middlegame,31,45,c3d2,True,0.433594896612801,1,-0.8630385994911194,c3d2,True,0.9487500190734863,True,-1,3,21.0607122000074,
1104,1863,advancedPawn advantage kingsideAttack middlegame pin short,57,41,e3f2,True,0.32532445030203155,1,0.16673968732357025,e3f2,True,0.9700000286102295,True,-1,2,13.83080549997976,
1105,1521,advantage fork middlegame short,36,34,d1d5,True,0.603147325066566,1,-0.10091795772314072,d1d5,True,0.9837499856948853,True,-1,2,13.572664799983613,
1106,1732,crushing middlegame pin short,23,43,f5h3,True,0.4606543595691453,1,0.7187157869338989,f5h3,True,0.96875,True,-1,2,10.536092099995585,
1107,1543,endgame mate mateIn2 short,65,44,b8a8,False,0.005371680533240656,11,-0.795527458190918,f3c3,False,0.0,False,0,1,6.4564901999838185,
1108,1539,crushing endgame long rookEndgame skewer,137,18,c5c6,True,0.3365845507644036,1,-0.004158889874815941,c5c6,True,0.9637500047683716,True,-1,3,17.687554500007536,
1109,1492,advantage deflection endgame short,77,5,b6b5,False,0.023689666118360632,3,-0.6769596338272095,d5d4,True,0.6899999976158142,True,-1,2,13.133898200001568,
1110,1783,mate mateIn2 middlegame short,52,29,a1g1,True,0.4047406793118401,1,-0.15272767841815948,a1g1,True,0.6337500214576721,False,2,2,13.11287050001556,
1111,1558,endgame long mate mateIn3 rookEndgame,84,17,e5e6,True,0.40501341003317703,1,0.06447723507881165,e5e6,True,0.9674999713897705,True,-1,3,2.008106100023724,
1112,1628,crushing master middlegame pin short,85,40,e3e1,False,0.23566344199264583,2,0.22875165939331055,c2c1,True,0.9587500095367432,True,-1,2,12.719171900011133,
1113,1748,crushing fork long middlegame,30,55,d5f6,True,0.4181824307602665,1,0.896138072013855,d5f6,True,0.9674999713897705,True,-1,3,20.41275419999147,
1114,1472,advantage fork middlegame short,39,29,a6c5,True,0.7031188620368993,1,-0.03518647700548172,a6c5,True,0.987500011920929,True,-1,2,13.861231599992607,
1115,1458,crushing endgame fork master queenRookEndgame short,86,25,c3c2,True,0.4661867883249731,1,0.4685932993888855,c3c2,True,0.9712499976158142,True,-1,2,14.30597069999203,
1116,1862,advancedPawn crushing deflection endgame long promotion rookEndgame,80,20,b6b7,True,0.8129836480537224,1,-0.14716054499149323,b6b7,True,0.9449999928474426,True,-1,3,21.891091800003778,
1117,1663,advantage fork long middlegame,57,41,e7d6,True,0.9143018939357384,1,0.09043814986944199,e7d6,True,0.9950000047683716,True,-1,3,19.858555500017246,
1118,1623,attraction crushing endgame short,89,44,c1g1,False,0.026421979675901004,8,-0.21823541820049286,c7g3,True,0.78125,True,-1,2,12.541491100011626,
1119,1556,attraction crushing exposedKing kingsideAttack master middlegame veryLong,62,32,g6g8,True,0.3570681108089873,1,-0.21656323969364166,g6g8,True,0.9762499928474426,True,-1,4,14.690913500002353,
1120,1751,attraction crushing discoveredAttack kingsideAttack long middlegame sacrifice,49,44,d5f4,False,0.02472774905609944,5,0.6087245941162109,g8g2,True,0.8412500023841858,True,-1,3,18.64928049998707,
1121,1536,advancedPawn advantage endgame long sacrifice,60,21,e5e6,True,0.7238254624593244,1,-0.20544618368148804,e5e6,True,0.6512500047683716,False,2,2,13.184266399999615,
1122,1734,crushing endgame fork veryLong,122,25,d3f5,True,0.3587226583880924,1,-0.4539797008037567,d3f5,True,0.981249988079071,True,-1,4,23.304321100004017,
1123,1513,endgame mate mateIn1 oneMove,103,31,e4h1,True,0.834323898401266,1,0.8746194839477539,e4h1,True,0.9925000071525574,True,-1,1,0.05268260001321323,
1124,1622,crushing endgame fork short,84,26,g4e4,True,0.42677730007342934,1,0.09419889748096466,g4e4,True,0.9737499952316284,True,-1,2,12.770877800008748,
1125,1559,advantage middlegame pin short,51,47,g3f3,False,0.34125467122363357,2,-0.2630225419998169,b7f3,True,0.9275000095367432,True,-1,2,11.199387800006662,
1126,1541,advantage hangingPiece long middlegame,50,45,e6c6,True,0.9220235928510863,1,0.5822920799255371,e6c6,True,0.9950000047683716,True,-1,3,18.689046200015582,
1127,1826,kingsideAttack master mate mateIn2 middlegame sacrifice short,51,35,h5h6,False,0.22018880171471122,3,0.2898290157318115,g3h3,True,0.9737499952316284,True,-1,2,0.4139088000229094,
1128,1587,crushing middlegame pin short trappedPiece,24,43,d4g7,True,0.8235406784939353,1,0.2828889489173889,d4g7,True,0.96875,False,2,2,13.082673400000203,
1129,1491,kingsideAttack mate mateIn2 middlegame pin short,52,40,c3d4,False,0.02146919054370931,6,0.2597852349281311,c3d4,False,0.0012499999720603228,False,0,1,6.582551700004842,
1130,1751,advantage hangingPiece middlegame short,25,43,e5a1,True,0.9279606384324866,1,0.4087728261947632,e5a1,True,0.9975000023841858,True,-1,2,14.122804199985694,
1131,1511,attraction kingsideAttack mate mateIn4 middlegame sacrifice veryLong,43,40,d8d6,False,0.014649515576914456,6,0.16160015761852264,h8h1,True,0.5987499952316284,True,-1,4,3.3552047999983188,
1132,1472,endgame master mate mateIn1 oneMove pin,73,29,e4d5,False,1.389770136417442e-05,24,0.06616552174091339,e4c2,False,0.0,False,0,1,6.341896300000371,
1133,1730,advantage endgame master sacrifice short,66,38,f4g5,True,0.8661967488063337,1,-0.3159710466861725,f4g5,True,0.9775000214576721,True,-1,2,10.978791500005173,
1134,1664,capturingDefender crushing opening short,38,49,g6e8,True,0.3634016714554479,1,-0.2968332767486572,g6e8,True,0.9762499928474426,True,-1,2,12.2836902999843,
1135,1639,crushing endgame fork long,62,24,f5h6,True,0.5170325066325618,1,-0.0020280934404581785,f5h6,True,0.9750000238418579,True,-1,3,21.54456979999668,
1136,1632,master mate mateIn2 middlegame pin short,40,31,g4h6,False,0.39973939930695174,2,-0.06495785713195801,g4f6,True,0.981249988079071,True,-1,2,0.637388800008921,
1137,1695,crushing endgame fork short,49,33,a2b1,False,0.10643930312631658,2,0.09768256545066833,e5g4,True,0.9549999833106995,True,-1,2,12.684837800014066,
1138,1745,crushing deflection endgame master short,68,46,d1d8,False,0.006357370241592655,8,0.595067024230957,d1d8,False,0.0,False,0,1,6.458492100005969,
1139,1527,advancedPawn crushing endgame exposedKing fork long promotion,74,29,g3b8,True,0.23859251951407454,1,-0.4334273338317871,g3b8,True,0.9775000214576721,True,-1,3,18.18704059999436,
1140,1603,endgame mate mateIn2 sacrifice short,69,40,h5h3,True,0.31036211563217597,1,-0.8705874085426331,h5h3,True,0.9787499904632568,True,-1,2,0.22984109999379143,
1141,1606,crushing endgame long queenRookEndgame skewer,56,20,h5h6,True,0.6663710338566611,1,0.2720775306224823,h5h6,True,0.981249988079071,True,-1,3,15.006160200020531,
1142,1456,clearance kingsideAttack long mate mateIn3 middlegame sacrifice,41,46,g3f1,False,0.0014350014867441363,21,-0.697900652885437,g3e4,False,0.0,False,0,1,4.8708662999852095,
1143,1563,attraction endgame master mate mateIn4 veryLong,75,29,g7g5,True,0.5022050363277848,1,-0.009591128677129745,g7g5,True,0.981249988079071,True,-1,4,1.3279359000152908,
1144,1560,kingsideAttack master mate mateIn2 middlegame pin short,46,37,f6g7,False,0.052308285671299706,5,-0.1631261706352234,d2h6,True,0.9449999928474426,True,-1,2,0.3797717000124976,
1145,1857,endgame epauletteMate master masterVsMaster mate mateIn2 short,69,31,f7f5,True,0.4198117798953605,1,-0.06975895911455154,f7f5,True,0.9775000214576721,True,-1,2,0.27857939997920766,
1146,1678,crushing exposedKing long middlegame skewer,43,34,e7f6,False,0.0006940363611661211,8,0.018596788868308067,e7f6,False,0.0,False,0,1,6.8186003000009805,
1147,1546,kingsideAttack mate mateIn2 middlegame short,59,43,g5g2,True,0.8579890933884878,1,0.8435158133506775,g5g2,True,0.9925000071525574,True,-1,2,0.1555584000016097,
1148,1818,advancedPawn kingsideAttack mate mateIn2 middlegame promotion short,45,36,f2f1,False,0.010532131078240302,8,-0.9972915053367615,b5f1,True,0.30250000953674316,True,-1,2,3.8339675000170246,
1149,1832,long mate mateIn3 opening,20,42,d1h5,True,0.907997091056063,1,-0.3947235941886902,d1h5,True,0.9962499737739563,True,-1,3,1.2319216000032611,
1150,1752,advancedPawn deflection discoveredAttack discoveredCheck endgame exposedKing mate mateIn5 promotion swallowstailMate veryLong,69,23,h4h1,True,0.7047007455422791,1,-0.2981259822845459,h4h1,True,0.9912499785423279,False,8,5,1.0200107999844477,
1151,1736,backRankMate deflection endgame long mate mateIn3,56,37,g6e8,False,0.23506755568364443,2,0.5554690957069397,e7e8,True,0.9712499976158142,True,-1,3,0.7909339000179898,
1152,1714,advantage middlegame pin short,34,37,e3h6,True,0.3216943877725408,1,0.12776607275009155,e3h6,True,0.8224999904632568,True,-1,2,13.751619900023798,
1153,1582,crushing discoveredAttack endgame exposedKing long,76,22,e6c5,False,0.39588554901390816,2,-0.03390854597091675,e6d8,True,0.9762499928474426,True,-1,3,19.937307599990163,
1154,1645,crushing fork long middlegame sacrifice,44,33,g1g4,True,0.4665154998983291,1,-0.3996897339820862,g1g4,True,0.981249988079071,True,-1,3,21.240792900003726,
1155,1703,advancedPawn crushing deflection endgame short,74,26,f2g3,False,0.023650922523055586,4,0.021679239347577095,c6c7,True,0.8112499713897705,True,-1,2,9.793275200005155,
1156,1886,crushing endgame skewer veryLong,58,27,f4h6,False,0.20955925739568027,2,0.04039157181978226,f4e5,True,0.925000011920929,True,-1,4,26.909977100003744,
1157,1514,advantage endgame fork veryLong,87,35,e4f5,True,0.7028848543969377,1,-0.5185262560844421,e4f5,True,0.9900000095367432,True,-1,4,26.82091089998721,
1158,1502,kingsideAttack mate mateIn1 middlegame oneMove,55,51,d6h2,True,0.8522064334271887,1,0.7111653685569763,d6h2,True,0.9937499761581421,True,-1,1,0.059837000007973984,
1159,1844,mate mateIn2 middlegame operaMate sacrifice short,63,36,e7f6,False,0.0002034169763983761,17,-0.03776203840970993,e7f6,False,0.0,False,0,1,6.604300100007094,
1160,1716,advantage endgame fork long,71,20,h3e3,False,0.1029406804878911,3,-0.8946444988250732,h3h1,True,0.9399999976158142,True,-1,3,21.70673129998613,
1161,1472,advantage endgame pin short,64,17,a4a5,False,0.2345648165528842,2,-0.062020931392908096,a7a6,True,0.9624999761581421,True,-1,2,14.141073000006145,
1162,1485,kingsideAttack mate mateIn2 middlegame short,42,55,d5f6,True,0.7489885813771061,1,0.07770820707082748,d5f6,True,0.9912499785423279,True,-1,2,0.24625539997941814,
1163,1661,crushing endgame long skewer,48,30,a1a8,True,0.9080858735306186,1,-0.1749458760023117,a1a8,True,0.9962499737739563,True,-1,3,20.54744739999296,
1164,1549,crushing endgame long pin,42,20,f1b5,True,0.8083596458181326,1,-0.0057172225788235664,f1b5,True,0.9512500166893005,False,2,2,13.714342099992791,
1165,1731,advantage long middlegame trappedPiece,48,48,f1e1,False,0.10912049348436881,2,-0.021526964381337166,f2f3,True,0.9574999809265137,True,-1,3,21.21808220000821,
1166,1511,advantage deflection middlegame short,31,41,a8d8,True,0.5087940824434704,1,-0.3032498061656952,a8d8,True,0.9775000214576721,True,-1,2,13.468351499992423,
1167,1583,endgame mate mateIn1 oneMove queenEndgame,93,27,d5a2,True,0.48365479007689327,1,0.2668007016181946,d5a2,True,0.9762499928474426,True,-1,1,0.17606580001302063,
1168,1787,endgame intermezzo long mate mateIn3 pillsburysMate,77,35,c8c1,False,0.014607004043769476,2,-0.12772692739963531,c8c1,False,0.23999999463558197,False,0,1,4.921174500021152,
1169,1513,crushing middlegame pin short,48,38,d3c4,True,0.3012048683754986,1,-0.19719715416431427,d3c4,True,0.981249988079071,True,-1,2,12.769166800018866,
1170,1628,crushing long middlegame pin,49,31,e7e4,True,0.999372419874611,1,-0.3789174258708954,e7e4,True,0.9987499713897705,True,-1,3,18.691772799997125,
1171,1738,crushing middlegame short trappedPiece,33,38,d5e4,False,0.09728744105355391,4,0.14270111918449402,g7g6,True,0.9512500166893005,True,-1,2,13.268284600024344,
1172,1476,endgame mate mateIn2 short,106,24,d2d8,False,0.2407099317569156,2,0.1571892648935318,d2e1,True,0.9624999761581421,True,-1,2,0.513442399998894,
1173,1562,blindSwineMate mate mateIn1 middlegame oneMove,68,33,g7g6,False,0.21253616069153608,3,0.6957511901855469,g4g6,True,0.9362499713897705,True,-1,1,0.3905404999968596,
1174,1885,attraction crushing deflection middlegame short,35,46,c2d3,False,0.09363485772409885,4,0.20173379778862,e8e2,True,0.956250011920929,True,-1,2,12.008019800006878,
1175,1501,advantage long middlegame pin queensideAttack,54,46,a5a6,False,0.1635581454415154,2,-0.9059414863586426,f4b4,True,0.9700000286102295,True,-1,3,19.91786119999597,
1176,1632,crushing middlegame sacrifice short,34,41,a1e1,False,0.0036005482522543635,18,-0.5149760246276855,a1e1,False,0.0,False,0,1,6.275915600010194,
1177,1518,crushing middlegame short xRayAttack,57,34,a8a7,False,0.20527601517612604,2,-0.5280919671058655,c3a1,True,0.9662500023841858,True,-1,2,13.936874500010163,
1178,1627,advantage long middlegame pin,33,27,d7d5,True,0.4957073671912073,1,0.02061527408659458,d7d5,True,0.9462500214576721,True,-1,3,20.501648700010264,
1179,1468,mate mateIn2 middlegame short,51,29,f7g6,True,0.4465217175491589,1,-0.9009329080581665,f7g6,True,0.9825000166893005,True,-1,2,0.2269164000172168,
1180,1735,attraction crushing fork long middlegame sacrifice,55,47,b4b3,False,0.0006229699067486881,29,0.19382503628730774,b4b3,False,0.0,False,0,1,7.302016600006027,
1181,1609,endgame mate mateIn2 rookEndgame short,79,16,h7h6,True,0.4942617332549703,1,-0.365579217672348,h7h6,True,0.9837499856948853,True,-1,2,0.3821853999979794,
1182,1550,mate mateIn2 middlegame short,46,44,d1d8,True,0.8193909634070545,1,-0.05790400877594948,d1d8,True,0.9937499761581421,True,-1,2,0.2079741999914404,
1183,1693,mate mateIn2 opening queensideAttack sacrifice short,22,44,b3d1,False,0.00027925954920428325,10,-0.07601455599069595,b3d1,False,0.0,False,0,1,6.206066600017948,
1184,1673,advantage deflection middlegame pin short skewer,52,39,h3h6,False,0.18350756025820966,2,-0.8934719562530518,h3h7,True,0.9674999713897705,True,-1,2,13.181823200022336,
1185,1597,advantage middlegame pin short,29,37,a5d2,False,0.15307095157995704,3,-0.11853721737861633,e7b4,True,0.9662500023841858,True,-1,2,13.616081000014674,
1186,1678,advantage deflection middlegame short,51,40,d6g6,False,0.0033040809933225575,11,-0.6900187730789185,d6g6,False,0.0,False,0,1,6.3305583000183105,
1187,1600,crushing endgame fork master short,88,17,e7f5,True,0.32323025708891345,1,0.3328414857387543,e7f5,True,0.9574999809265137,True,-1,2,13.062985600001412,
1188,1705,mate mateIn2 middlegame short,58,42,c6d7,False,0.004732574166525453,4,-0.5882000923156738,d4d5,False,0.0,False,0,1,5.810024500009604,
1189,1513,advantage middlegame pin short,72,35,g2e2,False,0.10816508956025424,4,-0.5954621434211731,e5g5,True,0.9674999713897705,True,-1,2,13.648371000017505,
1190,1768,advantage endgame long sacrifice,63,20,c7d8,False,0.09620188990165467,3,-0.8995935916900635,c7b8,False,0.032499998807907104,False,0,1,6.848156200023368,
1191,1757,exposedKing killBoxMate long mate mateIn3 middlegame sacrifice,51,44,h6h2,False,0.33366690385087516,2,0.33270636200904846,c4e2,True,0.9725000262260437,True,-1,3,0.9858705000078771,
1192,1717,attraction hookMate long mate mateIn3 middlegame sacrifice,38,48,d4g4,False,0.00016022946288003426,32,0.5589972734451294,d4f4,False,0.0,False,0,1,6.441341600002488,
1193,1460,advantage endgame pin short,54,39,d3c3,True,0.41840382889805405,1,0.18316879868507385,d3c3,True,0.9700000286102295,True,-1,2,13.427003800024977,
1194,1715,advantage hangingPiece middlegame short,49,36,c2c5,True,0.7475404092451885,1,0.18722280859947205,c2c5,True,0.9900000095367432,True,-1,2,12.62763490001089,
1195,1522,kingsideAttack mate mateIn2 middlegame sacrifice short,57,45,h8h1,True,0.2876904074271076,1,0.5177705883979797,h8h1,True,0.9750000238418579,True,-1,2,0.22244669997598976,
1196,1731,mate mateIn2 middlegame short,26,41,c1h6,True,0.5049894826682697,1,-0.03816238045692444,c1h6,True,0.981249988079071,True,-1,2,0.3034254999947734,
1197,1737,attackingF2F7 attraction crushing opening short,10,42,e1g1,False,0.21422392182844086,2,0.2766256034374237,c4f7,True,0.918749988079071,True,-1,2,13.464963800011901,
1198,1634,attraction crushing fork long master middlegame,42,43,e4e8,True,0.7706955922135219,1,-0.42949384450912476,e4e8,True,0.9925000071525574,True,-1,3,20.98439959998359,
1199,1576,attraction crushing deflection middlegame queensideAttack sacrifice veryLong,41,43,a3b2,True,0.8065038252127228,1,-0.4233976900577545,a3b2,True,0.9912499785423279,True,-1,4,25.82764100001077,
1200,1603,advantage discoveredAttack long middlegame,33,35,e6c8,False,0.1933103507518085,3,-0.16722692549228668,e6d5,True,0.9674999713897705,True,-1,3,18.49852200000896,
1201,1677,attraction endgame mate mateIn4 sacrifice veryLong,61,28,f4e2,False,0.073725797801508,3,-0.5676789283752441,b6b1,True,0.6800000071525574,False,2,2,13.499597000016365,
1202,1594,kingsideAttack long mate mateIn3 middlegame pin sacrifice,29,44,d8e8,False,5.279530252311027e-05,42,-0.1394263654947281,d8e8,False,0.0,False,0,1,6.038769700011471,
1203,1460,advantage deflection middlegame short,44,31,h5g6,True,0.43285267903426794,1,-0.5578374862670898,h5g6,True,0.9750000238418579,True,-1,2,11.499797199998284,
1204,1885,advantage endgame exposedKing fork long,83,32,a5a4,False,0.21209470939684086,2,-0.6783846616744995,d5d4,True,0.9637500047683716,True,-1,3,19.872399999992922,
1205,1671,mate mateIn2 middlegame operaMate short,58,36,g1g7,True,0.5518634217417305,1,-0.38679566979408264,g1g7,True,0.9825000166893005,True,-1,2,0.4879701999889221,
1206,1573,deflection mate mateIn2 middlegame pin short,55,30,g6g3,True,0.6611315101174382,1,-0.9898486137390137,g6g3,True,0.9887499809265137,True,-1,2,0.3639770000008866,
1207,1764,exposedKing long mate mateIn3 middlegame,56,32,f7b7,True,0.7264269860244553,1,-0.38216927647590637,f7b7,True,0.9900000095367432,True,-1,3,0.45100729999830946,
1208,1540,anastasiaMate attraction kingsideAttack mate mateIn4 middlegame sacrifice veryLong,55,41,b7d5,False,0.11805845959215981,2,-0.42575252056121826,b7d5,False,0.23999999463558197,False,0,1,5.869251500000246,
1209,1701,kingsideAttack mate mateIn2 middlegame sacrifice short,40,36,h3h7,False,0.02261402128422156,4,-0.18533846735954285,e4f6,True,0.8025000095367432,True,-1,2,1.4470048999937717,
1210,1526,endgame mate mateIn2 short,104,36,f3f7,True,0.7890353593946727,1,-0.27008429169654846,f3f7,True,0.9950000047683716,True,-1,2,0.13394140001037158,
1211,1512,endgame exposedKing long mate mateIn3 operaMate,95,27,f5h3,True,0.5342976938975772,1,0.08374985307455063,f5h3,True,0.9787499904632568,True,-1,3,0.8360194000124466,
1212,1859,advantage discoveredAttack opening short,35,31,e7f5,True,0.5217744516823508,1,-0.5467837452888489,e7f5,True,0.9787499904632568,True,-1,2,13.567628399992827,
1213,1471,endgame mate mateIn1 oneMove queenEndgame,92,25,f3h5,True,0.7553890968628115,1,0.27670642733573914,f3h5,True,0.987500011920929,True,-1,1,0.09193609998328611,
1214,1734,advantage fork middlegame short,29,41,e6d5,False,0.23546205796138273,2,0.06450746208429337,d6d5,True,0.9587500095367432,True,-1,2,13.07271119998768,
1215,1508,advantage endgame exposedKing fork long,80,23,c6c1,False,0.19377251488096997,3,-0.9566806554794312,e3c5,True,0.9775000214576721,True,-1,3,19.17331880002166,
1216,1696,advantage deflection endgame fork long pin skewer,63,35,g1e3,False,0.2717196418969011,2,-0.8334202766418457,g1f1,True,0.9825000166893005,True,-1,3,20.104870399984065,
1217,1518,attraction crushing long middlegame pin sacrifice,56,39,b3c4,False,0.023571001261949245,5,-0.5017105340957642,e1e7,True,0.7300000190734863,True,-1,3,19.461110000003828,
1218,1552,endgame mate mateIn1 oneMove queenEndgame,90,21,e8e5,True,0.7711468227385108,1,0.2721201181411743,e8e5,True,0.9887499809265137,True,-1,1,0.08776850000140257,
1219,1554,advancedPawn attraction discoveredAttack kingsideAttack mate mateIn2 middlegame short,44,37,g6f7,False,0.17128759328057194,2,-0.9577944278717041,g6h7,True,0.9700000286102295,True,-1,2,0.4054740999999922,
1220,1623,long mate mateIn3 middlegame pillsburysMate sacrifice,62,49,d4e5,False,4.020770660515376e-05,46,-0.2022174447774887,d4e5,False,0.0,False,0,1,6.253815499978373,
1221,1850,advantage endgame exposedKing fork veryLong,63,37,g1d1,True,0.46807405524723933,1,-0.20552510023117065,g1d1,True,0.9787499904632568,True,-1,5,33.149445100018056,
1222,1627,crushing deflection endgame rookEndgame short,107,13,c8d8,True,0.6800523213327029,1,-0.12147258967161179,c8d8,True,0.9862499833106995,True,-1,2,13.97235009999713,
1223,1534,kingsideAttack mate mateIn2 middlegame pin sacrifice short,34,51,b3a5,False,0.0002140094838224182,35,-0.4901685118675232,b3a5,False,0.0,False,0,1,7.034847700007958,
1224,1774,bishopEndgame crushing deflection endgame master short,57,20,d6c5,False,0.0010332958041985429,19,0.21478614211082458,d6c7,False,0.0,False,0,1,6.985556600004202,
1225,1571,crushing kingsideAttack middlegame pin short,43,49,g8g4,False,0.17032789984614968,3,0.5147657990455627,e5f3,True,0.9649999737739563,True,-1,2,14.622649700002512,
1226,1831,crushing endgame exposedKing fork long,55,28,f6h6,True,0.4419328881143742,1,-0.07368762791156769,f6h6,True,0.9674999713897705,True,-1,3,20.732760999992024,
1227,1809,advantage deflection fork interference middlegame veryLong,42,43,d4b6,False,0.48058942434625546,2,0.009020913392305374,d4h8,True,0.981249988079071,True,-1,4,26.26312560000224,
1228,1796,crushing master middlegame sacrifice short,57,42,e5f3,True,0.7034276034946357,1,0.48590150475502014,e5f3,True,0.9825000166893005,True,-1,2,8.078160299977753,
1229,1568,advantage attraction middlegame sacrifice short,43,44,c7h2,False,0.006576597578635086,13,-0.26659348607063293,c7h2,False,0.0,False,0,1,6.230521400022553,
1230,1625,crushing endgame master rookEndgame short skewer,69,18,d3d2,False,0.011099685072590432,4,0.027597643435001373,d3d2,False,0.3125,False,0,1,6.7647196000034455,
1231,1603,attraction clearance crushing kingsideAttack long middlegame sacrifice,73,32,f2a2,False,0.004389465932048623,14,-0.3921607732772827,f2a2,False,0.0,False,0,1,6.602885000000242,
1232,1568,advantage deflection endgame short,60,39,f6c6,False,0.2326597279994376,2,-0.19604013860225677,d1d8,True,0.9725000262260437,True,-1,2,11.734880000003614,
1233,1753,attraction crushing deflection long middlegame sacrifice,70,40,c2d1,False,0.0011712904718328468,16,0.4624742567539215,c2b3,False,0.0,False,0,1,6.704269299982116,
1234,1738,endgame mate mateIn1 oneMove,73,17,g5g4,True,0.8619137848237541,1,0.10256918519735336,g5g4,True,0.9950000047683716,True,-1,1,0.0504400999925565,
1235,1674,advantage hangingPiece middlegame short,31,36,d4a1,True,0.8032549792531267,1,0.15539097785949707,d4a1,True,0.9925000071525574,True,-1,2,12.570286700007273,
1236,1537,attraction discoveredAttack long mate mateIn3 middlegame sacrifice,46,38,e4g4,True,0.9058641641422958,1,0.45843541622161865,e4g4,True,0.8612499833106995,False,2,2,11.877195600012783,
1237,1490,endgame hookMate mate mateIn1 oneMove,94,20,h7f7,True,0.46933816586642085,1,0.09944699704647064,h7f7,True,0.9775000214576721,True,-1,1,0.16460859999642707,
1238,1516,attraction crushing endgame fork long rookEndgame sacrifice,94,13,e4e3,False,0.0031661435841003377,12,0.0058799972757697105,e4e3,False,0.0,False,0,1,6.330252899992047,
1239,1593,crushing endgame exposedKing fork long,109,22,a5f5,False,0.15534904938460556,2,-0.7885621190071106,a5a1,True,0.9674999713897705,True,-1,3,21.803886700014118,
1240,1458,crushing long middlegame pin sacrifice,37,38,d6d2,True,0.34539557144986804,1,-0.3681114614009857,d6d2,True,0.9549999833106995,True,-1,3,18.83084750000853,
1241,1523,advantage endgame master pin short,69,26,f4d3,True,0.5134607067622381,1,-0.6831278204917908,f4d3,True,0.981249988079071,True,-1,2,12.32308489998104,
1242,1496,crushing discoveredAttack discoveredCheck endgame short,89,23,f3c3,False,0.013642679567375304,7,-0.04636341705918312,f3c3,False,0.0012499999720603228,False,0,1,6.228754800016759,
1243,1577,crushing fork long middlegame sacrifice,33,39,d8c7,False,0.013179287685587527,10,0.27358439564704895,b8b7,True,0.5262500047683716,True,-1,3,16.66876680002315,
1244,1579,advantage discoveredAttack long middlegame,65,33,c8e6,False,0.16753075331546882,2,0.6495172381401062,b3a2,True,0.9662500023841858,True,-1,3,18.186105499975383,
1245,1583,advantage fork long middlegame,32,37,e5g6,False,0.1924504338819575,3,0.22960342466831207,e5d7,True,0.9537500143051147,True,-1,3,18.724421299993992,
1246,1491,advantage middlegame short skewer,77,32,f7f8,False,0.17570123054185366,2,-0.40311986207962036,c8g4,True,0.9649999737739563,True,-1,2,11.95446130001801,
1247,1653,crushing endgame long rookEndgame skewer,62,28,h3h7,True,0.8999346862890315,1,-0.5982592701911926,h3h7,True,0.9950000047683716,False,2,2,10.29679630001192,
1248,1717,advantage capturingDefender intermezzo middlegame pin short,30,33,f3e5,False,0.02822272929381332,5,-0.4605339765548706,a1f6,True,0.8650000095367432,True,-1,2,13.815894900006242,
1249,1469,crushing endgame pin short,42,28,e5g6,True,0.27438496189601497,1,0.07190447300672531,e5g6,True,0.9700000286102295,True,-1,2,13.320414999994682,
1250,2296,crushing long middlegame pin,64,36,e5g3,False,0.13018510365024283,3,-0.24229638278484344,e5g3,False,0.03500000014901161,False,0,1,6.524882400000934,
1251,2202,crushing deflection kingsideAttack middlegame pin sacrifice skewer veryLong,51,41,h7g5,False,0.0008276232046435251,19,-0.1319514960050583,h7g5,False,0.0,False,0,1,6.948146400012774,
1252,2085,mate mateIn2 middlegame short,41,36,d5g2,True,0.7469859395853885,1,-0.030853940173983574,d5g2,True,0.9925000071525574,True,-1,2,0.5476984999841079,
1253,2287,endgame exposedKing fork long mate mateIn3,71,36,e2e3,False,0.1442483471752848,3,-0.7872442603111267,d3e5,False,0.03125,False,0,1,6.233578500017757,
1254,2080,crushing deflection endgame master pawnEndgame short,72,11,d4e5,False,0.22614711734187704,2,0.7137588262557983,g2g4,True,0.8849999904632568,True,-1,2,13.56826099997852,
1255,1927,attraction crushing fork long middlegame sacrifice,46,42,h1g1,False,0.0008476051689835652,13,-0.05418214201927185,h1g1,False,0.0,False,0,1,6.121600499987835,
1256,2271,advantage intermezzo long middlegame pin,49,38,d8d3,False,0.3538133657810292,2,-0.7092920541763306,f5d3,True,0.9775000214576721,True,-1,3,20.120259499992244,
1257,1986,advantage hangingPiece long master middlegame,35,39,d8d7,True,0.8390914333972097,1,0.1273551732301712,d8d7,True,0.9887499809265137,True,-1,3,20.67393260000972,
1258,2229,advantage capturingDefender endgame short,77,28,f8f7,False,0.15869549536349264,2,0.039889294654130936,e6f6,True,0.9587500095367432,True,-1,2,13.835114199988311,
1259,1998,crushing fork middlegame pin veryLong,48,30,g3d6,True,0.39981843566036374,1,-0.7950462102890015,g3d6,True,0.9762499928474426,False,4,3,18.28282809999655,
1260,2228,crushing defensiveMove long middlegame sacrifice,37,4,g8h8,True,0.6535343180663926,1,0.3912844657897949,g8h8,True,0.9674999713897705,True,-1,3,18.406884900003206,
1261,2036,crushing discoveredAttack discoveredCheck long middlegame,68,42,d3d4,True,0.6655881003514157,1,-0.01606222614645958,d3d4,True,0.9825000166893005,True,-1,3,16.692626000003656,
1262,2043,crushing long opening trappedPiece,22,42,d5c6,True,0.6339367934735608,1,0.05678912252187729,d5c6,True,0.981249988079071,True,-1,3,19.533951599994907,
1263,1923,advantage endgame fork long,72,24,a5e5,False,0.13235064710387168,3,-0.8094691038131714,a5a8,True,0.9737499952316284,True,-1,3,17.568707300000824,
1264,1983,advantage deflection long middlegame,49,37,h5f4,True,0.5845011579267331,1,-0.5139197707176208,h5f4,True,0.9850000143051147,True,-1,3,20.788318700011587,
1265,1987,advantage castling discoveredAttack discoveredCheck master middlegame pin short,28,22,e1c1,True,0.6079762160648041,1,-0.21936750411987305,e1c1,True,0.9850000143051147,True,-1,2,13.860035999998217,
1266,2035,capturingDefender crushing deflection middlegame short,38,53,h2h3,False,0.07860434146922969,6,0.054244447499513626,e1e5,True,0.9350000023841858,True,-1,2,14.272963399998844,
1267,1906,advantage long middlegame trappedPiece,57,31,h3f3,True,0.22049754541001612,1,0.014574801549315453,h3f3,True,0.9412500262260437,True,-1,3,20.88270200000261,
1268,2162,advantage hangingPiece master masterVsMaster middlegame short,26,2,g1f1,True,0.604632395812483,1,-0.6259992122650146,g1f1,True,0.9800000190734863,True,-1,2,14.190052299993113,
1269,2087,crushing fork middlegame short,46,44,a2a3,False,0.2004183355501318,2,-0.02302563562989235,a7d7,True,0.9612500071525574,True,-1,2,13.90440729999682,
1270,2166,crushing defensiveMove endgame sacrifice short,107,4,g6g5,False,0.3777621005296283,2,0.6102759838104248,e5f5,True,0.9612500071525574,True,-1,2,14.793565200001467,
1271,2025,advancedPawn advantage endgame promotion sacrifice veryLong,74,22,g3h4,False,0.0969006005833363,4,-0.9653357267379761,f5e6,True,0.9725000262260437,True,-1,5,33.99127359999693,
1272,2223,advantage capturingDefender middlegame short,35,39,h5f3,True,0.6981381250604831,1,-0.34027329087257385,h5f3,True,0.987500011920929,True,-1,2,13.443375100003323,
1273,1950,advantage endgame fork short,72,31,c7e5,False,0.3362581108249455,2,0.21062499284744263,c7c3,True,0.9424999952316284,True,-1,2,13.680322699976387,
1274,2009,advantage discoveredAttack middlegame veryLong,35,27,g7g6,True,0.39602988986033233,1,-0.2068462073802948,g7g6,True,0.39625000953674316,False,2,2,12.656841699994402,
1275,2142,advantage attraction middlegame pin veryLong,35,30,a5b4,True,0.941711353661024,1,0.36394721269607544,a5b4,True,0.9900000095367432,True,-1,4,23.888566000008723,
1276,2062,advantage discoveredAttack discoveredCheck endgame fork sacrifice veryLong,60,33,a3a4,False,0.004192383126156574,19,-0.2882574498653412,d3e2,False,0.0,False,0,1,6.200900700001512,
1277,1990,backRankMate long mate mateIn3 middlegame,53,35,d8e8,False,0.0053089246373789365,6,-0.976725161075592,d8e8,False,0.0,False,0,1,6.078887899988331,
1278,1937,crushing fork middlegame veryLong,32,41,c1f4,False,0.01065861266839086,11,0.5892752408981323,b3d1,False,0.0012499999720603228,False,0,1,6.619138399983058,
1279,2242,advancedPawn advantage endgame promotion sacrifice veryLong,66,18,b5b6,True,0.47516237419398694,1,0.687014102935791,b5b6,True,0.949999988079071,True,-1,5,31.627704800019274,
1280,1963,advancedPawn crushing deflection endgame long promotion rookEndgame,120,18,h6h7,True,0.4018926429662874,1,-0.0598822645843029,g6b6,False,0.09624999761581421,False,0,1,6.312361100019189,
1281,2181,crushing master middlegame sacrifice short,64,46,a6g6,False,0.11513125197081507,4,-0.6000394225120544,d5e5,True,0.9700000286102295,True,-1,2,8.200373800005764,
1282,2302,advantage deflection kingsideAttack long master middlegame pin,35,39,e6c4,False,0.35333741352344356,2,-0.3065681457519531,e6c4,False,0.04125000163912773,False,0,1,7.2735035000077914,
1283,1998,attraction crushing discoveredAttack discoveredCheck exposedKing fork middlegame pin veryLong,52,34,e4c5,False,0.11941929671932022,3,-0.5670768618583679,f3g4,True,0.8362500071525574,True,-1,4,27.24052340001799,
1284,1933,mate mateIn2 middlegame queensideAttack short,46,44,c3c4,False,0.21996008606064202,2,-0.48621073365211487,a2a8,True,0.9537500143051147,True,-1,2,0.7021941000130028,
1285,1950,advantage fork master middlegame short,67,39,a2b2,False,0.08180856768473431,3,0.059863150119781494,a2a5,True,0.9437500238418579,True,-1,2,11.999042300012661,
1286,1943,advantage endgame fork long,66,34,f3g3,False,0.14516610013545533,2,-0.004938486963510513,f3f5,True,0.8887500166893005,True,-1,3,18.93337660000543,
1287,2027,attraction crushing discoveredAttack exposedKing long middlegame pin sacrifice,33,43,d8d5,False,0.004463696729495344,9,0.2221137285232544,c6e5,False,0.0,False,0,1,7.510028499993496,
1288,2289,advancedPawn crushing discoveredAttack discoveredCheck endgame long rookEndgame,96,7,a7a6,False,0.10351024472301117,3,0.03677346557378769,a7a6,False,0.04625000059604645,False,0,1,6.403725899988785,
1289,1928,advantage discoveredAttack kingsideAttack middlegame short,32,44,d3h7,True,0.2994368513891068,1,0.0069060190580785275,d3h7,True,0.9449999928474426,True,-1,2,12.413967100001173,
1290,2062,crushing fork middlegame veryLong,69,30,d7d3,True,0.7233008197652424,1,-0.7022231817245483,d7d3,True,0.9900000095367432,True,-1,4,20.962008900009096,
1291,2084,advantage endgame long pin,61,29,a6c4,False,0.16642657555305673,3,-0.5316488742828369,f4g4,True,0.7599999904632568,True,-1,3,19.890347900014604,
1292,1942,deflection kingsideAttack mate mateIn4 middlegame veryLong,46,39,d1c1,False,0.09994416884078279,3,-0.42172253131866455,d1d6,False,0.011250000447034836,False,0,1,6.830916199978674,
1293,2004,attraction mate mateIn4 middlegame sacrifice veryLong,47,39,d6h2,False,0.03624894341641779,5,-0.39588382840156555,d6h2,False,0.029999999329447746,False,0,1,5.3737798999936786,
1294,2300,advancedPawn crushing endgame long promotion sacrifice,96,19,g5g6,False,0.010600667317937885,9,-0.27711862325668335,g5g6,False,0.0012499999720603228,False,0,1,5.250368499982869,
1295,1978,dovetailMate endgame mate mateIn2 sacrifice short,60,31,d7g4,False,0.0013675969815744873,9,0.6909905672073364,d7e6,False,0.0,False,0,1,5.804284499987261,
1296,1901,advancedPawn endgame mate mateIn2 pawnEndgame short,98,7,c6c7,False,0.06742274801272671,2,-0.1053164154291153,e6d6,True,0.9262499809265137,True,-1,2,0.493339599983301,
1297,1959,crushing endgame pin short,59,33,f4f3,True,0.3057949514651583,1,-0.02844179980456829,f4f3,True,0.9075000286102295,False,2,2,12.75693850000971,
1298,2185,crushing kingsideAttack long middlegame pin sacrifice,47,58,g4e3,False,0.018764656460073456,5,0.7932692766189575,c5d5,True,0.737500011920929,True,-1,3,17.871729100006633,
1299,2186,advantage capturingDefender long middlegame,41,42,f5f2,True,0.8180593512525721,1,0.05236874893307686,f5f2,True,0.9925000071525574,True,-1,3,20.83685439999681,
1300,2253,advantage long middlegame trappedPiece,32,50,c4d5,True,0.9595779881608304,1,0.00382813042961061,c4d5,True,0.9962499737739563,True,-1,3,21.399136099993484,
1301,2089,crushing endgame long sacrifice,64,34,a2a4,False,0.006611074099324199,10,0.3553578853607178,a2a4,False,0.0,False,0,1,7.075555999996141,
1302,2291,crushing deflection middlegame pin veryLong,45,45,d6e5,False,0.10094642757435189,3,-0.1387787014245987,g6g3,True,0.9200000166893005,True,-1,4,21.41653529999894,
1303,2013,crushing fork middlegame sacrifice veryLong,62,41,h2h7,True,0.8073198372404135,1,-0.6457071304321289,h2h7,True,0.9925000071525574,True,-1,4,23.559433799993712,
1304,2095,advantage capturingDefender long middlegame,53,32,b6b2,True,0.9366988447053965,1,0.044580549001693726,b6b2,True,0.9950000047683716,False,2,2,13.76776869999594,
1305,1945,crushing endgame hangingPiece knightEndgame quietMove veryLong,97,12,c3b1,False,0.29496311199437997,2,-0.06534835696220398,e4f3,True,0.9674999713897705,True,-1,4,23.47417130001122,
1306,1944,discoveredAttack discoveredCheck endgame long mate mateIn3,65,19,d2b2,True,0.8225751447859375,1,-0.9688178300857544,d2b2,True,0.9887499809265137,False,2,2,1.0764144000131637,
1307,1960,crushing deflection endgame knightEndgame long,65,2,c6d4,True,0.7068904207038726,1,-0.040800951421260834,c6d4,True,0.9912499785423279,True,-1,3,18.978062699985458,
1308,2038,advantage discoveredAttack middlegame short,30,27,d3h7,False,0.09431215662048122,3,-0.5708380937576294,d3c4,True,0.7200000286102295,True,-1,2,11.868627499992726,
1309,1910,advantage defensiveMove hangingPiece middlegame short,46,46,d5a8,True,0.8599762863672944,1,0.0567813478410244,d5a8,True,0.9937499761581421,True,-1,2,12.62727480000467,
1310,2145,advantage hangingPiece long opening,23,31,h6f7,False,0.31047336418814064,2,-0.12676861882209778,a5c4,True,0.9337499737739563,True,-1,3,18.227355399983935,
1311,2281,advantage attraction kingsideAttack long middlegame pin sacrifice,58,38,g4h4,False,0.001125570408985868,24,-0.44137993454933167,d3g6,False,0.0,False,0,1,5.919234199973289,
1312,1993,advancedPawn advantage endgame promotion sacrifice veryLong,65,20,h7h6,False,0.012801389485051537,8,0.3743663728237152,f4f3,False,0.0012499999720603228,False,0,1,6.7699815000232775,
1313,1910,advantage exposedKing fork long middlegame sacrifice,60,39,b2b1,False,0.06119445264458258,4,0.22271472215652466,b2f2,False,0.004999999888241291,False,0,1,7.220619200001238,
1314,2192,attraction crushing deflection kingsideAttack long middlegame sacrifice,36,42,c3e2,False,0.0005062302115768563,14,-0.009204535745084286,c1g5,False,0.0,False,0,1,6.827044800011208,
1315,1951,mate mateIn2 middlegame short,34,43,c1f4,True,0.8140200202627351,1,-0.6850273609161377,c1f4,True,0.9925000071525574,True,-1,2,0.4963912999955937,
1316,2072,crushing deflection endgame pawnEndgame veryLong zugzwang,111,8,c6d6,False,0.30146260939992203,2,-0.02847602404654026,c6c5,True,0.8637499809265137,True,-1,4,27.14684989998932,
1317,2140,advantage deflection middlegame pin short,47,50,g4h5,False,0.08825273585571868,5,-0.5112137198448181,g6f4,True,0.9574999809265137,True,-1,2,10.95234889999847,
1318,2123,advantage middlegame pin sacrifice veryLong,33,2,g8h8,True,0.8553475607786889,1,-0.033240608870983124,g8h8,True,0.981249988079071,False,2,2,13.386024000006728,
1319,2200,advantage discoveredAttack endgame exposedKing fork master pin quietMove sacrifice skewer veryLong,112,39,d4a7,False,0.004702685896668927,13,-0.769880473613739,d4a7,False,0.0,False,0,1,7.077129699988291,
1320,2150,advantage deflection master middlegame pin queensideAttack short,54,36,f1c1,False,0.0005509956315485734,28,-0.31165608763694763,f1c1,False,0.0,False,0,1,7.31081609998364,
1321,2297,crushing defensiveMove discoveredCheck doubleCheck master middlegame short,68,40,g5f6,True,0.8628987830698623,1,-0.047180041670799255,g5f6,True,0.9962499737739563,True,-1,2,8.9834736000048,
1322,2304,advantage fork master middlegame short,57,42,c8b8,False,0.011193894228449878,8,-0.022291934117674828,c8b8,False,0.0024999999441206455,False,0,1,6.5882446999894455,
1323,1963,advantage exposedKing fork opening veryLong,23,2,f8d6,True,0.978021099161785,1,-0.5881029963493347,f8d6,True,0.9987499713897705,True,-1,4,26.22351099998923,
1324,1921,crushing fork long middlegame,21,40,f6b2,True,0.8301615386876785,1,-0.22517672181129456,f6b2,True,0.9912499785423279,True,-1,3,17.92568359998404,
1325,1982,crushing endgame long pin,71,40,a6b5,False,0.12471714554013842,2,0.32131993770599365,e3e1,True,0.956250011920929,True,-1,3,17.864488000021083,
1326,2138,crushing endgame long pin,79,24,e2h5,False,0.006620417621496566,9,-0.8616359829902649,e2h5,False,0.0,False,0,1,3.579591599991545,
1327,2181,advantage fork long opening,29,37,e5f3,True,0.6260227108542099,1,-0.7920037508010864,e5f3,True,0.9837499856948853,True,-1,3,18.980770099995425,
1328,1907,endgame epauletteMate mate mateIn2 short,74,32,f2a7,True,0.3467765312844399,1,-0.049495961517095566,f2a7,True,0.9762499928474426,True,-1,2,0.28279600001405925,
1329,2335,advantage discoveredAttack middlegame short,53,38,c6e7,False,0.2861235832999849,2,-0.6647257804870605,g4f5,True,0.8525000214576721,False,2,2,14.527107500005513,
1330,2071,advantage long middlegame pin,29,52,e5f3,True,0.6376904014871507,1,-0.6659619808197021,e5f3,True,0.9725000262260437,True,-1,3,15.956024699989939,
1331,2203,crushing endgame long pin quietMove,61,41,b8h8,False,0.11944339714197928,3,0.1384151726961136,b8h8,False,0.023749999701976776,False,0,1,6.139332999999169,
1332,2338,advantage clearance endgame skewer veryLong,62,32,h2h7,True,0.8111690047327691,1,-0.6911351084709167,h2h7,True,0.9937499761581421,True,-1,5,32.52770540001802,
1333,2120,advancedPawn crushing endgame pin short,92,23,g6g7,True,0.450014025182374,1,0.433199405670166,g6g7,True,0.6962500214576721,True,-1,2,14.09036639999249,
1334,2024,crushing defensiveMove hangingPiece middlegame pin veryLong,43,50,e5a1,True,0.8553821487846499,1,-0.7719553709030151,e5a1,True,0.9950000047683716,True,-1,4,16.26869609998539,
1335,1987,advantage endgame fork long,63,40,h5e2,True,0.6132636677365764,1,0.18265022337436676,h5e2,True,0.9837499856948853,True,-1,3,18.569120999978622,
1336,2324,crushing deflection endgame veryLong,62,33,a3b4,False,0.14734174222759763,3,0.0970955565571785,a3b4,False,0.008750000037252903,False,0,1,6.8941435999877285,
1337,1900,crushing deflection exposedKing long middlegame xRayAttack,60,41,f1f8,False,0.041628513101424125,4,0.34786203503608704,g6h7,True,0.9162499904632568,True,-1,3,18.342313100001775,
1338,2219,advantage long middlegame skewer,21,36,h5g4,False,0.050577062003185944,4,-0.3333072364330292,h5g4,False,0.004999999888241291,False,0,1,6.189024499995867,
1339,1908,endgame mate mateIn1 oneMove,89,37,e6g5,True,0.3740436170993014,1,0.2852950692176819,e6g5,True,0.9662500023841858,True,-1,1,0.23134910000953823,
1340,1945,advantage fork long middlegame pin,58,43,e5e6,False,0.12590619676835718,2,0.42392122745513916,e5d6,True,0.918749988079071,True,-1,3,14.607704800000647,
1341,2148,crushing discoveredAttack kingsideAttack master middlegame short,48,45,d7f6,False,0.07374681415853603,4,-0.4899307191371918,d7f6,False,0.011250000447034836,False,0,1,6.120862000010675,
1342,2002,advantage deflection kingsideAttack long master middlegame,55,37,f4h3,True,0.2648014027513365,1,0.01660063862800598,f4h3,True,0.9712499976158142,True,-1,3,15.268006600002991,
1343,1964,advantage exposedKing long middlegame sacrifice,42,40,g5e4,True,0.6360134409519881,1,0.7235668301582336,g5e4,True,0.9837499856948853,True,-1,3,18.84352230001241,
1344,2153,crushing kingsideAttack middlegame pin veryLong,66,43,f7f8,True,0.3601982318988584,1,-0.6195707321166992,f7f8,True,0.8675000071525574,True,-1,4,24.979177100001834,
1345,2083,endgame mate mateIn2 short,95,19,a2a1,True,0.4001994877445253,1,0.17218457162380219,a2a1,True,0.9662500023841858,True,-1,2,0.8049291000061203,
1346,2203,advantage defensiveMove deflection endgame exposedKing veryLong,70,5,e1e2,False,0.23927072203381236,2,-0.3718402683734894,e1f1,True,0.9775000214576721,False,6,4,20.516207000007853,
1347,2006,crushing endgame long pin,44,38,d1d8,True,0.6559428994642855,1,-0.06440228968858719,d1d8,True,0.9850000143051147,True,-1,3,7.0822728000057396,
1348,2223,advantage fork long middlegame,61,36,e2g3,True,0.7565837581611298,1,-0.5890465378761292,e2g3,True,0.9925000071525574,True,-1,3,21.278882199985674,
1349,2033,advantage endgame exposedKing fork long,109,26,h2h1,True,0.8028021979928803,1,-0.07008378952741623,h2h1,True,0.9887499809265137,True,-1,3,18.545638499985216,
1350,1903,deflection kingsideAttack master mate mateIn4 middlegame sacrifice veryLong,50,46,d2e3,False,0.00031037892200118513,11,-0.6858639121055603,d2e3,False,0.0,False,0,1,6.237114000017755,
1351,2019,advantage endgame short skewer,51,31,e8c8,True,0.38442059282887386,1,-0.383167028427124,e8c8,True,0.9674999713897705,True,-1,2,11.483388199994806,
1352,2073,advantage discoveredAttack discoveredCheck endgame short,71,44,d5e4,False,0.033462716748352654,4,-0.12227561324834824,d5e4,False,0.007499999832361937,False,0,1,6.1604703000048175,
1353,1921,endgame long mate mateIn3,49,40,f1f5,True,0.6329217550682589,1,0.2814464569091797,f1f5,True,0.9837499856948853,True,-1,3,0.7145389000070281,
1354,2228,crushing fork master middlegame short,42,45,d1d5,False,0.022549440208938523,8,0.35057273507118225,a7a5,True,0.8174999952316284,True,-1,2,10.944334300002083,
1355,1993,crushing endgame pin short,69,36,f7f6,False,0.06108827006872062,5,0.2132224589586258,c7g3,True,0.9237499833106995,True,-1,2,11.447657300013816,
1356,2032,advancedPawn collinearMove crushing endgame master pin veryLong,80,28,f7d5,False,0.05051394176106789,5,-0.03784310072660446,g3e5,True,0.8337500095367432,True,-1,4,24.918025599996326,
1357,2256,advantage capturingDefender master middlegame short,50,28,b7c6,True,0.34937288883155315,1,0.36888357996940613,b7c6,True,0.949999988079071,True,-1,2,12.702596499992069,
1358,1934,endgame long mate mateIn3,75,34,a6b7,True,0.5521153203062569,1,0.15640993416309357,a6b7,True,0.9837499856948853,True,-1,3,0.606719899980817,
1359,2249,advancedPawn endgame fork master mate mateIn2 short,71,22,g3g2,False,0.059895260091667124,3,-0.45921021699905396,h4e4,True,0.8525000214576721,True,-1,2,0.9794928999908734,
1360,2295,advantage long middlegame pin,58,48,g6e6,True,0.33920510718868946,1,-0.13273927569389343,g6e6,True,0.9350000023841858,True,-1,3,19.779877699998906,
1361,1929,advantage fork long middlegame sacrifice,62,39,f4f3,False,0.002715497308791868,9,-0.18110422790050507,f4f3,False,0.0,False,0,1,6.775734499999089,
1362,2096,advantage fork middlegame veryLong,49,37,f8f3,True,0.629472805641438,1,-0.0011158877750858665,f8f3,True,0.8949999809265137,False,2,2,13.503268600004958,
1363,2309,advancedPawn advantage attraction endgame promotion queenRookEndgame veryLong,73,4,f4f5,True,0.9212073055598132,1,0.07337145507335663,f4f5,True,0.9962499737739563,True,-1,4,28.191294799995376,
1364,2347,advantage attraction kingsideAttack long middlegame sacrifice,54,41,f6e7,False,0.31933378000226886,2,0.02404678985476494,g3g7,True,0.6725000143051147,True,-1,3,16.50360539997928,
1365,2270,advantage hangingPiece middlegame short,28,40,f7f8,True,0.6415605725404404,1,0.1221674308180809,f7f8,True,0.9850000143051147,True,-1,2,12.277862500021001,
1366,2131,advantage discoveredAttack long middlegame,32,48,e3h6,False,0.025196433888658682,5,-0.12201052904129028,e3g3,True,0.8362500071525574,True,-1,3,19.49482409999473,
1367,2062,advantage long middlegame pin quietMove,53,42,g8g3,False,0.2227551396184716,2,0.25390392541885376,d7e5,True,0.8187500238418579,True,-1,3,18.57869799999753,
1368,1981,crushing discoveredAttack discoveredCheck kingsideAttack middlegame sacrifice short,33,45,d7h3,True,0.3993104682891816,1,0.322660356760025,d7h3,True,0.96875,True,-1,2,10.211927299998933,
1369,1968,crushing middlegame pin veryLong,59,50,a8d8,False,0.001126417150037117,16,-0.8139609098434448,a8d8,False,0.0,False,0,1,6.465388799988432,
1370,1943,endgame long mate mateIn3 triangleMate,73,29,e6h6,False,0.4031920767780498,2,0.21609961986541748,d5f3,True,0.9725000262260437,True,-1,3,0.6337269999785349,
1371,1953,crushing endgame long master skewer,50,36,g3f3,True,0.5783453107147121,1,-0.4157918691635132,g3f3,True,0.987500011920929,True,-1,3,15.607820200006245,
1372,2020,advantage discoveredAttack long middlegame,23,53,d5d7,False,0.1497463940840541,2,-0.3166828155517578,d5c4,True,0.9300000071525574,True,-1,3,18.876837699994212,
1373,1935,bishopEndgame crushing endgame hangingPiece long,77,19,f7b3,True,0.8316453181303386,1,-0.8712156414985657,f7b3,True,0.9925000071525574,True,-1,3,18.4031427000009,
1374,2032,advantage middlegame short trappedPiece,36,49,c2c3,False,0.0483553543747225,6,-0.09572547674179077,d1a1,True,0.7262499928474426,True,-1,2,12.416582499979995,
1375,2012,crushing deflection fork hangingPiece long middlegame,40,45,g2d5,True,0.8845954849261021,1,0.29522818326950073,g2d5,True,0.9937499761581421,True,-1,3,12.592209800001001,
1376,1969,advantage fork middlegame short,37,36,b6c6,False,0.020616503924297945,6,0.32186079025268555,b4c2,True,0.7325000166893005,True,-1,2,13.897145100025227,
1377,1950,advantage attraction kingsideAttack long middlegame,52,52,c6e7,True,0.5448310284562528,1,-0.0538867712020874,c6e7,True,0.96875,True,-1,3,19.775865300005535,
1378,2196,advantage doubleCheck endgame short,70,29,b3c2,False,0.07277970710686152,6,-0.9936140179634094,e6c6,False,0.10875000059604645,False,0,1,5.870512199995574,
1379,2320,advantage discoveredAttack long middlegame,41,38,e7g5,False,0.02075765996412748,4,0.5336582064628601,g7d4,True,0.5024999976158142,True,-1,3,17.907065600011265,
1380,2296,advancedPawn crushing discoveredAttack discoveredCheck endgame exposedKing veryLong,95,22,c2h2,False,0.2385145851137804,2,0.4501684308052063,c2e2,True,0.8675000071525574,False,6,4,23.644887699978426,
1381,1915,crushing deflection middlegame short,43,39,c8c3,False,0.007435295209489942,8,0.021119464188814163,c8c3,False,0.0,False,0,1,6.232578499999363,
1382,2278,crushing long middlegame pin,37,44,d4e6,False,0.14928204140285506,4,-0.03291253000497818,d7c6,True,0.9700000286102295,True,-1,3,18.63058500000625,
1383,1937,advantage discoveredAttack discoveredCheck endgame veryLong,43,23,d6f4,True,0.4218901482620953,1,-0.9933953881263733,d6f4,True,0.9800000190734863,True,-1,5,19.355626200005645,
1384,2123,advantage attraction fork long master middlegame sacrifice,21,40,b6a6,False,0.00023097763262118335,29,0.034015778452157974,b6a6,False,0.0,False,0,1,6.2661076999793295,
1385,2236,crushing defensiveMove endgame pawnEndgame quietMove sacrifice veryLong,98,7,b2b3,True,0.8945140676740579,1,-0.4884107708930969,b2b3,True,0.9925000071525574,True,-1,5,31.91450499999337,
1386,2031,crushing deflection discoveredAttack discoveredCheck kingsideAttack long middlegame,41,37,g8g2,True,0.6661223045913433,1,-0.9285589456558228,g8g2,True,0.9887499809265137,True,-1,3,18.188082299981033,
1387,1903,advantage endgame fork master masterVsMaster short,76,27,d5e3,True,0.45780372512702683,1,-0.38099148869514465,d5e3,True,0.956250011920929,True,-1,2,12.563323300011689,
1388,2075,advantage attraction fork long middlegame,38,46,d1e1,False,0.12141719144386284,3,0.07499013841152191,d1d8,True,0.9462500214576721,True,-1,3,15.578375399985816,
1389,2205,advantage endgame master pin sacrifice veryLong,61,28,h5f4,False,0.02089533651985329,5,-0.6031660437583923,h5f4,False,0.0037499999161809683,False,0,1,6.365350799984299,
1390,2279,crushing defensiveMove discoveredAttack fork middlegame veryLong,67,30,f8e6,False,0.03831278801754108,2,-0.5529294013977051,f8e6,False,0.004999999888241291,False,0,1,6.4163738999923225,
1391,2035,advancedPawn crushing endgame long sacrifice,86,33,g7f6,False,0.11435705030410445,5,-0.10528527200222015,g7h8,False,0.016249999403953552,False,0,1,6.245198000018718,
1392,2127,advantage attraction deflection kingsideAttack long middlegame sacrifice,39,45,d6c5,False,0.021475309033791853,6,0.27802222967147827,h8h2,True,0.7825000286102295,True,-1,3,18.709056699997745,
1393,2028,crushing fork intermezzo long middlegame,53,41,g7d4,True,0.650685137719907,1,0.3976432681083679,g7d4,True,0.9612500071525574,True,-1,3,17.31015600002138,
1394,2301,crushing long middlegame pin sacrifice,34,44,f3g5,False,0.0008383700383365179,5,0.05105000361800194,f3g5,False,0.0,False,0,1,5.826018599997042,
1395,2140,crushing endgame fork long,64,38,b5a5,False,0.2466481295493222,3,0.18788863718509674,e5c6,True,0.9387500286102295,True,-1,3,14.345847799995681,
1396,2297,advantage discoveredAttack long middlegame pin,49,29,e5e4,False,0.06604959483997859,5,-0.2585892379283905,c8h3,True,0.8849999904632568,True,-1,3,17.811911900003906,
1397,2004,advantage discoveredAttack kingsideAttack long middlegame sacrifice,46,39,b2e5,True,0.4174821050277734,1,-0.34580832719802856,b2e5,True,0.9787499904632568,True,-1,3,18.92180680000456,
1398,2045,advantage kingsideAttack long middlegame pin sacrifice,43,47,d5c6,False,0.0017291766581056232,13,-0.010188404470682144,d5c6,False,0.0,False,0,1,7.550287799997022,
1399,2153,advantage fork master masterVsMaster middlegame short,50,49,f5g4,False,0.011513455063136691,13,0.1666635423898697,c5a6,True,0.29499998688697815,True,-1,2,12.331087799975649,
1400,2136,mate mateIn2 middlegame short,59,35,h3f3,True,0.44623081672347037,1,0.006225460208952427,h3f3,True,0.9787499904632568,True,-1,2,0.19895910000195727,
1401,2059,crushing fork master middlegame short,36,39,f1f3,False,0.07243106138568316,5,0.031163878738880157,d5c7,True,0.8762500286102295,True,-1,2,13.053216499974951,
1402,1967,advantage endgame fork long,72,35,e5f6,False,0.07093859829607116,5,-0.13262319564819336,e5h5,True,0.9637500047683716,True,-1,3,18.934036200022092,
1403,2228,attraction crushing endgame fork long sacrifice,68,29,f7f1,False,0.0027581521237546617,11,-0.9513364434242249,f7f1,False,0.0,False,0,1,6.516689900017809,
1404,1980,advantage endgame fork long sacrifice,69,28,c8b8,False,0.015029160409904556,11,0.648242175579071,c8b8,False,0.008750000037252903,False,0,1,5.174762199982069,
1405,2105,attraction mate mateIn5 middlegame operaMate sacrifice veryLong,38,39,h5h6,False,0.0006473867814544937,18,-0.8261651992797852,h5g5,False,0.0,False,0,1,6.607832800014876,
1406,2137,advantage middlegame short trappedPiece,25,46,b4e7,True,0.5250136898688376,1,-0.14255394041538239,b4e7,True,0.981249988079071,True,-1,2,13.018055799999274,
1407,2058,crushing discoveredAttack middlegame sacrifice veryLong,40,29,h4h5,True,0.7941797669469828,1,0.13128569722175598,h4h5,True,0.9925000071525574,True,-1,4,21.212859099992784,
1408,2161,crushing fork long middlegame,38,36,e4c5,False,0.08532328294015216,2,0.27168968319892883,e4c5,False,0.02250000089406967,False,0,1,6.934780799987493,
1409,2170,crushing endgame fork short,66,43,g5f7,False,0.16585926678851173,3,0.6763572692871094,g5e6,True,0.925000011920929,True,-1,2,9.002297400002135,
1410,2058,advantage discoveredAttack discoveredCheck fork long middlegame,44,40,f7h8,False,0.004846952967089175,11,-0.5139991641044617,f7h8,False,0.0,False,0,1,6.789943699986907,
1411,2117,advantage fork middlegame short,39,41,h6g6,False,0.04423911324426855,6,-0.46162518858909607,f7f5,True,0.9325000047683716,True,-1,2,13.735923900007037,
1412,1913,advantage attackingF2F7 middlegame pin short,28,44,d3b5,True,0.6019456392131771,1,-0.33993664383888245,d3b5,True,0.9825000166893005,True,-1,2,12.007101399998646,
1413,2170,advantage middlegame quietMove sacrifice short,48,51,g5h3,False,0.20483466245520374,3,-0.8551286458969116,a1e1,True,0.9649999737739563,True,-1,2,10.738965299999109,
1414,2042,advantage capturingDefender endgame short,100,34,g4e5,False,0.17474967147522188,2,0.19124384224414825,d3b5,True,0.9300000071525574,True,-1,2,12.034267200011527,
1415,1954,crushing discoveredAttack kingsideAttack long middlegame,26,50,b1c3,False,0.22831840468691073,3,0.01401432789862156,e5d7,True,0.9262499809265137,False,2,2,12.260318099986762,
1416,1944,crushing deflection endgame veryLong,62,39,c4h4,True,0.5186318397985308,1,-0.3492324948310852,c4h4,True,0.7799999713897705,True,-1,6,37.247506199986674,
1417,1945,crushing endgame long pin,75,44,e3f3,True,0.22779149187087885,1,0.3170608878135681,e3f3,True,0.8587499856948853,True,-1,3,17.63189930000226,
1418,1921,advantage middlegame short trappedPiece,43,39,f6d5,False,0.3386610491168219,2,-0.9649922847747803,d8c8,True,0.9712499976158142,True,-1,2,12.058946100005414,
1419,2233,crushing hangingPiece middlegame veryLong,55,2,g8g7,True,0.9442925569996303,1,-0.19737017154693604,g8g7,True,0.9987499713897705,False,6,4,23.029220299998997,
1420,2272,advantage long middlegame quietMove sacrifice,50,40,g5h7,True,0.4224642259147025,1,0.4485814571380615,h6h3,False,0.07124999910593033,False,0,1,6.181064500007778,
1421,1963,advantage attraction long middlegame pin sacrifice skewer,38,41,h5g5,False,0.047113256276137556,6,-0.8901357650756836,f5f7,True,0.9337499737739563,True,-1,3,18.940576399996644,
1422,2013,advantage fork long master middlegame,41,33,e6d5,True,0.49717586151314824,1,-0.25331956148147583,e6d5,True,0.9662500023841858,True,-1,3,19.140996600006474,
1423,1992,advancedPawn crushing kingsideAttack long middlegame promotion sacrifice,72,37,h5g4,False,0.031081288011539584,6,-0.3611847460269928,h5e8,True,0.8824999928474426,True,-1,3,18.02173569999286,
1424,1908,crushing discoveredAttack discoveredCheck endgame short,61,31,d4e2,False,0.033736679541547104,6,0.6224784255027771,d4f5,True,0.8974999785423279,True,-1,2,13.635320599976694,
1425,1906,crushing kingsideAttack middlegame pin short,33,40,h4h3,False,0.3697848901487482,2,-0.09085382521152496,h4g3,True,0.9737499952316284,True,-1,2,11.937139499990735,
1426,2028,crushing discoveredCheck doubleCheck middlegame short,48,36,f4e3,False,0.19425479786430894,2,-0.12191072851419449,f5d6,True,0.9712499976158142,True,-1,2,8.773686300002737,
1427,2225,discoveredAttack discoveredCheck mate mateIn2 middlegame short,52,3,d2d1,False,0.010248448558075145,3,-0.9771619439125061,d2d1,False,0.23375000059604645,False,0,1,4.8176052999915555,
1428,2319,advantage attraction kingsideAttack long opening sacrifice,21,52,c6e5,False,0.025888889063175786,3,-0.033268820494413376,a7f2,True,0.8362500071525574,True,-1,3,16.75140479998663,
1429,2061,crushing fork middlegame short,63,34,g8g3,True,0.6004969349425664,1,0.048641838133335114,g8g3,True,0.9837499856948853,True,-1,2,12.323153300007107,
1430,1995,advantage fork middlegame short,30,29,a1c1,False,0.17373880076307316,2,-0.6645568013191223,g3e5,True,0.9712499976158142,True,-1,2,12.886185499985004,
1431,2211,advantage deflection fork long middlegame,85,35,g5f4,True,0.6803101005741182,1,-0.34006473422050476,g5f4,True,0.9750000238418579,True,-1,3,17.590394099999685,
1432,2083,crushing discoveredAttack long middlegame,48,48,e3g3,True,0.5072174905854219,1,-0.6976736187934875,e3g3,True,0.9725000262260437,True,-1,3,18.61167799998657,
1433,2242,advantage endgame long trappedPiece,50,28,e2e4,False,0.22174937706756323,2,-0.22585231065750122,e2d2,True,0.8687499761581421,True,-1,3,18.58381699997699,
1434,1907,advantage discoveredAttack discoveredCheck middlegame short,30,45,d1g4,False,0.3108168661479688,2,-0.47494661808013916,b3d5,True,0.9775000214576721,True,-1,2,10.094589599990286,
1435,2036,crushing master middlegame pin short,50,40,g1g6,False,0.004164810402489536,9,-0.3746849298477173,g1g6,False,0.0,False,0,1,6.327210000017658,
1436,2306,crushing deflection fork long middlegame,48,41,b3d3,False,0.03443307300927113,6,0.09238296747207642,b3d3,False,0.4612500071525574,False,0,1,5.526608499989379,
1437,2309,crushing deflection endgame sacrifice veryLong,58,32,e2e6,False,0.028462378194098456,5,-0.3193330764770508,e2e6,False,0.0037499999161809683,False,0,1,6.05860630000825,
1438,2165,advantage hangingPiece long middlegame,43,41,d6e5,True,0.5298160953474589,1,-0.8690999150276184,d6e5,True,0.9825000166893005,False,2,2,12.356174599990482,
1439,2202,attraction kingsideAttack mate mateIn4 middlegame pillsburysMate sacrifice veryLong,50,46,e2e8,True,0.4848452379518635,1,-0.5326848030090332,e2e8,True,0.8600000143051147,False,2,2,12.203303700021934,
1440,1936,endgame long mate mateIn3 queenEndgame,91,30,f1e2,False,0.11327426443981055,2,-0.16933749616146088,h6h5,True,0.9537500143051147,True,-1,3,1.0510724999767262,
1441,2101,advantage discoveredAttack middlegame short,42,39,h5g6,False,0.0150505480425904,12,-0.5695981979370117,e4f6,True,0.6175000071525574,True,-1,2,14.008080500003416,
1442,2058,advantage attraction exposedKing fork middlegame veryLong,49,40,d7a4,False,0.0072312685820732445,18,-0.717970073223114,d7a4,False,0.0,False,0,1,7.313175899995258,
1443,2015,advantage attraction endgame fork sacrifice veryLong,56,31,e4f6,False,0.2209233641037559,2,-0.8220563530921936,e4f6,False,0.08874999731779099,False,0,1,5.578405700012809,
1444,2201,advantage defensiveMove master middlegame pin short,56,38,a1d1,False,0.2207401638063372,3,0.427211731672287,g4c8,True,0.9662500023841858,True,-1,2,7.836203999991994,
1445,2186,long mate mateIn3 middlegame sacrifice,49,43,g4f4,False,0.0006913525786726835,30,0.49555882811546326,g4f4,False,0.0,False,0,1,4.962943700025789,
1446,1950,endgame mate mateIn2 short,133,27,d1a4,False,0.022378474672620642,3,0.00897946860641241,d1d3,True,0.7987499833106995,True,-1,2,1.8040994000039063,
1447,2074,crushing endgame fork long,92,36,e4e8,False,0.050577853353026746,3,0.334945410490036,f2e3,True,0.7524999976158142,True,-1,3,18.424108400009573,
1448,2052,crushing exposedKing interference long middlegame sacrifice,48,41,g6d6,False,0.1390795381613533,2,-0.23731829226016998,h1h8,True,0.9700000286102295,True,-1,3,20.22602289999486,
1449,2325,advantage hangingPiece long middlegame,63,39,f2g3,True,0.6086594917390247,1,-0.08736802637577057,f2g3,True,0.9850000143051147,True,-1,3,11.897585600003367,
1450,2114,crushing endgame master pin short,75,28,d2c1,False,0.07189488180883997,4,-0.029947029426693916,e6d5,False,0.061250001192092896,False,0,1,6.094445800001267,
1451,2143,advantage discoveredAttack discoveredCheck middlegame veryLong,32,44,a1e1,False,0.19439012282701865,3,-0.21212825179100037,g5h4,False,0.10249999910593033,False,0,1,6.114307999989251,
1452,1979,crushing endgame fork long,82,30,e3e7,True,0.9361753310804894,1,0.3489806652069092,e3e7,True,0.9962499737739563,True,-1,3,18.571374100021785,
1453,1931,advancedPawn advantage endgame long promotion sacrifice,50,22,d4c4,False,0.0008070213612291219,16,-0.5028822422027588,a6a7,False,0.0,False,0,1,6.149445299990475,
1454,2055,attraction crushing endgame exposedKing intermezzo rookEndgame veryLong,63,24,b3d3,False,0.0507037261331177,7,0.33777758479118347,a7c7,True,0.7674999833106995,False,2,2,12.414073799998732,
1455,2015,advantage clearance exposedKing intermezzo long middlegame sacrifice,59,46,h6h5,False,0.003092243653519414,10,-0.4161226153373718,f7h5,False,0.0,False,0,1,5.990572200011229,
1456,2225,crushing endgame interference veryLong,70,35,h3h8,True,0.9847492418651237,1,0.12601633369922638,h3h8,True,0.9987499713897705,True,-1,5,30.949832899990724,
1457,1994,advantage attraction endgame fork long queenRookEndgame,119,26,d1d4,False,0.25562827682696004,2,0.022406959906220436,g4g3,True,0.918749988079071,True,-1,3,18.514239100011764,
1458,1909,advantage master middlegame sacrifice short,60,33,f5g6,False,0.03644992980897694,7,0.17589843273162842,f6g6,True,0.7400000095367432,True,-1,2,12.965795099997194,
1459,2317,attraction exposedKing mate mateIn4 middlegame sacrifice veryLong,57,40,f4c1,True,0.3091808487112897,1,0.49059268832206726,f4d6,False,0.10625000298023224,False,0,1,6.626660099980654,
1460,2205,crushing defensiveMove deflection long middlegame skewer,42,35,a4c5,False,0.12533353069724457,2,-0.4273086190223694,h4e7,True,0.96875,True,-1,3,15.133268200006569,
1461,1923,advantage long middlegame pin,38,38,a1f1,False,0.10418516768867497,3,-0.6653220653533936,g3h5,True,0.9750000238418579,True,-1,3,18.720289299992146,
1462,1931,attraction crushing fork long middlegame,45,34,d8d7,False,0.0012240495762081017,11,-0.26138460636138916,d8d7,False,0.0,False,0,1,3.618059300002642,
1463,1905,attraction endgame mate mateIn4 sacrifice veryLong,51,43,g3g2,True,0.7751377578603306,1,0.5263994932174683,g3g2,True,0.9549999833106995,False,2,2,10.902054699981818,
1464,2069,exposedKing long master mate mateIn3 middlegame sacrifice,74,43,c7g7,True,0.6826564949716176,1,0.08955782651901245,c7g7,True,0.9837499856948853,False,2,2,9.528028200002154,
1465,2001,crushing discoveredCheck doubleCheck middlegame short,64,45,f6h5,False,0.07366403192387289,4,0.7831676602363586,f6e8,True,0.9462500214576721,True,-1,2,12.19013219999033,
1466,1931,advancedPawn attraction crushing defensiveMove endgame long promotion rookEndgame,64,5,f2e3,True,0.6681677659685972,1,0.7374619841575623,f2e3,True,0.9725000262260437,True,-1,3,18.50780890000169,
1467,1902,endgame mate mateIn1 oneMove,73,35,b1b2,False,0.1014768509582491,3,0.5569708943367004,h3g1,True,0.9300000071525574,True,-1,1,0.4259252000192646,
1468,2135,advantage middlegame pin short,38,42,f3h4,True,0.36815319188304174,1,-0.22061365842819214,f3e5,False,0.11749999970197678,False,0,1,6.3260580000060145,
1469,2304,crushing fork middlegame veryLong,80,39,h4f3,False,0.21611067629229955,2,-0.19188980758190155,h4f5,True,0.5975000262260437,False,4,3,17.817067899974063,
1470,1900,advantage intermezzo kingsideAttack long middlegame pin,39,33,f4h3,False,0.2411340717820731,2,0.25894734263420105,f6g5,True,0.9624999761581421,True,-1,3,14.667937099991832,
1471,2331,crushing endgame knightEndgame long quietMove sacrifice,104,10,b2d3,True,0.49768193113237097,1,-0.01955527253448963,b2d3,True,0.862500011920929,True,-1,3,17.523602500004927,
1472,2072,advantage discoveredAttack discoveredCheck endgame long,72,42,d5f3,True,0.6988247451703893,1,-0.5475605726242065,d5f3,True,0.9912499785423279,True,-1,3,18.79558779997751,
1473,2115,advantage kingsideAttack long middlegame pin sacrifice,64,36,h4h6,False,0.004737112712960076,16,-0.40616682171821594,h1a1,False,0.0,False,0,1,5.719690800004173,
1474,1921,advantage long middlegame queensideAttack sacrifice,54,40,g3d6,False,0.045199281330627616,3,-0.4151536822319031,d1d6,True,0.9325000047683716,True,-1,3,18.49969740002416,
1475,1942,advantage long middlegame sacrifice,38,44,f3f6,False,0.05004774879348923,7,0.0995153859257698,d1d6,True,0.9237499833106995,True,-1,3,18.150804300006712,
1476,1933,crushing middlegame sacrifice veryLong,42,40,f1d3,False,0.07712209477775374,3,-0.04206822067499161,h6f8,True,0.9624999761581421,True,-1,5,32.10839729997679,
1477,2054,crushing endgame short skewer,84,29,e7f7,False,0.13133071873180183,3,-0.33702313899993896,e7f7,False,0.013749999925494194,False,0,1,6.260933999990812,
1478,2028,advantage long middlegame trappedPiece,58,39,h7b7,False,3.418498323986748e-05,32,0.06244531273841858,h7b7,False,0.0,False,0,1,6.157205800001975,
1479,1939,advantage defensiveMove middlegame pin short,64,5,c1d2,True,0.7951675654079373,1,-0.6717685461044312,c1d2,True,0.9912499785423279,True,-1,2,12.517116400005762,
1480,2046,advantage middlegame pin short,34,47,d1a4,True,0.5409229349931375,1,0.39277833700180054,d1a4,True,0.9637500047683716,True,-1,2,12.589249799988465,
1481,1990,crushing discoveredAttack discoveredCheck endgame short,71,3,h6g5,False,0.14991703241716392,2,-0.29896682500839233,e4h4,True,0.9587500095367432,True,-1,2,11.15356169998995,
1482,1942,long mate mateIn3 middlegame,66,31,b2h8,True,0.34789972938069724,1,-0.07968098670244217,b2h8,True,0.6150000095367432,True,-1,3,3.228264199977275,
1483,2222,crushing endgame master skewer veryLong,90,29,d3f4,False,0.23081957184383545,2,-0.6793704628944397,d3c5,True,0.9574999809265137,True,-1,4,24.984915100008948,
1484,1977,crushing middlegame pin short,65,36,d7c7,True,0.667768534513894,1,-0.8876825571060181,d7c7,True,0.9737499952316284,True,-1,2,12.768542800011346,
1485,2131,advantage endgame skewer veryLong,57,41,e5e1,False,0.021279263041979555,3,-0.3816917836666107,h6h1,True,0.7887499928474426,True,-1,4,22.037544899998466,
1486,2182,crushing master middlegame queensideAttack sacrifice short,45,37,d4b5,False,0.0006700014087205238,15,0.01690463162958622,a8b8,False,0.0,False,0,1,5.978289999999106,
1487,1917,advancedPawn advantage endgame long promotion sacrifice,107,14,f3f2,False,0.0016580180939077664,13,-0.6105798482894897,f3f2,False,0.0,False,0,1,6.37399419999565,
1488,2162,advantage fork master middlegame short,17,43,c6b4,False,0.16506814278499016,2,0.0033913608640432358,c6a5,True,0.9637500047683716,True,-1,2,11.807870199991157,
1489,2142,clearance crushing exposedKing fork long middlegame,21,32,g5e3,True,0.8091370501251834,1,0.18824486434459686,g5e3,True,0.9850000143051147,True,-1,3,18.54987170000095,
1490,2177,advantage middlegame short trappedPiece,44,31,e2e4,True,0.5104544003099161,1,0.057633135467767715,e2e4,True,0.9762499928474426,True,-1,2,12.601270899991505,
1491,2080,advantage kingsideAttack long master middlegame pin,36,46,d4c6,True,0.32033320780983987,1,-0.1837262511253357,d4c6,True,0.9399999976158142,True,-1,3,17.841920700011542,
1492,2039,long mate mateIn3 opening sacrifice,16,49,e5f7,False,0.10668777370569586,2,0.45782721042633057,e5g6,False,0.036249998956918716,False,0,1,6.426092099980451,
1493,1979,crushing middlegame sacrifice short,50,44,f3g3,False,0.007772716377312797,10,0.4968731999397278,f3g3,False,0.0,False,0,1,6.056730800017249,
1494,2333,crushing fork middlegame veryLong,44,42,e1e6,False,0.36580929082115443,2,0.3364366888999939,c4b6,True,0.956250011920929,True,-1,4,18.708926399995107,
1495,2031,crushing endgame long trappedPiece,85,13,g7e5,True,0.9916198346333003,1,0.2137884795665741,g7e5,True,0.9987499713897705,True,-1,3,18.591752999986056,
1496,2059,advancedPawn attraction crushing endgame long promotion,89,37,b2b1q,False,0.01388189555118873,6,0.07613527774810791,g8f6,False,0.0024999999441206455,False,0,1,3.0001757999998517,
1497,2006,advancedPawn crushing deflection endgame long promotion,85,28,f2d2,True,0.5588185191728509,1,0.2119593322277069,f2d2,True,0.8987500071525574,False,2,2,11.105431300005876,
1498,1947,crushing hangingPiece long middlegame,54,31,d4e6,True,0.6432309450050895,1,-0.05987058952450752,d4e6,True,0.9862499833106995,True,-1,3,17.975680499977898,
1499,2160,advantage fork long middlegame,30,48,f3e5,True,0.7549608575332624,1,-0.4724876582622528,f3e5,True,0.9900000095367432,True,-1,3,18.561431699985405,
1500,2055,advantage exposedKing fork long middlegame,36,50,c3d4,False,0.0005334438900389177,18,-0.5409055948257446,c3d4,False,0.0,False,0,1,6.229352599999402,
1501,2243,advantage discoveredAttack exposedKing long middlegame sacrifice,64,37,f3e4,False,0.09324676136527303,4,-0.5875847935676575,h3g5,True,0.9674999713897705,True,-1,3,15.028071499982616,
1502,2266,crushing discoveredAttack master middlegame short,46,30,d2g5,False,0.16384921325870586,3,0.3923574984073639,d2c3,True,0.7124999761581421,True,-1,2,12.581663999997545,
1503,2152,attraction crushing kingsideAttack long middlegame pin sacrifice,35,51,h4h3,False,0.027242687420659474,7,-0.3136504292488098,d6h2,True,0.7162500023841858,True,-1,3,19.251582800003234,
1504,1927,crushing endgame rookEndgame short trappedPiece,71,17,f6f5,False,0.10868940979859501,5,0.05373053252696991,f6g7,True,0.956250011920929,True,-1,2,12.107263900019461,
1505,2288,advancedPawn bishopEndgame crushing endgame quietMove sacrifice veryLong,100,14,h4h5,True,0.5157047705542583,1,0.10795588046312332,h4h5,True,0.8600000143051147,True,-1,4,26.021307499991963,
1506,1959,crushing endgame pin sacrifice short,64,34,b2b3,False,0.01715565753693901,11,0.0864516869187355,f4c4,False,0.0037499999161809683,False,0,1,6.378512199997203,
1507,1942,attraction discoveredCheck doubleCheck mate mateIn5 middlegame sacrifice veryLong,58,36,h5g6,True,0.9172113814700442,1,0.12838152050971985,h5g6,True,0.9975000023841858,True,-1,5,2.0091130000073463,
1508,2164,advantage middlegame pin short,33,50,a8a1,True,0.9201941232664296,1,-0.4057740867137909,a8a1,True,0.9950000047683716,True,-1,2,12.675293299980694,
1509,2060,crushing fork long middlegame,50,48,c4f7,False,0.07014157062797563,2,0.6782136559486389,g5f7,True,0.9587500095367432,True,-1,3,12.927542299992638,
1510,2008,advantage intermezzo long middlegame queensideAttack sacrifice,43,36,a3a2,True,0.561576262141842,1,-0.5017902851104736,a3a2,True,0.9775000214576721,True,-1,3,17.52540709997993,
1511,1914,crushing endgame long pawnEndgame sacrifice,103,7,b4b3,True,0.33938659285648504,1,-0.038479652255773544,e6f7,False,0.16500000655651093,False,0,1,6.279139899997972,
1512,1908,endgame mate mateIn2 short,54,34,e8g6,True,0.5186686902182327,1,0.7582387924194336,e8g6,True,0.9737499952316284,True,-1,2,0.9761425000033341,
1513,2118,advantage attraction endgame skewer veryLong,57,39,h3f3,False,0.02599687036824089,7,-0.4197336733341217,g4g3,True,0.8500000238418579,True,-1,4,24.750469500024337,
1514,2313,crushing endgame pin short,113,25,g6g3,True,0.6186587724764029,1,0.18013989925384521,g6d6,False,0.19875000417232513,False,0,1,6.211887899989961,
1515,1997,advantage endgame hangingPiece master short,60,31,a2b3,False,0.1266307836033513,2,0.36159518361091614,g3d3,True,0.9350000023841858,True,-1,2,12.007615699985763,
1516,2260,long mate mateIn3 middlegame sacrifice,52,37,e3f3,False,0.00864995425324175,8,-0.9599158763885498,e3f3,False,0.0037499999161809683,False,0,1,6.187073799985228,
1517,2099,endgame long mate mateIn3 quietMove,80,13,e6g7,False,0.018611262097522032,5,0.13946396112442017,e6c7,False,0.23000000417232513,False,0,1,4.914089999976568,
1518,2071,mate mateIn2 middlegame short,40,43,c6a7,False,0.00145138504882193,19,-0.05825065076351166,c6a5,False,0.0,False,0,1,6.05892280000262,
1519,2126,advantage discoveredAttack discoveredCheck exposedKing long master middlegame sacrifice,54,39,g6f6,False,0.023131173517911725,6,0.1430020034313202,g6f6,False,0.04749999940395355,False,0,1,6.00354399997741,
1520,1983,crushing defensiveMove hangingPiece middlegame short,57,42,f4f5,False,0.15861337957863056,2,-0.24421708285808563,g8h7,True,0.9587500095367432,True,-1,2,11.86010480002733,
1521,2022,mate mateIn2 middlegame sacrifice short,54,25,a1h1,False,0.05006590562323955,5,-0.9581214189529419,f3e5,True,0.9424999952316284,True,-1,2,0.8335635999974329,
1522,1952,advantage attraction kingsideAttack long middlegame sacrifice,32,50,d1h5,False,0.13798726204409617,2,-0.13387851417064667,d3h7,True,0.8687499761581421,True,-1,3,17.371828000003006,
1523,2041,discoveredAttack discoveredCheck intermezzo kingsideAttack mate mateIn2 middlegame short,38,31,h6g6,True,0.5377115050674329,1,-0.6796573996543884,h6g6,True,0.987500011920929,True,-1,2,0.19109629999729805,
1524,2120,crushing discoveredAttack discoveredCheck endgame long,48,32,f6f7,True,0.44231614236816796,1,-0.5728164911270142,f6f7,True,0.9737499952316284,True,-1,3,6.423648399999365,
1525,1909,discoveredAttack discoveredCheck endgame mate mateIn2 pillsburysMate sacrifice short,70,25,h6f8,False,0.0002603478148305036,25,-0.5407717227935791,h6g5,False,0.0,False,0,1,5.605745400011074,
1526,2062,crushing endgame hangingPiece long,75,2,e8d8,True,0.7312797755176033,1,-0.8014469742774963,e8d8,True,0.9925000071525574,True,-1,3,18.861722800007556,
1527,1974,crushing endgame fork long,78,17,d3b4,False,0.3889037905611868,2,0.03532387316226959,d3e5,True,0.5550000071525574,False,2,2,10.207136300014099,
1528,2104,advantage discoveredAttack endgame short,56,31,g4f4,False,0.0007663218467505976,24,-0.3642706573009491,c2c3,False,0.0,False,0,1,6.335745099990163,
1529,2196,endgame mate mateIn2 short,109,33,e2g4,True,0.3935763721016775,1,-0.8878535628318787,e2g4,True,0.9800000190734863,True,-1,2,0.4842573000059929,
1530,2273,advantage middlegame short trappedPiece,29,22,f8f6,False,0.17710456756407064,2,-0.4825327694416046,a8a6,True,0.9150000214576721,True,-1,2,13.097282900009304,
1531,1930,advantage endgame long skewer,47,33,h6h2,True,0.5452771670313717,1,0.5646287202835083,h6h2,True,0.9787499904632568,True,-1,3,18.87836570001673,
1532,2153,crushing endgame exposedKing fork sacrifice veryLong,76,31,g3g8,True,0.263375759810882,1,-0.10288219898939133,d4c6,False,0.051249999552965164,False,0,1,0.7081032000132836,
1533,1990,advantage middlegame short trappedPiece,38,45,e5e6,False,0.0035619214895960113,13,-0.5271134972572327,e5e6,False,0.0,False,0,1,6.160317400004715,
1534,1902,endgame kingsideAttack long mate mateIn3 sacrifice,45,34,h7h5,False,0.31570650286103136,2,-0.06241855397820473,g6g3,True,0.9587500095367432,True,-1,3,1.3103884999873117,
1535,2114,crushing kingsideAttack middlegame sacrifice veryLong,64,24,h3h5,True,0.4076165882569146,1,-0.7065239548683167,h3h5,True,0.918749988079071,True,-1,4,18.896032599994214,
1536,2324,advantage fork long middlegame,35,32,g6f5,True,0.8228747385621054,1,-0.15065672993659973,g6f5,True,0.9925000071525574,True,-1,3,19.22724019997986,
1537,2067,attraction crushing deflection discoveredCheck doubleCheck middlegame queensideAttack sacrifice veryLong,38,46,c3d5,False,0.17638162637610416,4,0.2013377696275711,d1f1,False,0.02500000037252903,False,0,1,6.056755300000077,
1538,2320,advantage deflection fork intermezzo long middlegame,38,50,d1d6,False,0.2700238555992934,2,0.041013866662979126,g5g7,True,0.893750011920929,True,-1,3,18.024038400006248,
1539,2204,advantage defensiveMove endgame long pin,80,3,g2f3,True,0.7410668550167996,1,-0.3122166395187378,g2f3,True,0.9925000071525574,True,-1,3,18.19696230001864,
1540,2315,advantage endgame fork veryLong,58,30,d3d5,True,0.3257487639213926,1,-0.7395232915878296,d3d5,True,0.9750000238418579,True,-1,5,31.20175609999569,
1541,1999,crushing discoveredAttack middlegame veryLong,50,36,d3d4,True,0.36944658289951177,1,-0.7611510753631592,d3d4,True,0.981249988079071,True,-1,4,24.123171700019157,
1542,1921,advantage endgame fork long,54,27,c3b4,True,0.538389515893986,1,-0.8730546832084656,c3b4,True,0.9800000190734863,True,-1,3,17.576918199978536,
1543,2228,advantage endgame hangingPiece quietMove veryLong,62,2,b3c1,True,0.9943703835955205,1,0.8694133758544922,b3c1,True,1.0,True,-1,5,31.49571499999729,
1544,1936,clearance long mate mateIn3 middlegame sacrifice,38,46,e4f6,False,0.0008649093027855795,21,-0.17616502940654755,e4f6,False,0.0,False,0,1,6.348223600012716,
1545,2042,advantage attraction exposedKing kingsideAttack long middlegame pin,46,37,h5g6,False,0.09648838590719529,2,0.36273863911628723,e1e8,True,0.9599999785423279,True,-1,3,16.65914829997928,
1546,1925,crushing fork long middlegame pin,61,2,c8d8,True,0.7065745598255468,1,0.06539659947156906,c8d8,True,0.981249988079071,True,-1,3,18.597058800020022,
1547,2008,attraction fork long mate mateIn3 middlegame sacrifice,39,44,d4b2,False,9.360343629084523e-05,31,0.6646001935005188,d4b2,False,0.0,False,0,1,6.303119400021387,
1548,1924,clearance crushing middlegame pin sacrifice short,45,44,e7e2,False,0.00460699192244709,12,0.24521850049495697,b8b7,False,0.0,False,0,1,6.195990200008964,
1549,2132,crushing interference kingsideAttack long middlegame,53,41,h4h1,False,0.3442767676164728,2,0.2025097906589508,h4h2,True,0.9624999761581421,True,-1,3,17.50039729999844,
1550,2069,advantage capturingDefender intermezzo long middlegame,47,40,e8e1,True,0.5215896259936319,1,-0.06948013603687286,e8e1,True,0.9524999856948853,True,-1,3,18.906943900015904,
1551,1958,advantage fork long middlegame,55,23,b6d4,True,0.6027562125954432,1,-0.9296960234642029,b6d4,True,0.987500011920929,True,-1,3,32.641327200020896,
1552,2314,crushing middlegame pin short,38,41,c1c7,True,0.5278913316279858,1,0.5989671945571899,c1c7,True,0.9537500143051147,True,-1,2,11.898445099999662,
1553,2207,advantage discoveredAttack discoveredCheck hangingPiece middlegame short,23,3,g8h7,True,0.818035473532126,1,-0.5908775329589844,g8h7,True,0.9850000143051147,True,-1,2,12.668531100003747,
1554,2045,advancedPawn advantage defensiveMove endgame long quietMove sacrifice,71,15,c4c3,False,0.06180191403836371,6,-0.5512682199478149,c6d4,True,0.9387500286102295,True,-1,3,18.626721699984046,
1555,1915,crushing endgame hangingPiece master short,105,3,e8f7,False,0.0188814425521107,3,-0.9405323266983032,b2h8,True,0.9750000238418579,True,-1,2,12.26391650000005,
1556,2021,advantage endgame fork long,51,25,e3e1,False,0.26073887682379127,2,-0.3446599245071411,e3c1,True,0.9775000214576721,True,-1,3,18.52778530001524,
1557,2002,advantage defensiveMove hangingPiece long middlegame,60,38,h3e6,True,0.3823847975941412,1,0.03759433329105377,h3e6,True,0.9775000214576721,True,-1,3,19.07462269999087,
1558,1924,attraction crushing fork long middlegame sacrifice,36,50,a6e2,False,0.009292006098629747,8,0.4181213676929474,e3c5,False,0.0012499999720603228,False,0,1,6.201858799991896,
1559,2069,crushing endgame long pin,58,29,d3d7,False,0.0012389402821733058,15,-0.7045827507972717,d3d7,False,0.0,False,0,1,6.333871499984525,
1560,1931,crushing middlegame short trappedPiece,73,22,a5a7,True,0.5697953727702402,1,0.15043114125728607,a5a7,True,0.9837499856948853,True,-1,2,12.545646499987924,
1561,1928,advantage long middlegame trappedPiece,19,37,c6d4,True,0.6569790545810813,1,-0.21373629570007324,c6d4,True,0.9837499856948853,True,-1,3,18.673022000002675,
1562,1959,crushing long master middlegame pin,52,40,f7e5,True,0.5486043967132962,1,-0.8577113151550293,f7e5,True,0.9574999809265137,True,-1,3,18.34015219999128,
1563,2289,crushing deflection endgame long skewer,53,30,d1h1,False,0.22580146101620624,2,-0.7881108522415161,d1g1,True,0.7325000166893005,True,-1,3,16.00018380000256,
1564,2208,attraction crushing deflection long middlegame sacrifice,68,30,f1f6,False,0.02208618643361438,8,-0.057494621723890305,f1f6,False,0.0024999999441206455,False,0,1,6.6716576000035275,
1565,1963,advantage middlegame pin quietMove veryLong,46,41,d1d4,True,0.4745235589455676,1,-0.3170096278190613,d1d4,True,0.9412500262260437,True,-1,4,25.191599200014025,
1566,2013,crushing long middlegame quietMove sacrifice,56,48,a3a4,False,0.08101550010255736,2,-0.4233505129814148,a3a4,False,0.008750000037252903,False,0,1,6.205626899987692,
1567,1946,advantage endgame hangingPiece long,63,17,c2c5,True,0.901133107050849,1,-0.8914871215820312,c2c5,True,0.9962499737739563,False,2,2,13.263022600003751,
1568,1982,crushing deflection long middlegame pin,59,32,g3e3,False,0.08642913335080865,3,0.420741468667984,h5h1,True,0.9700000286102295,True,-1,3,16.58114709999063,
1569,2213,advantage kingsideAttack long middlegame pin sacrifice,44,40,d5e3,False,0.0005789818552895358,15,0.2641954720020294,d5e3,False,0.0,False,0,1,6.912044600001536,
1570,2122,advantage discoveredAttack endgame long pin,60,37,b4c4,True,0.7325966108030215,1,-0.252760648727417,b4c4,True,0.987500011920929,True,-1,3,17.409046399989165,
1571,1949,advantage interference opening short,29,43,c7h2,True,0.7440451717659121,1,-0.40494534373283386,c7h2,True,0.9837499856948853,False,2,2,12.50111189999734,
1572,2156,advantage hangingPiece long middlegame,49,3,f6g7,True,0.5385438481794065,1,-0.5068762898445129,f6g7,True,0.9850000143051147,True,-1,3,18.31757069999003,
1573,1909,advantage endgame long xRayAttack,68,41,b6d6,False,0.3675321904814626,2,-0.22906287014484406,e3e4,True,0.9762499928474426,True,-1,3,17.100008499983232,
1574,1964,attraction crushing kingsideAttack long middlegame sacrifice,36,52,g5f6,False,0.029430890959747935,4,0.07658597081899643,g5f6,False,0.016249999403953552,False,0,1,6.379785199998878,
1575,2045,crushing endgame fork pin veryLong,62,44,d4b4,False,0.0021189005497555344,11,0.10165952891111374,d4b4,False,0.0,False,0,1,6.164514700009022,
1576,2154,advantage endgame pin short,65,34,e4f2,False,0.06067042537716329,3,-0.5681349039077759,a5a4,True,0.9387500286102295,True,-1,2,12.181736099999398,
1577,2307,advancedPawn crushing deflection endgame exposedKing knightEndgame promotion veryLong,72,6,a3a4,False,0.22963580687570612,3,0.05083924159407616,b5b6,True,0.8949999809265137,False,4,3,18.85087090000161,
1578,1993,collinearMove mate mateIn2 middlegame pin sacrifice short,48,40,e6f6,True,0.4630429623591694,1,0.8081754446029663,a3e7,False,0.05000000074505806,False,0,1,5.808851499983575,
1579,1941,advantage long master masterVsMaster middlegame sacrifice,43,34,g6e4,False,0.020536289963653146,8,-0.6735543608665466,d4d8,False,0.0037499999161809683,False,0,1,6.399519599974155,
1580,2255,bishopEndgame crushing deflection endgame long,88,11,b6b5,True,0.5081705403331598,1,-0.13907712697982788,b6b5,True,0.9275000095367432,True,-1,3,18.346774300007382,
1581,2249,advantage fork long middlegame,51,39,c3d5,False,0.09262123057691382,3,-0.3321050703525543,c3d5,False,0.18250000476837158,False,0,1,6.153175799991004,
1582,1959,advantage fork hangingPiece long opening,39,30,c5c1,True,0.27448447978265184,1,-0.9980432987213135,c5c1,True,0.9737499952316284,True,-1,3,17.464005099987844,
1583,2262,crushing endgame pin quietMove veryLong,86,37,d4f6,False,0.0869924074723246,2,0.16396157443523407,d4f6,False,0.0062500000931322575,False,0,1,5.900566600001184,
1584,1909,advantage attraction exposedKing middlegame veryLong,78,44,b1b8,True,0.9373395227648215,1,0.46543270349502563,b1b8,True,0.9975000023841858,True,-1,4,24.660473900003126,
1585,2162,crushing fork middlegame veryLong,58,39,d1d4,False,0.40151331768850507,2,-0.013492248021066189,f2d4,True,0.956250011920929,True,-1,4,24.918537899997318,
1586,2123,endgame mate mateIn2 short,69,34,e5f3,False,0.34121675023384174,2,-0.47250795364379883,c2d1,True,0.9637500047683716,True,-1,2,0.2641144999943208,
1587,2258,crushing endgame hangingPiece long,108,4,e2f3,True,0.6021881212310258,1,-0.760763943195343,e2f3,True,0.9862499833106995,False,4,3,18.75209999998333,
1588,1904,crushing defensiveMove master middlegame pin short,55,25,c2c1,True,0.6081514258568664,1,-0.39301133155822754,c2c1,True,0.9825000166893005,True,-1,2,11.804938400018727,
1589,2062,advantage defensiveMove deflection long middlegame,41,33,c7c5,True,0.4062008792296563,1,-0.4710419476032257,c7c5,True,0.9712499976158142,True,-1,3,18.074685800005682,
1590,1942,attraction mate mateIn2 middlegame morphysMate short,87,25,d7a4,False,0.3114289474926358,2,-0.9495121240615845,b4b3,True,0.9825000166893005,True,-1,2,0.3199382000020705,
1591,2173,advancedPawn crushing discoveredAttack discoveredCheck middlegame sacrifice short,22,43,e5f6,True,0.27071327974529213,1,0.39090195298194885,e5f6,True,0.96875,True,-1,2,11.990494999976363,
1592,2088,advantage endgame long pin,93,30,d2d1q,False,0.26040810411190474,2,0.5095115900039673,e1a1,False,0.28999999165534973,False,0,1,6.344455800019205,
1593,1950,crushing discoveredAttack exposedKing long middlegame,50,44,d4d6,False,0.04510453139346305,4,-0.7746520042419434,d4d7,True,0.9362499713897705,True,-1,3,15.505476699996507,
1594,1988,equality fork middlegame short,55,33,b8b3,False,0.13259315246144893,3,-0.33112001419067383,e5f4,True,0.9362499713897705,True,-1,2,12.183741699991515,
1595,1952,attraction crushing kingsideAttack long middlegame,55,41,h5h2,True,0.3469085419497472,1,0.2992331385612488,g4e2,False,0.4124999940395355,False,0,1,6.035107000003336,
1596,2203,advancedPawn crushing defensiveMove endgame promotion rookEndgame sacrifice veryLong,91,25,d4d3,True,0.5965899561107627,1,-0.19943417608737946,d4d3,True,0.9212499856948853,False,2,2,12.784217399981571,
1597,2313,advantage discoveredAttack discoveredCheck endgame long,73,25,f5f2,True,0.5493018645842214,1,-0.20940931141376495,f5f2,True,0.9787499904632568,False,2,2,13.244080900010886,
1598,2130,advantage long middlegame pin,36,53,g8a8,True,0.8373142463686695,1,0.3654506206512451,g8a8,True,0.9912499785423279,True,-1,3,19.35844039998483,
1599,1980,crushing deflection endgame long,64,33,h1f1,False,0.17249637555024097,2,-0.5305432677268982,h1f1,False,0.021250000223517418,False,0,1,6.941228400013642,
1600,1988,advantage endgame master sacrifice short,70,33,f6b6,False,0.0649229224047146,2,-0.600598931312561,f6b6,False,0.007499999832361937,False,0,1,6.333680800016737,
1601,1905,crushing deflection middlegame short,36,40,d5d2,False,0.00792404864807389,7,-0.15300950407981873,d5d2,False,0.0,False,0,1,6.102626000007149,
1602,1974,attraction deflection endgame mate mateIn2 queensideAttack sacrifice short,85,17,d8d1,False,0.006487265461276807,11,-0.06098854914307594,b2b1,True,0.9624999761581421,True,-1,2,0.31791109999176115,
1603,2027,advantage attackingF2F7 discoveredAttack discoveredCheck exposedKing long opening,28,43,f3e5,True,0.6829656132130447,1,-0.2213917076587677,f3e5,True,0.9862499833106995,True,-1,3,18.157839799998328,
1604,2128,advantage clearance kingsideAttack long middlegame sacrifice,44,40,b2d4,False,0.015928474943036678,2,-0.204502135515213,b2d4,False,0.0062500000931322575,False,0,1,6.293353099987144,
1605,2053,advantage discoveredAttack endgame short,48,29,e2c2,False,0.012783920102997589,5,-0.7481431365013123,e2c2,False,0.0012499999720603228,False,0,1,6.348712799983332,
1606,2271,advantage hangingPiece kingsideAttack long middlegame,47,41,d6h2,False,0.18527724956263358,2,-0.1301662176847458,e8e4,True,0.9587500095367432,True,-1,3,16.960432599997148,
1607,1963,endgame long mate mateIn3 queenEndgame,84,23,h7g7,False,0.23268534868828988,2,0.19358129799365997,h3h4,True,0.9775000214576721,True,-1,3,0.5895446000213269,
1608,2078,crushing defensiveMove endgame hangingPiece master short,83,23,d4g4,True,0.7440782783111413,1,-0.39952170848846436,d4g4,True,0.9800000190734863,False,2,2,11.471721299982164,
1609,1936,crushing fork long middlegame,64,37,g6h7,True,0.7682854940709235,1,-0.10013122111558914,g6h7,True,0.9900000095367432,True,-1,3,18.989021000015782,
1610,2057,advantage fork long middlegame,54,28,f4f5,False,0.3516456480191881,2,-0.685313880443573,f4c7,True,0.9725000262260437,True,-1,3,18.119045699975686,
1611,2254,bishopEndgame crushing endgame hangingPiece master short,117,13,g4g3,True,0.5388045631579329,1,-0.37689584493637085,g4g3,True,0.9775000214576721,True,-1,2,12.387344299990218,
1612,1900,mate mateIn2 middlegame short,42,42,h1h7,True,0.7060759723007567,1,-0.43889468908309937,h1h7,True,0.9837499856948853,True,-1,2,0.2922314000024926,
1613,1932,advantage clearance endgame long pin sacrifice,71,23,b3b2,False,0.0003254413654558895,14,-0.12144367396831512,b8a7,False,0.0,False,0,1,6.20916210001451,
1614,1955,advantage defensiveMove endgame long pin,84,23,c7c8,True,0.34201883496841634,1,-0.6136241555213928,c7c8,True,0.96875,True,-1,3,19.615207299997564,
1615,2067,crushing defensiveMove deflection endgame long,70,23,a7f7,True,0.30967015605129156,1,-0.17996104061603546,a7f7,True,0.9637500047683716,True,-1,3,19.697342500003288,
1616,1994,advantage endgame exposedKing fork long,63,31,h4e1,False,0.23776953528080733,2,-0.3580613136291504,d4e2,True,0.9624999761581421,True,-1,3,17.741416900011245,
1617,2252,advantage attraction deflection enPassant endgame fork sacrifice veryLong,62,32,b5c6,True,0.829369859351076,1,-0.2163054645061493,b5c6,True,0.9800000190734863,False,2,2,12.46691099999589,
1618,2334,advancedPawn advantage deflection exposedKing fork intermezzo long middlegame sacrifice,59,43,d6e5,False,0.19298087560441765,3,-0.4151051342487335,f2g2,True,0.9649999737739563,True,-1,3,17.89466230000835,
1619,2050,mate mateIn2 middlegame short,48,26,b2a3,False,0.2167339476902106,2,-0.7880917191505432,d2g5,True,0.981249988079071,True,-1,2,0.21451429999433458,
1620,2134,crushing endgame hangingPiece master short,111,18,c5b6,True,0.7665007389935513,1,0.032445039600133896,c5b6,True,0.981249988079071,True,-1,2,11.931867800012697,
1621,2209,crushing fork long middlegame,51,44,a5c3,False,0.2793319143580941,2,-0.3054425120353699,a5c5,True,0.9737499952316284,True,-1,3,18.8749140999862,
1622,1975,crushing deflection endgame long master,73,23,c4b2,False,0.10692411122968405,2,0.08758950978517532,a2b3,True,0.96875,True,-1,3,12.721110200014664,
1623,1980,crushing deflection middlegame short,64,45,f4c7,False,0.020572524387515716,6,-0.4937635064125061,h6f5,True,0.7837499976158142,True,-1,2,8.629477999988012,
1624,2288,advantage exposedKing fork middlegame veryLong,41,46,f1d2,True,0.8055747534459549,1,-0.3887728452682495,f1d2,True,0.9937499761581421,True,-1,4,22.929472500021802,
1625,2178,crushing endgame long pawnEndgame sacrifice,92,6,b5a6,False,0.05956442313757071,4,-0.7605526447296143,b5b6,False,0.011250000447034836,False,0,1,6.314197500003502,
1626,2180,crushing exposedKing middlegame pin veryLong,61,49,e5a5,False,0.3198725009140558,2,0.21973064541816711,e5c5,False,0.21250000596046448,False,0,1,6.072435599984601,
1627,2172,advantage capturingDefender endgame veryLong,71,32,h1h3,True,0.3717583708152404,1,-0.2915251553058624,h1h3,True,0.9587500095367432,True,-1,4,24.92726299999049,
1628,1906,advancedPawn crushing fork middlegame sacrifice veryLong,46,37,b2b3,False,0.00215359397380001,17,-0.548750102519989,b2b3,False,0.0,False,0,1,6.1849354000005405,
1629,2024,advantage defensiveMove deflection endgame master veryLong,74,41,f6f7,True,0.47495727834636886,1,-0.3642374277114868,f6f7,True,0.9624999761581421,True,-1,4,26.287238899996737,
1630,1943,advantage fork middlegame short,47,32,b2c1,True,0.5796390384561132,1,-0.5236666798591614,b2c1,True,0.981249988079071,True,-1,2,22.87010780000128,
1631,1919,advantage attraction fork long middlegame sacrifice,33,34,f6g6,False,0.004704539292289692,10,-0.4400246739387512,h4f3,False,0.0,False,0,1,12.24614639999345,
1632,2035,advantage fork middlegame short,51,35,b6c7,False,0.07791760171172127,5,-0.5959964394569397,b6b4,True,0.9287499785423279,True,-1,2,12.659681099990848,
1633,2068,crushing defensiveMove endgame fork veryLong,131,12,c3d3,False,0.11286243850435636,2,-0.6062365174293518,f6d4,True,0.9075000286102295,False,4,3,17.812861200014595,
1634,2294,advantage attraction kingsideAttack long middlegame,69,47,h6e3,False,0.0073076961681849024,6,-0.33582139015197754,f3f7,False,0.0,False,0,1,5.748975299997255,
1635,1942,advantage capturingDefender fork long middlegame,38,37,f5d5,False,0.29824317128478206,2,-0.09668628871440887,f4d6,True,0.9737499952316284,True,-1,3,18.46641350002028,
1636,2000,advantage fork long master middlegame,53,42,f6h5,True,0.49601663738245244,1,-0.25896671414375305,f6h5,True,0.981249988079071,True,-1,3,18.999349400022766,
1637,1946,advantage long middlegame skewer,35,41,c7c1,True,0.396892994697465,1,0.004107399843633175,c7c1,True,0.9712499976158142,True,-1,3,18.635361199994804,
1638,2079,crushing deflection endgame long sacrifice,80,33,f7g7,True,0.482432023906111,1,0.20066748559474945,f7g7,True,0.9837499856948853,True,-1,3,18.82629719999386,
1639,2172,advancedPawn advantage endgame long sacrifice,88,14,d3e5,False,0.03726092680697745,3,-0.8897024393081665,d3e5,False,0.0024999999441206455,False,0,1,6.362813999992795,
1640,2110,long mate mateIn3 middlegame sacrifice,48,41,e7d7,False,0.0010801839488211958,20,-0.16965807974338531,e7d7,False,0.0,False,0,1,6.519462099997327,
1641,2117,advancedPawn advantage kingsideAttack long middlegame pin,46,39,e5h5,False,0.0603455923833225,3,0.17348693311214447,g6g7,True,0.9449999928474426,True,-1,3,18.560079599992605,
1642,2315,advantage attraction fork middlegame pin sacrifice veryLong,46,34,f1f2,False,0.1632695034971431,3,-0.49308136105537415,f1f2,False,0.29374998807907104,False,0,1,5.059542900009546,
1643,2201,advancedPawn crushing middlegame promotion veryLong xRayAttack,69,54,a2a1q,False,0.026808025072206986,6,0.4224677085876465,c3e1,True,0.8612499833106995,False,4,3,18.250542800000403,
1644,2342,mate mateIn4 middlegame operaMate sacrifice veryLong,36,47,d2e3,False,0.0013633131162004927,5,0.35461828112602234,d2e3,False,0.0,False,0,1,6.72258130001137,
1645,2212,advantage defensiveMove long middlegame trappedPiece,56,7,f2f4,True,0.42733024365825456,1,-0.821852445602417,f2f4,True,0.9862499833106995,True,-1,3,33.94839720000164,
1646,1906,endgame mate mateIn2 short,64,29,g6g7,True,0.4529586186807239,1,0.04097575694322586,g6g7,True,0.9850000143051147,True,-1,2,0.7084643999987748,
1647,2175,advantage discoveredAttack long opening,14,32,h2h3,False,0.002256394255973616,9,-0.11211757361888885,h2h3,False,0.0,False,0,1,10.215894499997376,
1648,2097,advantage master middlegame pin short,30,50,e1e6,True,0.18520712644234755,1,-0.03999055176973343,e1e6,True,0.9212499856948853,True,-1,2,10.94631759999902,
1649,1923,advantage hangingPiece middlegame short,39,34,a6b5,True,0.45478174450057246,1,0.09439001977443695,a6b5,True,0.9762499928474426,True,-1,2,11.84490709999227,
1650,2309,clearance crushing endgame long pin,92,42,c5a3,True,0.796537099642013,1,0.28726711869239807,c5a3,True,0.9487500190734863,True,-1,3,18.88316210001358,
1651,1922,advancedPawn attraction crushing endgame exposedKing fork veryLong,67,25,f8c8,False,0.2897601511407999,2,-0.9355460405349731,f6h4,True,0.9775000214576721,True,-1,6,33.62565280002309,
1652,2329,crushing kingsideAttack long middlegame pin,32,39,g3g7,True,0.708950877433845,1,0.11014609783887863,g3g7,True,0.981249988079071,False,4,3,17.02596149998135,
1653,2054,crushing kingsideAttack long middlegame sacrifice,41,44,h7h5,False,0.014171342253316656,11,-0.1283455789089203,e3h3,True,0.5799999833106995,True,-1,3,17.364526699995622,
1654,1912,crushing long middlegame sacrifice,48,38,c3d5,False,0.13258218632366345,2,0.18088048696517944,d4f5,True,0.9649999737739563,True,-1,3,17.821442200016463,
1655,2054,crushing deflection endgame rookEndgame skewer veryLong,68,17,b7f7,False,0.008278312631240542,3,-0.23595021665096283,b7f7,False,0.0,False,0,1,6.2198728999937885,
1656,2215,discoveredCheck doubleCheck endgame mate mateIn2 pillsburysMate short,71,23,e2c2,False,0.00733553812375018,11,0.0007489396375603974,f2d4,False,0.0,False,0,1,3.814621299999999,
1657,2112,crushing fork middlegame sacrifice short,82,38,d2g5,False,0.09864232209917838,3,0.3046870529651642,d4d7,True,0.9462500214576721,True,-1,2,12.839092799986247,
1658,2039,advantage long middlegame sacrifice,28,47,h6h3,False,0.09097664811996016,3,-0.8054155111312866,f1f5,True,0.9662500023841858,True,-1,3,16.793024400016293,
1659,2021,advantage hangingPiece middlegame short,37,49,c8c1,False,0.17204378195291384,2,0.04448962211608887,e5b2,True,0.9387500286102295,True,-1,2,23.93715159999556,
1660,2332,crushing endgame long pin,62,20,b5a4,False,0.01676385001673618,4,-0.3899882137775421,b5a4,False,0.0037499999161809683,False,0,1,11.518246999999974,
1661,1977,attraction hookMate long mate mateIn3 middlegame sacrifice,52,38,f6d7,False,0.06608095390038254,3,-0.30258986353874207,c1h6,True,0.9587500095367432,True,-1,3,1.0122386000002734,
1662,2156,attraction crushing kingsideAttack long middlegame,26,49,g5f7,True,0.5840425701432369,1,0.419868528842926,g5f7,True,0.9750000238418579,True,-1,3,23.447407500003465,
1663,2017,advantage fork long opening sacrifice,26,43,f3e4,False,0.18109904654990028,2,0.4165527820587158,e5f7,True,0.9612500071525574,True,-1,3,17.952877999981865,
1664,2301,crushing fork master middlegame veryLong,59,49,f5d4,False,0.19631017655669247,3,0.061221349984407425,b5c5,True,0.9125000238418579,True,-1,4,23.6561120999977,
1665,2198,advantage fork long middlegame trappedPiece,50,41,e4f5,False,0.2383769225032495,2,-0.9524482488632202,d5e7,True,0.8062499761581421,False,2,2,12.484548099979293,
1666,2031,endgame master mate mateIn2 short,90,26,c5c6,False,0.2522151718647092,2,-0.5382786989212036,c5c8,True,0.9775000214576721,True,-1,2,0.3176423999830149,
1667,2064,crushing middlegame quietMove skewer veryLong,44,28,f1a1,True,0.5082648381192105,1,-0.42835626006126404,f1a1,True,0.9775000214576721,True,-1,5,30.03516729999683,
1668,1984,advantage fork long middlegame,34,37,f4d6,True,0.5406321811432705,1,-0.29339900612831116,f4d6,True,0.9637500047683716,True,-1,3,18.888800599990645,
1669,2186,crushing long middlegame pin,37,45,c2c1,False,0.026821400550232518,5,-0.32761886715888977,c5f2,True,0.862500011920929,True,-1,3,16.4146612000186,
1670,1916,advantage long middlegame sacrifice,63,43,b6c6,False,0.05301910330363611,4,-0.8110466003417969,f5f3,True,0.9474999904632568,True,-1,3,18.461426199995913,
1671,2021,advantage interference opening short,22,44,d4e5,False,0.05634168276692468,4,-0.04274827614426613,e2b5,True,0.9424999952316284,True,-1,2,12.33094240000355,
1672,1926,crushing discoveredAttack long middlegame,38,35,c3e2,False,0.06625522649045938,3,0.2858307957649231,c3e2,False,0.06624999642372131,False,0,1,6.468951199989533,
1673,1996,crushing middlegame pin short,51,34,h4g4,True,0.526871810180252,1,-0.2411133050918579,h4g4,True,0.9637500047683716,True,-1,2,10.380595299997367,
1674,2132,advantage exposedKing middlegame sacrifice veryLong,58,41,e2h5,False,0.01116197119145337,6,-0.4912645220756531,e2h5,False,0.0012499999720603228,False,0,1,6.411651700007496,
1675,1985,attraction endgame long mate mateIn3 queenEndgame,90,23,f7f8,False,0.07126079252860638,5,0.2984667122364044,g4g5,True,0.7237499952316284,True,-1,3,2.1292207000078633,
1676,2039,advantage endgame fork long pin sacrifice,68,29,f7b7,False,0.01730148578927678,11,-0.8737512230873108,f1f5,True,0.7049999833106995,True,-1,3,33.20226510000066,
1677,2055,deflection exposedKing kingsideAttack long mate mateIn3 middlegame,57,34,e3g3,True,0.5893746227367294,1,-0.05428506061434746,e3g3,True,0.9825000166893005,True,-1,3,0.8296583000046667,
1678,1950,crushing endgame pin short,68,33,d7d4,True,0.6625212593529916,1,0.48313501477241516,d7d4,True,0.9787499904632568,True,-1,2,20.02053569999407,
1679,2001,mate mateIn2 middlegame short,80,44,b7a5,False,0.11850537984181238,3,0.522699236869812,d1d6,True,0.9662500023841858,True,-1,2,0.6228961999877356,
1680,2250,advantage defensiveMove endgame pin short,57,6,h6g5,False,0.0044943741662008384,6,-0.5810930728912354,h6g5,False,0.0,False,0,1,6.029092199984007,
1681,2220,crushing deflection middlegame quietMove sacrifice veryLong,48,48,e2f4,False,0.01071040801038912,9,0.16131868958473206,e2f4,False,0.0012499999720603228,False,0,1,5.1841643000079785,
1682,1935,attraction crushing endgame master queensideAttack sacrifice short,50,45,c1b1,False,0.0026575863361227546,9,0.11887507140636444,c1b1,False,0.0,False,0,1,5.952136899984907,
1683,2272,advantage deflection fork middlegame veryLong,48,36,h5h8,True,0.7109064480879732,1,0.10675811022520065,h5h8,True,0.956250011920929,False,6,4,24.051351000001887,
1684,2077,attraction bishopEndgame crushing endgame veryLong,90,10,d4e5,True,0.701132821244673,1,-0.4114910364151001,d4e5,True,0.9825000166893005,True,-1,4,25.430591800017282,
1685,1955,attraction endgame mate mateIn2 sacrifice short,54,29,b3b6,False,0.01441297150429825,9,-0.6820815205574036,d3a6,True,0.5837500095367432,True,-1,2,2.4536579999839887,
1686,2014,advantage deflection discoveredAttack discoveredCheck middlegame queensideAttack veryLong xRayAttack,68,31,d1d7,False,0.3554528342522169,2,-0.5789908766746521,a7a8,True,0.9399999976158142,True,-1,4,24.489975699980278,
1687,1979,long mate mateIn3 middlegame sacrifice,52,43,e6a2,False,0.04213987962108946,4,-0.26799753308296204,f4g6,True,0.9212499856948853,True,-1,3,0.7058435000071768,
1688,2278,advantage hangingPiece master middlegame short,79,2,g4f3,True,0.7946540017460847,1,-0.6200700998306274,g4f3,True,0.9950000047683716,True,-1,2,11.083075499976985,
1689,1931,crushing endgame hangingPiece short,48,27,b6c7,True,0.9798272676411897,1,0.09561517834663391,b6c7,True,0.9987499713897705,False,2,2,2.2567415999947116,
1690,2113,advantage discoveredAttack middlegame queensideAttack veryLong,42,38,c3e2,False,0.15810668372579478,2,-0.13787543773651123,e3b6,True,0.9337499737739563,True,-1,4,24.67476359999273,
1691,2084,advantage attraction endgame long sacrifice,44,19,a3c5,False,0.009723639593501874,10,-0.5110622048377991,c1e3,False,0.18000000715255737,False,0,1,6.242029800021555,
1692,2167,advantage clearance fork long middlegame quietMove,26,38,g5f6,True,0.3364635432202435,1,-0.06348057836294174,g5f6,True,0.9762499928474426,True,-1,3,5.48453210000298,
1693,2111,advantage discoveredAttack discoveredCheck middlegame veryLong,53,41,b7f3,True,0.5577013407134997,1,-0.1455867439508438,b7f3,True,0.9150000214576721,False,4,3,28.48256550001679,
1694,1964,advantage hangingPiece middlegame pin short,48,41,e4e6,True,0.7010286109104064,1,-0.6109660267829895,e4e6,True,0.9887499809265137,True,-1,2,22.576890700001968,
1695,1960,advantage discoveredAttack endgame veryLong,49,25,a8d8,False,0.003356745330520625,15,-0.9276618361473083,a8c8,False,0.0,False,0,1,9.13506130001042,
1696,2255,crushing endgame pin veryLong,57,41,e6b6,True,0.4940502772724854,1,0.06196343153715134,e6b6,True,0.5137500166893005,False,2,2,11.51664499999606,
1697,2292,advantage fork long master middlegame sacrifice,49,37,e7d5,False,0.008768324363715874,10,-0.6787013411521912,e7d5,False,0.0012499999720603228,False,0,1,5.953263000003062,
1698,2189,crushing endgame hangingPiece long rookEndgame,101,14,d4c5,True,0.6600052340132885,1,0.07922616600990295,d4c5,True,0.9574999809265137,True,-1,3,17.923120699997526,
1699,2266,advantage middlegame pin veryLong,61,37,h6g7,False,0.13801699848894305,2,-0.3260369896888733,a8a3,False,0.1262499988079071,False,0,1,5.436507800011896,
1700,1970,advantage capturingDefender fork middlegame veryLong,54,38,c3d5,True,0.869607778957078,1,-0.03423332795500755,c3d5,True,0.9925000071525574,True,-1,4,24.94653169999947,
1701,2120,mate mateIn1 middlegame oneMove pin,34,37,h2h4,False,0.0028778763253591824,20,-0.9566389918327332,b5c6,False,0.0,False,0,1,5.512257399997907,
1702,2240,crushing middlegame pin short,62,50,g4e2,False,0.14497292163534634,4,-0.8962979316711426,g4d7,False,0.14875000715255737,False,0,1,5.940859299997101,
1703,2233,attraction crushing kingsideAttack long middlegame sacrifice,54,45,f1d1,False,0.007171595997537175,11,-0.005907332058995962,d6d7,False,0.0,False,0,1,6.251529599976493,
1704,1922,attraction crushing exposedKing fork long middlegame,57,39,f8f2,True,0.8885400041098485,1,-0.17923028767108917,f8f2,True,0.9925000071525574,True,-1,3,17.635679800005164,
1705,2051,capturingDefender crushing deflection discoveredAttack middlegame sacrifice short,31,37,c5d5,True,0.49342173733948874,1,-0.7813674211502075,c5d5,True,0.981249988079071,False,2,2,13.253055100009078,
1706,1918,advantage discoveredAttack endgame short,51,38,f4g5,False,0.0034326582999014777,10,0.07463366538286209,f4d2,False,0.0,False,0,1,6.53772900000331,
1707,2213,advantage interference intermezzo middlegame short,47,41,g6g5,True,0.27418346304224495,1,-0.5676578283309937,g6g5,True,0.9762499928474426,True,-1,2,13.177484900021227,
1708,1944,capturingDefender crushing deflection master middlegame short,44,41,a6b6,False,0.1314165746335772,3,-0.20952638983726501,a6c6,True,0.6725000143051147,True,-1,2,12.35916449999786,
1709,1912,crushing endgame fork short,47,36,e8e1,False,0.18302162876184375,2,0.15826727449893951,c6e5,True,0.9587500095367432,True,-1,2,18.365102500014473,
1710,2076,clearance crushing intermezzo long master middlegame sacrifice,69,36,f5g4,False,0.031935465870105664,7,-0.4859614074230194,f5f6,False,0.004999999888241291,False,0,1,13.43135080000502,
1711,1913,endgame long mate mateIn3,73,28,d5d2,False,0.1659251213283615,3,-0.41521549224853516,b3a1,True,0.7699999809265137,True,-1,3,3.450477700011106,
1712,1910,crushing discoveredAttack discoveredCheck endgame kingsideAttack long sacrifice,70,29,h5g6,False,0.2641234251892174,2,-0.17478670179843903,g4h6,True,0.9762499928474426,True,-1,3,15.186496699985582,
1713,2209,advantage deflection interference long middlegame,70,48,d5c6,False,0.022088083575614956,12,-0.7198718190193176,b5c6,True,0.8087499737739563,True,-1,3,18.463801899983082,
1714,2183,advantage fork long middlegame,50,46,e1e8,True,0.888063119368477,1,-0.339203804731369,e1e8,True,0.9937499761581421,True,-1,3,17.38491259998409,
1715,2319,crushing deflection endgame long pawnEndgame,102,4,f4f5,True,0.6799186278268542,1,0.17010799050331116,f4f5,True,0.96875,True,-1,3,18.158539399999427,
1716,2324,crushing fork master middlegame short,40,51,e4d6,True,0.4177223130489027,1,0.5001346468925476,e4d6,True,0.48625001311302185,True,-1,2,12.320361099991715,
1717,2082,capturingDefender crushing fork middlegame veryLong,38,47,h5h7,False,0.21802917399488486,2,-0.2521402835845947,h5f5,True,0.9725000262260437,True,-1,4,23.89323929999955,
1718,1990,advantage discoveredAttack fork long middlegame,44,49,e5d4,False,0.049979055418532994,4,0.27430397272109985,e5d5,True,0.9312499761581421,True,-1,3,19.060209899995243,
1719,1985,advantage fork long middlegame,44,44,f5e6,False,0.4027123696290023,2,0.032323021441698074,e2e6,True,0.9487500190734863,True,-1,3,19.800945599999977,
1720,2196,crushing deflection exposedKing fork middlegame veryLong,50,36,h3h8,True,0.8625978386883706,1,-0.24144011735916138,h3h8,True,0.9950000047683716,True,-1,6,45.4452667000005,
1721,1959,crushing fork long middlegame,47,37,d8g5,True,0.6851563029637548,1,-0.4630108177661896,d8g5,True,0.9887499809265137,True,-1,3,18.965049700025702,
1722,1948,advantage hangingPiece opening short,12,42,f3a8,True,0.5804111172908828,1,0.2511054575443268,f3a8,True,0.9674999713897705,True,-1,2,12.100365099991905,
1723,2237,advantage endgame long trappedPiece,68,18,h3h4,False,0.04952737403882793,7,0.35487428307533264,c2d3,True,0.9275000095367432,True,-1,3,18.85597260002396,
1724,2005,advantage deflection exposedKing middlegame quietMove sacrifice skewer veryLong,54,36,d1h1,True,0.5416966277743,1,-0.7734944224357605,d1h1,True,0.9637500047683716,True,-1,6,35.556633500003954,
1725,2024,crushing master middlegame short xRayAttack,70,38,f1f4,False,0.05059209886107588,5,-0.6627086997032166,h3f5,True,0.7074999809265137,True,-1,2,10.354918400000315,
1726,2085,crushing defensiveMove endgame hangingPiece veryLong,134,5,f5f6,True,0.7824285465388663,1,0.10860811918973923,f5f6,True,0.981249988079071,False,2,2,12.187486599985277,
1727,2071,advantage exposedKing fork long opening,25,33,b4c6,False,0.04264561163862728,2,-0.898645281791687,g8e7,True,0.9262499809265137,True,-1,3,18.81427140001324,
1728,1917,advantage deflection endgame veryLong,86,31,c2c5,True,0.39433729706085363,1,-0.663956344127655,c2c5,True,0.9787499904632568,True,-1,4,18.215823400008958,
1729,1973,advantage deflection long middlegame,36,41,c3b4,True,0.3661644887795069,1,0.0655428022146225,c3b4,True,0.5149999856948853,False,2,2,12.903884200000903,
1730,2141,advancedPawn endgame mate mateIn2 short,89,23,a3a1,False,0.11279138678598047,4,0.6805908679962158,b3b2,True,0.9449999928474426,True,-1,2,0.7495818000170402,
1731,2083,endgame mate mateIn2 short,64,31,d8e8,True,0.8297838556571204,1,0.31806907057762146,d8e8,True,0.9925000071525574,True,-1,2,0.11395689999335445,
1732,2098,advantage master middlegame skewer veryLong,42,27,d1d2,False,0.02837586577588766,3,-0.4918387532234192,h1g1,True,0.7875000238418579,True,-1,4,23.50417160001234,
1733,2138,crushing long middlegame pin,47,47,c6e4,True,0.32158445029975746,1,0.9600094556808472,c6e4,True,0.9325000047683716,True,-1,3,18.127830800018273,
1734,2226,advantage deflection middlegame veryLong,62,41,f7c4,True,0.5470430139696758,1,-0.5733692049980164,f7c4,True,0.9837499856948853,True,-1,4,25.96324499999173,
1735,2264,crushing hangingPiece middlegame short,47,31,d7f5,True,0.5304295525222633,1,-0.6904495358467102,d7f5,True,0.9850000143051147,True,-1,2,10.87715179999941,
1736,2004,crushing deflection middlegame queensideAttack short,40,44,a4a6,True,0.3315261291427569,1,-0.03074353188276291,a4a6,True,0.9750000238418579,True,-1,2,13.48251820000587,
1737,2321,crushing long middlegame sacrifice,50,50,e5c6,False,0.14160690063347628,2,0.11537665873765945,a4a6,True,0.9649999737739563,True,-1,3,19.32369550000294,
1738,2090,crushing fork interference intermezzo master middlegame short,49,42,e4g5,False,0.15732990388173806,2,-0.6572863459587097,e4g5,False,0.38749998807907104,False,0,1,13.98291269998299,
1739,2236,advancedPawn advantage attraction defensiveMove long middlegame,35,43,d3e2,True,0.41979632949703793,1,-0.4096118211746216,d3e2,True,0.8712499737739563,True,-1,3,28.800730200018734,
1740,2313,crushing middlegame pin veryLong,43,39,e7h4,True,0.36846283425929527,1,-0.46811845898628235,e7h4,True,0.9712499976158142,True,-1,4,8.422304899984738,
1741,2346,crushing defensiveMove endgame pin short,78,35,f5f6,True,0.36822614739396853,1,-0.14395706355571747,f5f6,True,0.5287500023841858,True,-1,2,10.825260799989337,
1742,2086,capturingDefender crushing middlegame short,36,48,g3c3,False,0.009044810035575668,4,-0.8843860030174255,b2c3,False,0.07124999910593033,False,0,1,6.06240739999339,
1743,1922,crushing discoveredAttack discoveredCheck kingsideAttack long middlegame,51,35,a8d8,False,0.1688882818136812,3,-0.9282755851745605,b7d5,True,0.9700000286102295,True,-1,3,15.683280299999751,
1744,2044,discoveredAttack discoveredCheck endgame mate mateIn2 short,47,29,f6e4,True,0.4268360010383008,1,-0.33407530188560486,f6e4,True,0.9737499952316284,True,-1,2,0.6571195000142325,
1745,2316,advantage discoveredAttack long middlegame,34,45,e1g1,False,0.1432796374061306,2,-0.13351526856422424,c2e4,False,0.016249999403953552,False,0,1,6.1952986999822315,
1746,2221,advantage fork middlegame short,60,48,e5h5,True,0.467366057259817,1,-0.12668482959270477,e5h5,True,0.9712499976158142,True,-1,2,13.058360099996207,
1747,2078,crushing hangingPiece middlegame short,34,36,f4e5,True,0.5574683710894975,1,-0.9751039743423462,f4e5,True,0.9850000143051147,True,-1,2,6.2676573999924585,
1748,2187,advantage discoveredAttack middlegame short,70,37,c1c7,False,0.02671860143636771,3,0.3368667662143707,c1c7,False,0.004999999888241291,False,0,1,5.066250700008823,
1749,2168,advantage fork long middlegame,41,28,b4c3,True,0.35287042539566854,1,-0.1796882450580597,b4c3,True,0.9649999737739563,True,-1,3,18.272567400010303,
1750,1927,advantage fork long middlegame,29,35,f6g5,True,0.6110171559598612,1,-0.35384127497673035,f6g5,True,0.9100000262260437,False,2,2,12.770114399987506,
1751,1971,advantage capturingDefender deflection middlegame short,38,35,f4e5,False,0.01771421925180497,5,-0.23566769063472748,c1c6,True,0.7012500166893005,True,-1,2,13.313925800001016,
1752,1971,advantage endgame fork long master sacrifice,91,33,d7e7,False,0.007835267097798361,5,-0.19672752916812897,d7e7,False,0.0,False,0,1,6.319596500019543,
1753,2155,crushing defensiveMove endgame long pin,73,21,b4b3,True,0.7981594875426817,1,0.38373851776123047,b4b3,True,0.9787499904632568,True,-1,3,18.203534400003264,
1754,2336,advantage deflection master middlegame queensideAttack short,63,50,c4a3,True,0.48874409644055544,1,0.6675825119018555,b4a5,False,0.15000000596046448,False,0,1,6.408077200001571,
1755,2302,advantage middlegame short skewer,35,27,e4d2,False,0.14532305713987395,2,-0.33591529726982117,e4d2,False,0.04500000178813934,False,0,1,6.22545130000799,
1756,1971,advantage capturingDefender long middlegame,29,45,a8d8,False,0.23395209186822344,2,-0.3682921528816223,c6d4,True,0.956250011920929,True,-1,3,24.1283562000026,
1757,2180,crushing deflection endgame veryLong,44,42,d1d8,True,0.5375440096296177,1,-0.0024637302849441767,d1d8,True,0.6600000262260437,True,-1,6,48.109578599978704,
1758,2274,attraction crushing fork long middlegame,37,43,f3d4,False,0.07151047816624297,5,-0.003910629544407129,g5g4,True,0.9474999904632568,True,-1,3,18.230876299989177,
1759,1955,advantage fork long middlegame,23,31,e7e5,True,0.769661598601459,1,-0.08076419681310654,e7e5,True,0.96875,True,-1,3,18.92670859998907,
1760,2148,crushing fork long middlegame,22,35,e1g1,False,0.021543776665240294,6,-0.0760255828499794,e1g1,False,0.011250000447034836,False,0,1,6.343764799996279,
1761,2088,advantage attackingF2F7 deflection long middlegame sacrifice,32,49,b3f7,True,0.36809833899060446,1,0.2833983898162842,b3f7,True,0.7037500143051147,True,-1,3,18.709300200018333,
1762,2050,advantage discoveredAttack discoveredCheck kingsideAttack middlegame sacrifice veryLong,59,38,f5e3,False,0.085260267804169,4,-0.9960011839866638,f5g3,True,0.9624999761581421,True,-1,5,26.45491430000402,
1763,2139,crushing deflection endgame hangingPiece rookEndgame veryLong,83,10,f8d8,True,0.7116264339403876,1,-0.9823508262634277,f8d8,True,0.9712499976158142,False,2,2,12.827849799999967,
1764,2266,advantage endgame long master masterVsMaster pin,66,30,g2g3,False,0.27244096175121507,2,-0.3836401104927063,d3f1,True,0.9737499952316284,True,-1,3,19.89314800000284,
1765,2245,advantage long middlegame sacrifice,53,50,b6e6,False,0.0008647843141599351,17,-0.008523278869688511,c8f8,False,0.0,False,0,1,6.637814599991543,
1766,2226,crushing endgame long master trappedPiece,80,34,f4e6,False,0.13174564856917828,3,0.20925655961036682,c7d8,True,0.9524999856948853,True,-1,3,18.967089499987196,
1767,2119,crushing endgame pin short,38,35,e7g7,False,0.0008812284036056211,33,-0.9327002167701721,d1e1,False,0.0,False,0,1,6.206643499986967,
1768,2075,endgame master mate mateIn2 short,66,31,b7f7,False,0.39070944070178926,2,-0.03767852857708931,d6e8,True,0.9775000214576721,True,-1,2,0.6192877999856137,
1769,2152,advantage discoveredAttack discoveredCheck endgame long,53,27,b6f2,False,0.21188990240035496,2,-0.04488573595881462,b6f2,False,0.4412499964237213,False,0,1,11.887419400009094,
1770,2176,advantage fork long middlegame,62,49,b5b6,False,0.13682655287463283,3,-0.1117500439286232,c1c6,True,0.9524999856948853,True,-1,3,35.626807499997085,
1771,1965,advancedPawn crushing endgame pin short,49,34,d8b6,False,0.005796317430452875,15,-0.3767915964126587,e6e5,False,0.0024999999441206455,False,0,1,6.217972899990855,
1772,2252,advantage capturingDefender long middlegame,26,43,d4c6,True,0.6081980448141556,1,0.5005772709846497,d4c6,True,0.8687499761581421,False,2,2,11.54045450000558,
1773,2016,advantage attraction endgame kingsideAttack long sacrifice,45,37,f6e4,False,0.012417594697875232,8,-0.922253429889679,g8g2,True,0.4699999988079071,True,-1,3,18.332238400005735,
1774,1928,crushing endgame pin short,86,2,c3c2,False,0.38945899630594133,2,-0.05911271274089813,c3d3,True,0.956250011920929,True,-1,2,12.318786700023338,
1775,2088,advantage fork long middlegame,23,38,d5e4,True,0.8939781288134129,1,-0.5416874289512634,d5e4,True,0.9962499737739563,True,-1,3,18.143319099996006,
1776,2183,crushing endgame long pin sacrifice,67,45,f4g5,False,0.10880733640380416,3,-0.0028105154633522034,f3g2,True,0.7912499904632568,True,-1,3,16.787627299985616,
1777,2026,crushing endgame fork short,71,30,e5f6,True,0.407914624821656,1,-0.030685367062687874,e5f6,True,0.9725000262260437,True,-1,2,12.298928900010651,
1778,2078,advantage attraction exposedKing long master middlegame skewer,37,43,c6c5,False,0.06175727672087617,4,0.14516721665859222,c6c5,False,0.009999999776482582,False,0,1,2.7774064000113867,
1779,1901,advantage hangingPiece middlegame short,47,46,c8c2,False,0.41371505603758874,2,-0.10757778584957123,e6d5,True,0.981249988079071,True,-1,2,12.69713379998575,
1780,2273,advantage long middlegame pin,85,43,g4h4,False,0.16405412416664789,2,-0.02337680757045746,g4d1,True,0.8962500095367432,True,-1,3,18.903752499987604,
1781,2015,advantage endgame exposedKing fork long,56,28,g7e8,False,0.04087603584437721,5,-0.5451595783233643,g7f5,True,0.9212499856948853,True,-1,3,18.02192389999982,
1782,2100,advantage fork long middlegame,39,50,f4e2,False,0.04773543625076405,5,-0.12175203859806061,e7g5,True,0.9350000023841858,True,-1,3,13.335979000024963,
1783,1987,advantage hangingPiece long middlegame,63,39,d7d4,True,0.6366321957922124,1,0.042989183217287064,d7d4,True,0.9837499856948853,True,-1,3,28.367610700021032,
1784,2252,advantage deflection discoveredAttack master masterVsMaster middlegame pin superGM veryLong,62,49,e4b7,True,0.24980316435747102,1,-0.22548747062683105,e4b7,True,0.9624999761581421,True,-1,4,32.689958300004946,
1785,2231,crushing endgame master pin short,84,29,a3a4,False,0.13685799429861709,3,-0.04864662513136864,f3f5,True,0.9649999737739563,True,-1,2,8.327072100015357,
1786,2176,crushing deflection endgame short,126,4,a5c4,False,0.38631362713031303,2,-0.908657431602478,a5b7,True,0.8387500047683716,True,-1,2,12.114039200008847,
1787,2198,crushing discoveredAttack endgame short,87,41,d4e5,False,0.10960549443462674,3,-0.09666940569877625,d4e5,False,0.20000000298023224,False,0,1,5.951368599984562,
1788,1991,advantage defensiveMove endgame fork long,99,13,c4b3,False,0.4166338122657965,2,-0.05780406668782234,h7h6,True,0.9750000238418579,False,2,2,12.4398332000128,
1789,1999,advantage discoveredAttack discoveredCheck long master middlegame pin,45,36,f7g7,False,0.030388322827703176,7,-0.9655405282974243,f6g4,True,0.8812500238418579,True,-1,3,18.109820099984063,
1790,2064,advantage discoveredAttack discoveredCheck endgame long,59,27,a2c4,False,0.19090587900895017,2,-0.11859622597694397,e4d2,True,0.9350000023841858,False,4,3,11.57540020000306,
1791,1918,attraction long mate mateIn3 middlegame,66,33,c2g6,False,0.013707070794000634,6,0.22381192445755005,c2g6,False,0.0037499999161809683,False,0,1,4.841364199994132,
1792,2197,crushing fork master middlegame sacrifice short,50,44,f6e4,False,0.09228799473086738,2,-0.42934104800224304,h6g7,True,0.96875,True,-1,2,1.5833488999924157,
1793,2088,clearance crushing endgame pin veryLong,64,33,e4e8,True,0.8218715974014598,1,0.241947740316391,e4e8,True,0.9837499856948853,False,6,4,24.386794899997767,
1794,1966,advantage discoveredAttack discoveredCheck long middlegame,24,33,d4e5,False,0.16506316203743684,2,-0.7116272449493408,b3d5,False,0.03750000149011612,False,0,1,6.354596899996977,
1795,2051,discoveredAttack discoveredCheck epauletteMate mate mateIn2 middlegame pillsburysMate pin short,67,32,c4b5,False,0.014768967107674535,13,0.10602859407663345,a3a2,False,0.007499999832361937,False,0,1,8.915937400015537,
1796,2214,advantage endgame exposedKing sacrifice veryLong,51,27,g6g4,False,0.06927870214413162,6,-0.7146152853965759,h4g4,True,0.8949999809265137,True,-1,4,29.388357399991946,
1797,1908,advancedPawn discoveredCheck doubleCheck long mate mateIn3 middlegame,46,43,g6f7,True,0.414424418119468,1,-0.4558301866054535,g6f7,True,0.9787499904632568,True,-1,3,1.227735099993879,
1798,2132,advantage endgame fork long pin,62,24,g3g4,False,0.2134465918641158,2,-0.1765248030424118,f3e4,True,0.8725000023841858,True,-1,3,24.96774870000081,
1799,2275,crushing endgame pin veryLong,90,35,g6e6,True,0.6832212622886867,1,-0.024273861199617386,g6e6,True,0.9125000238418579,False,2,2,11.948627000005217,
1800,2325,attraction crushing kingsideAttack middlegame sacrifice short,47,47,d5f4,False,0.10738748259064773,3,0.18665242195129395,d6f6,False,0.1287499964237213,False,0,1,6.008222399977967,
1801,2056,advancedPawn clearance crushing deflection endgame exposedKing long,110,21,b5c6,False,0.22825412483385438,2,0.2907118797302246,e6e7,True,0.9399999976158142,True,-1,3,18.80256760001066,
1802,2086,crushing long middlegame pin trappedPiece,66,52,f4g6,True,0.4078144574290568,1,-0.21933811902999878,f4g6,True,0.9800000190734863,True,-1,3,18.58519119999255,
1803,1921,advantage attraction discoveredCheck doubleCheck exposedKing fork long master middlegame sacrifice,59,39,g3e3,False,0.016420458828883752,4,0.21012672781944275,g3e3,False,0.0012499999720603228,False,0,1,5.693804899987299,
1804,1958,exposedKing long mate mateIn3 middlegame sacrifice,43,33,d5e3,True,0.8473016763833283,1,-0.6472190618515015,d5e3,True,0.9925000071525574,True,-1,3,0.9070909000001848,
1805,2038,crushing endgame pin veryLong,61,27,e6d5,True,0.560856224556219,1,-0.34619101881980896,e6d5,True,0.96875,False,4,3,18.273752800014336,
1806,1946,advantage middlegame pin short,40,45,e1e5,False,0.05311132663707984,4,0.43859434127807617,f1f7,True,0.9275000095367432,True,-1,2,12.569647099997383,
1807,1932,mate mateIn2 middlegame sacrifice short,36,53,f6e4,False,0.0006685758097335193,29,0.25734657049179077,f6e4,False,0.0,False,0,1,6.396573900012299,
1808,2316,advancedPawn advantage discoveredAttack kingsideAttack long middlegame,34,52,d4e4,False,0.22291162098194225,2,-0.24781198799610138,g6f7,True,0.7649999856948853,True,-1,3,18.210806500021135,
1809,1943,advantage attraction fork long middlegame sacrifice,42,46,c7d7,False,0.009287337176055756,10,-0.5332847237586975,h1c1,False,0.007499999832361937,False,0,1,6.256906099995831,
1810,1929,crushing endgame hangingPiece knightEndgame short,104,14,d5c7,True,0.5078817187843466,1,0.030389007180929184,d5c7,True,0.9775000214576721,True,-1,2,15.874914299987722,
1811,1940,endgame long mate mateIn3,57,18,h5f4,False,0.017518577481199116,4,-0.3442639112472534,h5f4,False,0.0012499999720603228,False,0,1,13.163207599980524,
1812,1941,advantage exposedKing long middlegame pin,66,39,e3e8,False,0.2705783654908653,2,0.7408962249755859,g3g6,True,0.9737499952316284,True,-1,3,31.937493000004906,
1813,1924,crushing endgame exposedKing long pin,71,13,e7b4,False,0.059586791945393985,3,-0.43363848328590393,e7g5,True,0.9512500166893005,True,-1,3,16.473844899999676,
1814,2346,advantage fork hangingPiece intermezzo middlegame short,74,29,h5e8,True,0.7662534195717517,1,-0.5775073766708374,h5e8,True,0.9937499761581421,True,-1,2,12.056383099989034,
1815,2317,advantage defensiveMove fork master middlegame veryLong,42,40,b5c7,False,0.15419361821894007,2,0.24651168286800385,f4c7,True,0.9587500095367432,True,-1,4,23.423063700000057,
1816,2100,advantage endgame long pin quietMove sacrifice,50,39,e5f6,False,0.024605927913725966,9,-0.39544036984443665,e5f6,False,0.0012499999720603228,False,0,1,5.657520900014788,
1817,2076,crushing endgame fork long,59,19,d5b4,False,0.20171000557934932,2,-0.5185627937316895,d5c3,True,0.9399999976158142,True,-1,3,18.588660100009292,
1818,2128,advantage long middlegame trappedPiece,30,56,c7b7,False,0.26747689768226096,2,-0.4324452579021454,d5f6,True,0.9725000262260437,True,-1,3,18.485504999989644,
1819,2030,crushing endgame long trappedPiece,76,9,d2e1,True,0.7876107266084745,1,0.023964231833815575,d2e1,True,0.987500011920929,False,4,3,18.344124099996407,
1820,2085,crushing defensiveMove endgame hangingPiece master short,87,27,h1d1,True,0.9596862658654955,1,0.7646482586860657,h1d1,True,0.9987499713897705,True,-1,2,12.025694800016936,
1821,2140,advantage endgame long pin,74,38,b7b8,False,0.21268163355713487,2,-0.698601484298706,b7b8,False,0.3050000071525574,False,0,1,5.9010006000171416,
1822,2141,crushing defensiveMove endgame hangingPiece long master masterVsMaster,103,8,b2a4,False,0.439810541058318,2,0.07305833697319031,b2a4,False,0.09125000238418579,False,0,1,6.283654300001217,
1823,2237,advantage fork long middlegame,49,43,c3c2,False,0.08253828341195643,4,-0.19866608083248138,h8g8,False,0.042500000447034836,False,0,1,6.040513100015232,
1824,2276,crushing middlegame pin veryLong,46,52,h5g6,True,0.44648010761242113,1,-0.9672626256942749,h5g6,True,0.9800000190734863,True,-1,4,17.79737970000133,
1825,1904,crushing discoveredAttack middlegame short,58,31,h4g3,False,0.0052602018192073365,20,-0.1798645704984665,e5e1,False,0.0,False,0,1,9.856437199981883,
1826,2200,crushing middlegame pin veryLong,61,37,g5g4,True,0.6204014427633227,1,-0.9522177577018738,g5g4,True,0.981249988079071,True,-1,5,50.49258270001155,
1827,2313,advantage hangingPiece long master middlegame,21,2,g8h7,True,0.9008656889305022,1,-0.48553138971328735,g8h7,True,0.9950000047683716,True,-1,3,17.619081999990158,
1828,2045,advantage attraction endgame exposedKing fork veryLong,72,19,g5e6,False,0.080463728891447,3,0.37166303396224976,g5e6,False,0.0062500000931322575,False,0,1,5.805574699974386,
1829,2106,crushing fork long master middlegame,69,33,c8h3,True,0.8354533602663013,1,-0.13785818219184875,c8h3,True,0.9912499785423279,True,-1,3,17.22612969999318,
1830,1921,discoveredCheck doubleCheck endgame mate mateIn2 short,46,26,f6d7,False,0.033482579086982316,6,-0.04832084849476814,f6d7,False,0.004999999888241291,False,0,1,6.942531699984102,
1831,2270,attraction endgame master mate mateIn4 veryLong,82,25,g4g5,True,0.34222957234223067,1,-0.9158129096031189,g4g5,True,0.9800000190734863,True,-1,4,0.8189634000009391,
1832,2241,capturingDefender crushing long middlegame pin,34,52,e6f7,False,0.28100290879389445,3,0.678604245185852,d1b3,True,0.9175000190734863,True,-1,3,15.465569599997252,
1833,2197,endgame long mate mateIn3 triangleMate,42,40,d5d8,True,0.7074400737564693,1,-0.7946559190750122,d5d8,True,0.9900000095367432,True,-1,3,0.8335196000116412,
1834,2194,advancedPawn advantage attraction kingsideAttack long opening,24,52,g6f7,True,0.4653910061222163,1,0.6960298418998718,g6f7,True,0.9599999785423279,True,-1,3,18.143048199999612,
1835,2234,advantage attraction endgame fork long sacrifice,51,43,e1e6,False,0.04735719973633748,7,0.43644773960113525,e1c1,True,0.8824999928474426,True,-1,3,18.556815899995854,
1836,2030,advantage endgame pin short,88,18,a3a4,False,0.05057743133220697,4,-0.10132601112127304,c4c5,True,0.9412500262260437,True,-1,2,12.565879600006156,
1837,2340,fork mate mateIn4 middlegame veryLong,38,43,f6f8,True,0.3023793782666276,1,-0.8660122156143188,f6f8,True,0.9787499904632568,True,-1,4,1.7616052999801468,
1838,1957,crushing discoveredAttack discoveredCheck middlegame short,47,32,f2d1,True,0.8677484834821458,1,0.3916991055011749,f2d1,True,0.9937499761581421,True,-1,2,11.733447100006742,
1839,2029,attraction discoveredCheck doubleCheck kingsideAttack mate mateIn4 middlegame pillsburysMate sacrifice veryLong,36,42,f3e2,False,0.06501958768254154,3,0.3427610397338867,f3e2,False,0.017500000074505806,False,0,1,6.07503939999151,
1840,2096,crushing endgame fork long,67,26,b5d3,True,0.38479192359436376,1,-0.9186421036720276,b5d3,True,0.9712499976158142,True,-1,3,19.074906199995894,
1841,1991,advantage long middlegame pin,37,38,h3h2,False,0.15057849806341417,2,-0.24821600317955017,f8d6,True,0.9462500214576721,True,-1,3,34.376161000021966,
1842,1967,advantage middlegame pin short,31,29,e7e2,False,0.04061149448821247,3,-0.30215734243392944,d4f3,True,0.6912500262260437,True,-1,2,18.540438699972583,
1843,2324,attraction discoveredAttack discoveredCheck exposedKing mate mateIn4 middlegame sacrifice veryLong,62,32,g1h1,False,0.0194343159591014,8,-0.8671611547470093,e4e5,False,0.0012499999720603228,False,0,1,5.774264499981655,
1844,1975,crushing fork long middlegame,57,39,f6f3,True,0.3451607204069699,1,-0.3431548774242401,f6f3,True,0.9750000238418579,True,-1,3,18.095604999980424,
1845,2017,endgame mate mateIn2 quietMove rookEndgame short,78,17,g3g4,False,0.17757522758114216,2,0.175544872879982,h4h5,True,0.9487500190734863,False,2,2,0.9893846999912057,
1846,2090,crushing defensiveMove endgame long sacrifice,66,4,f2g1,False,0.37815997260557105,2,-0.14832106232643127,f2f3,True,0.6412500143051147,True,-1,3,5.4250572999881115,
1847,2148,crushing exposedKing hangingPiece long middlegame pin,107,2,g7f6,False,0.07752652241883926,2,0.11428941786289215,h4f6,True,0.9587500095367432,True,-1,3,15.214892299991334,
1848,2110,advantage endgame hangingPiece short,71,44,c4a6,False,0.06314346656729365,4,0.4526471495628357,c4f7,True,0.9474999904632568,False,2,2,12.347844499978237,
1849,2181,advantage discoveredAttack kingsideAttack master middlegame veryLong,21,55,f6e4,True,0.6174405804890535,1,-0.42140910029411316,f6e4,True,0.9549999833106995,False,2,2,11.836263199977111,
1850,2081,crushing deflection endgame long queenEndgame,114,27,e5h8,False,0.24847936356009925,3,0.006258513778448105,f5f6,True,0.9325000047683716,True,-1,3,15.561711199989077,
1851,1972,crushing long middlegame trappedPiece,36,41,d1g1,True,0.6183559343594379,1,0.12105042487382889,d1g1,True,0.9837499856948853,True,-1,3,19.294613499980187,
1852,2329,attackingF2F7 crushing fork intermezzo master middlegame veryLong,46,40,h5f3,False,0.1170839687700953,4,-0.09128353744745255,e4d5,True,0.9449999928474426,True,-1,7,44.02979410000262,
1853,2178,attraction kingsideAttack mate mateIn2 middlegame sacrifice short,44,53,b3d5,False,0.0001915346734328826,24,-0.23105622828006744,b3d5,False,0.0,False,0,1,6.1125193999905605,
1854,1982,advantage fork long middlegame sacrifice,65,44,h7h6,False,0.0009737566826541995,31,-0.18614976108074188,h7h6,False,0.0,False,0,1,6.3372137999976985,
1855,1949,advancedPawn advantage endgame long promotion sacrifice,77,13,h2g2,False,0.05904089406538172,4,-0.43076464533805847,h2e2,True,0.42750000953674316,True,-1,3,17.819616900000256,
1856,2029,advantage endgame long pin,58,23,f4g4,True,0.4089834294715866,1,-0.6627122759819031,f4g4,True,0.9800000190734863,True,-1,3,26.31299070001114,
1857,1989,crushing endgame hangingPiece short,48,38,e5f6,True,0.8852193675430622,1,0.22376543283462524,e5f6,True,0.9962499737739563,True,-1,2,7.354963000019779,
1858,2254,crushing fork long middlegame,54,39,b2c3,False,0.10113389370745363,2,-0.9443610906600952,b2c3,False,0.4375,False,0,1,5.782502799993381,
1859,1993,advancedPawn attraction crushing endgame master masterVsMaster promotion short,80,20,h7h8q,False,0.00521104762161904,11,0.3731819689273834,h7h8q,False,0.0,False,0,1,6.148714000009932,
1860,2276,crushing long master masterVsMaster middlegame sacrifice,48,48,d1d3,False,0.0208285188057069,7,0.24779139459133148,d1d3,False,0.0062500000931322575,False,0,1,6.4124392999801785,
1861,2192,crushing deflection discoveredAttack long middlegame sacrifice,58,38,h5g6,True,0.5593234680107179,1,0.5499745607376099,h5g6,True,0.956250011920929,True,-1,3,15.930354099982651,
1862,2186,crushing discoveredAttack master middlegame quietMove veryLong,60,45,d4e2,False,0.00445506099178687,9,-0.4090198278427124,f3e4,False,0.0,False,0,1,6.421412000025157,
1863,2006,crushing fork long middlegame sacrifice,44,41,c3a4,False,0.00011063217261753797,22,0.4034733474254608,c3d5,False,0.0,False,0,1,6.017814499995438,
1864,2003,crushing discoveredAttack long middlegame pin,50,52,f3f2,False,0.012650203401404212,10,-0.9059416651725769,e4d6,True,0.3462499976158142,True,-1,3,15.028565499989782,
1865,2160,crushing deflection endgame veryLong,81,30,g8b8,True,0.8083537436509048,1,0.2686854600906372,g8b8,True,0.9649999737739563,True,-1,4,18.475861600018106,
1866,1922,advancedPawn attraction crushing kingsideAttack long middlegame sacrifice,23,49,d6h2,True,0.3017286056649522,1,-0.3607766628265381,d6h2,True,0.7587500214576721,True,-1,3,17.291318200004753,
1867,2080,advancedPawn advantage attraction kingsideAttack long middlegame,52,42,g6f7,True,0.6602726564725754,1,-0.8610779047012329,g6f7,True,0.9850000143051147,True,-1,3,16.931733700010227,
1868,2052,advancedPawn advantage discoveredAttack long middlegame,62,39,h4h7,True,0.8733478938434618,1,-0.2769395411014557,h4h7,True,0.9937499761581421,True,-1,3,18.26483980001649,
1869,2210,advantage hangingPiece long master middlegame,54,31,e4e7,True,0.5326316893313972,1,0.043705713003873825,e4e7,True,0.9800000190734863,True,-1,3,18.221739200002048,
1870,2122,crushing defensiveMove endgame hangingPiece master short,98,13,b5c5,True,0.5475271723563098,1,0.49822837114334106,b5c5,True,0.8174999952316284,True,-1,2,8.087293199991109,
1871,2067,advantage endgame fork short,72,29,g1f1,False,0.07838653859636893,4,-0.8306984305381775,g4f3,True,0.9549999833106995,True,-1,2,11.471860699995887,
1872,2246,advantage middlegame pin short,34,42,e3h3,False,0.24036892105576926,2,-0.3978622257709503,h6g6,True,0.9449999928474426,False,2,2,20.534320900012972,
1873,2306,crushing kingsideAttack long middlegame pin,60,43,f3f6,True,0.7312918076884736,1,-0.4442169964313507,f3f6,True,0.9887499809265137,True,-1,3,17.46669979998842,
1874,2054,attraction crushing deflection endgame veryLong,54,43,f4h4,False,0.2889011769667864,2,0.09772881865501404,d3g3,False,0.08749999850988388,False,0,1,5.830850400001509,
1875,2157,attraction doubleCheck endgame long mate mateIn3 sacrifice,56,33,c3e3,False,0.0043405311408150635,14,-0.6285955905914307,d4e4,False,0.0,False,0,1,5.572928599984152,
1876,1905,crushing middlegame pin short,53,52,e8e6,False,0.07823363346032694,3,-0.002579656895250082,a6b7,True,0.9437500238418579,True,-1,2,11.258726900006877,
1877,1931,endgame mate mateIn2 short,91,21,h3f1,False,0.19188304803001216,2,0.08966834098100662,h3f3,True,0.8450000286102295,True,-1,2,0.31441339998855256,
1878,1958,crushing endgame skewer veryLong,61,23,b6b2,True,0.7729402329651825,1,-0.9597922563552856,b6b2,True,0.9887499809265137,True,-1,6,35.14307499999995,
1879,2090,mate mateIn2 middlegame short,77,34,g3g2,False,0.23194902669436038,2,-0.44510936737060547,g3f2,True,0.9775000214576721,True,-1,2,0.29040979998535477,
1880,1904,bishopEndgame endgame mate mateIn2 short,89,17,c1a3,False,0.11903796574882669,4,-0.4037429392337799,c8b7,True,0.9725000262260437,True,-1,2,0.3534856999758631,
1881,1921,crushing endgame master short trappedPiece,57,28,g7g5,False,0.10325268104699993,4,-0.3344983458518982,g7g4,True,0.9624999761581421,True,-1,2,12.169952399999602,
1882,2236,crushing deflection long master middlegame,43,36,h4h3,False,0.3113901413283573,2,-0.9484081864356995,h5g3,True,0.9775000214576721,True,-1,3,5.893429899995681,
1883,2348,crushing endgame fork queenRookEndgame veryLong,92,18,d5f5,False,0.035945189394084344,8,-0.2694331109523773,d1g1,True,0.5062500238418579,True,-1,4,24.823079299996607,
1884,2031,endgame mate mateIn2 short,56,36,c5a7,True,0.39800336229920036,1,0.14253295958042145,c5a7,True,0.9737499952316284,True,-1,2,0.3203971999755595,
1885,2058,endgame long mate mateIn3,63,32,f6d4,True,0.7966321205060474,1,-0.12824484705924988,f6d4,True,0.9912499785423279,True,-1,3,1.2306786999979522,
1886,2098,crushing endgame short trappedPiece,75,19,e6c5,False,0.04177053599668158,6,-0.010453968308866024,b6c8,True,0.9150000214576721,True,-1,2,12.406985299981898,
1887,2235,advantage fork long middlegame,60,42,d5d8,True,0.6204227955038275,1,0.1219264343380928,d5d8,True,0.9787499904632568,True,-1,3,14.6319763000065,
1888,2016,crushing endgame hangingPiece quietMove veryLong,72,6,h7g8,True,0.7699554720178164,1,-0.9025100469589233,h7g8,True,0.9937499761581421,True,-1,4,32.5028716000088,
1889,2233,crushing discoveredAttack long middlegame queensideAttack,33,31,e7e4,True,0.8441327901484251,1,-0.810387134552002,e7e4,True,0.9912499785423279,True,-1,3,16.82315299997572,
1890,1983,advantage discoveredAttack long middlegame pin,52,25,g2h3,True,0.4552949169885258,1,-0.6986950635910034,g2h3,True,0.9837499856948853,True,-1,3,18.943533900019247,
1891,2259,crushing fork middlegame short,49,42,d3f4,True,0.5094261051784522,1,-0.538105845451355,d3f4,True,0.9424999952316284,False,2,2,11.345028599986108,
1892,1988,advantage discoveredAttack master middlegame short,28,40,f4d6,False,0.004338769776333356,12,-0.006449929438531399,f4h6,False,0.0,False,0,1,6.171528300008504,
1893,2260,crushing fork long middlegame sacrifice,47,42,d7d5,False,0.06106795105915433,6,-0.7320740818977356,f7f3,True,0.643750011920929,True,-1,3,18.27731330000097,
1894,1951,crushing endgame hangingPiece long,70,39,f3f6,True,0.42763944466883996,1,-0.36324188113212585,f3f6,True,0.9750000238418579,True,-1,3,12.43802329999744,
1895,2283,crushing discoveredAttack discoveredCheck middlegame short,41,44,d5b4,False,0.014580563189623218,4,-0.006743081845343113,c5b4,True,0.5837500095367432,True,-1,2,11.578962899977341,
1896,2053,crushing endgame long master sacrifice,84,46,c1c5,False,0.0008136830690935312,30,0.07291101664304733,c1c7,False,0.0,False,0,1,6.181863100006012,
1897,2134,crushing middlegame pin short,67,30,c6h6,False,0.09032655085614781,4,-0.7351667284965515,c6h6,False,0.0024999999441206455,False,0,1,2.690666100010276,
1898,2002,deflection endgame mate mateIn2 short,58,31,a4e8,True,0.6246441369483119,1,-0.9777477979660034,a4e8,True,0.9900000095367432,True,-1,2,0.22925930001656525,
1899,1937,advantage endgame hangingPiece pin short,58,3,b3b2,False,0.18271636023233867,3,-0.9980378150939941,h7d3,True,0.9399999976158142,False,2,2,12.186011299985694,
1900,1978,cornerMate endgame mate mateIn2 short,66,32,e7g7,False,0.0558471552680441,2,0.013344816863536835,e7e8,True,0.9512500166893005,True,-1,2,0.4407712999964133,
1901,2336,crushing discoveredAttack endgame exposedKing fork master veryLong,51,26,g6h5,False,0.08514469006322493,3,0.25824853777885437,g6h6,True,0.9474999904632568,True,-1,4,24.231129699997837,
1902,1929,advantage fork long middlegame quietMove,58,45,h5f6,False,0.14844294171546757,4,0.007699958514422178,d3g3,True,0.9587500095367432,True,-1,3,17.07126040000003,
1903,1925,advantage attraction exposedKing long middlegame pin sacrifice skewer,38,42,h5h3,False,0.20676050895944786,3,-0.16221733391284943,f1f6,True,0.9637500047683716,True,-1,3,14.8608574999962,
1904,2256,crushing fork middlegame short,36,47,f3f6,False,0.13171457948026255,3,-0.037151895463466644,c5e7,True,0.9649999737739563,True,-1,2,14.318400799995288,
1905,2227,crushing endgame long master masterVsMaster quietMove trappedPiece,59,37,c8d8,True,0.45088286108230285,1,-0.5525014996528625,c8d8,True,0.9725000262260437,True,-1,3,16.617023900005734,
1906,1963,attraction crushing endgame fork veryLong,72,18,a1a8,True,0.5476270832164415,1,-0.6026026606559753,a1a8,True,0.9862499833106995,True,-1,4,23.681638399983058,
1907,2238,advantage discoveredAttack endgame short,67,27,g5h3,False,0.0038527660750071096,12,0.16881941258907318,g5h7,False,0.0,False,0,1,6.243465200008359,
1908,2039,advantage fork long middlegame,27,33,c5d4,True,0.6741040322008774,1,-0.500798225402832,c5d4,True,0.9887499809265137,True,-1,3,18.49676890001865,
1909,1944,attraction crushing discoveredAttack endgame fork veryLong,76,36,e6d6,False,0.037427850517889265,6,0.19097793102264404,e5f6,True,0.8837500214576721,True,-1,4,24.87592130000121,
1910,2068,endgame mate mateIn2 short,71,20,c7c6,False,0.13285234321774797,3,0.06761704385280609,e7d6,True,0.96875,True,-1,2,0.45682099999976344,
1911,2101,advantage discoveredAttack middlegame short,38,38,d3a6,False,0.0004287291258258176,18,-0.10137439519166946,d3a6,False,0.0,False,0,1,6.041672299994389,
1912,2212,advantage discoveredAttack middlegame short,39,43,d6c7,True,0.6898968044252969,1,0.188967764377594,d6c7,True,0.9424999952316284,True,-1,2,12.467016100010369,
1913,2344,advantage discoveredAttack discoveredCheck fork middlegame veryLong,55,38,h5h4,False,0.22968258056961913,3,-0.3235585391521454,g3g1,True,0.9662500023841858,True,-1,4,24.264171299990267,
1914,1981,advantage defensiveMove hangingPiece long master middlegame,51,50,c3e2,True,0.49019792448400873,1,-0.43834903836250305,c3e2,True,0.9862499833106995,True,-1,3,16.096773700002814,
1915,1934,advantage attackingF2F7 attraction fork long opening sacrifice,16,45,c4f7,True,0.2328029759558857,1,-0.3804759681224823,c4f7,True,0.9737499952316284,True,-1,3,18.137424799992004,
1916,2159,advantage discoveredAttack discoveredCheck middlegame short,50,34,h5g7,False,0.17442140047727428,3,-0.3235332667827606,h5g3,True,0.9737499952316284,True,-1,2,11.673419400001876,
1917,2083,mate mateIn2 middlegame pin short,74,36,h2h4,False,0.21067099479450926,2,-0.7820643782615662,h5f6,True,0.9737499952316284,True,-1,2,0.5164736000006087,
1918,2248,attraction crushing kingsideAttack middlegame sacrifice short,54,42,b1e1,False,0.013512657651848428,10,-0.6927819848060608,g1g7,True,0.5174999833106995,True,-1,2,9.286043100000825,
1919,2283,crushing endgame interference short,62,23,c4e2,True,0.6028306441624544,1,-0.00244401628151536,c4e2,True,0.9662500023841858,True,-1,2,9.998548000003211,
1920,1924,bishopEndgame crushing endgame quietMove sacrifice short,80,9,g2f1,False,0.02347474978832743,3,0.1128307357430458,g2f1,False,0.0024999999441206455,False,0,1,7.294115500000771,
1921,2221,attraction discoveredCheck doubleCheck exposedKing intermezzo kingsideAttack long mate mateIn3 middlegame sacrifice,45,40,g6g3,False,0.0008190357400151866,4,0.49859097599983215,g6g3,False,0.0,False,0,1,6.374136600003112,
1922,2006,advantage middlegame pin short,39,41,g7d4,False,0.15537013352805926,2,-0.8860027194023132,g7h6,True,0.9700000286102295,True,-1,2,12.200347400008468,
1923,2046,advancedPawn crushing endgame long sacrifice,85,15,e5g3,False,0.042737724027483326,2,-0.3297653794288635,e5g3,False,0.01875000074505806,False,0,1,6.090749199996935,
1924,2022,endgame long mate mateIn3,84,31,d5d8,False,0.16092780343350704,3,0.33952462673187256,d5d6,True,0.9524999856948853,True,-1,3,0.6336608999990858,
1925,2043,advantage endgame hangingPiece long master,94,19,d5d2,False,0.03148611930275803,5,-0.1367143988609314,d5d2,False,0.0012499999720603228,False,0,1,6.36059899997781,
1926,1978,clearance crushing defensiveMove long middlegame sacrifice,57,4,f7e6,True,0.6025165411233238,1,0.09756527096033096,f7e6,True,0.9825000166893005,True,-1,3,17.33999420001055,
1927,2143,crushing exposedKing middlegame pin skewer veryLong,65,26,h4h2,True,0.8588110364779142,1,-0.6748077273368835,h4h2,True,0.9937499761581421,False,2,2,11.186234399996465,
1928,2031,advantage long master middlegame pin,45,30,c8c6,True,0.7869228758215593,1,0.3629226088523865,c8c6,True,0.9537500143051147,True,-1,3,18.667488500010222,
1929,2290,advantage endgame exposedKing skewer veryLong,75,41,f1a1,True,0.45325942527660074,1,0.1183265671133995,f1a1,True,0.8462499976158142,True,-1,4,25.10022819999722,
1930,1910,advantage discoveredAttack middlegame short,43,39,d7f6,True,0.43870233494217536,1,-0.3328796923160553,d7f6,True,0.9787499904632568,True,-1,2,13.176283400011016,
1931,2314,crushing long middlegame pin,65,44,b5d4,False,0.16127900560238936,2,-0.6898521184921265,c6c3,True,0.9712499976158142,True,-1,3,17.418261999991955,
1932,1932,attraction endgame exposedKing long mate mateIn3,74,27,g2g7,True,0.9795735888176857,1,0.7860475182533264,h6g7,False,0.27250000834465027,False,0,1,4.83585000000312,
1933,1953,attraction crushing kingsideAttack middlegame sacrifice short,41,42,h7h5,False,0.00279237807564317,21,-0.6987830400466919,f7d6,False,0.0,False,0,1,6.420487600000342,
1934,2128,advancedPawn crushing endgame long rookEndgame sacrifice,122,14,g8f8,False,0.04242100129672888,2,-0.31971919536590576,d4d5,True,0.8712499737739563,True,-1,3,18.434676200005924,
1935,1984,advantage long middlegame trappedPiece,32,45,a1a2,False,0.08454792693793901,5,-0.17706947028636932,e1b1,True,0.918749988079071,True,-1,3,17.510131999995792,
1936,2222,crushing endgame hangingPiece rookEndgame short,80,11,d2e1,False,0.13584090989510703,2,-0.07600767910480499,d2e1,False,0.35624998807907104,False,0,1,5.312189999996917,
1937,2198,advantage defensiveMove hangingPiece long middlegame,35,2,g8h7,True,0.8493279283122069,1,-0.0622357502579689,g8h7,True,0.9937499761581421,True,-1,3,17.201138000003994,
1938,2187,attraction fork long mate mateIn3 middlegame sacrifice,55,44,g8f8,False,0.00026986384999762807,18,-0.27342358231544495,g8f8,False,0.0,False,0,1,5.994453000021167,
1939,2295,advantage fork middlegame veryLong,20,52,c4b3,False,0.39376580352079177,2,0.061743780970573425,f4d6,True,0.9587500095367432,True,-1,4,24.738703100010753,
1940,2011,attraction crushing endgame long sacrifice skewer,74,29,e2d2,False,0.0003179757193639332,26,-0.12552118301391602,h4h5,False,0.0,False,0,1,6.017055600008462,
1941,2239,endgame mate mateIn2 short,97,25,b3d4,False,0.0025891968663819,12,-0.3878858685493469,f1f2,False,0.0,False,0,1,5.589512300008209,
1942,2131,crushing fork middlegame short,47,36,c5f2,True,0.2775343532543162,1,-0.7810705304145813,c5f2,True,0.9787499904632568,True,-1,2,6.823391600017203,
1943,1944,advancedPawn crushing discoveredAttack discoveredCheck endgame long,61,32,e4e3,True,0.6203492378732288,1,-0.9669562578201294,e4e3,True,0.9862499833106995,True,-1,3,9.712755899992771,
1944,2297,crushing fork middlegame short,56,38,f5b5,False,0.03502131324627238,7,0.18273667991161346,f5b5,False,0.4124999940395355,False,0,1,6.440100700012408,
1945,2218,advantage long middlegame sacrifice,46,40,f5h5,True,0.2850498735382197,1,0.24268674850463867,f5h5,True,0.9662500023841858,False,4,3,9.543831500021042,
1946,2089,advantage long middlegame pin,36,38,e1d1,False,0.06265408337026245,4,-0.8831917643547058,e1d1,False,0.023749999701976776,False,0,1,6.202391500002705,
1947,2347,advantage fork middlegame short,38,42,f5f6,False,0.20138845764951932,2,-0.22024497389793396,e5e8,True,0.6937500238418579,True,-1,2,12.181947999983095,
1948,2334,advantage exposedKing fork long middlegame pin,61,35,d5d4,False,0.15074751289814298,2,-0.38190799951553345,c5c2,True,0.9712499976158142,True,-1,3,18.422099499992328,
1949,1935,advantage attraction kingsideAttack middlegame quietMove veryLong,48,36,f5h5,True,0.6268836058095217,1,-0.6241782903671265,f5h5,True,0.9737499952316284,False,2,2,12.681803699990269,
1950,2239,advantage endgame master rookEndgame trappedPiece veryLong,74,19,e3e4,True,0.3018079015424829,1,-0.43253031373023987,d3e2,False,0.20749999582767487,False,0,1,6.432408900000155,
1951,2137,advantage middlegame sacrifice veryLong,48,48,d5d6,False,0.04421186333614885,6,-0.7182937264442444,h4h8,True,0.6650000214576721,True,-1,4,11.08505100000184,
1952,2104,advantage defensiveMove fork long middlegame,23,45,b2b4,True,0.5210145576571861,1,0.00277550145983696,b2b4,True,0.9712499976158142,True,-1,3,18.112343299988424,
1953,2092,enPassant equality hangingPiece long middlegame,50,36,e2g4,True,0.811944868052057,1,-0.7011054754257202,e2g4,True,0.9950000047683716,True,-1,3,18.639592600025935,
1954,2113,crushing exposedKing fork long middlegame sacrifice,44,2,g1h2,True,0.6613592329428059,1,0.15082156658172607,g1h2,True,0.9862499833106995,True,-1,3,15.241018400003668,
1955,2092,advantage endgame long pin,47,27,a7b6,False,0.0005857954623726733,11,-0.19452443718910217,a7b6,False,0.0,False,0,1,6.1069649000128265,
1956,2297,crushing defensiveMove deflection endgame veryLong,90,14,f5e4,False,0.1707852255697803,3,-0.038470447063446045,h5h6,True,0.893750011920929,True,-1,5,30.246976399997948,
1957,1990,crushing discoveredAttack endgame exposedKing veryLong,95,3,g2g5,True,0.75197176620744,1,-0.9414628148078918,g2g5,True,0.9937499761581421,True,-1,4,24.85692970000673,
1958,2339,endgame long mate mateIn3,75,32,f6h7,False,0.09817825966507608,3,-0.45344436168670654,f6e4,True,0.9325000047683716,True,-1,3,1.3597455999988597,
1959,2160,endgame interference long mate mateIn3,81,37,h2h6,False,0.20603746594851655,2,-0.3215285837650299,h2e5,True,0.9750000238418579,True,-1,3,0.9508196999959182,
1960,1922,crushing discoveredAttack master middlegame short,62,42,e3f4,True,0.8627516400654167,1,-0.04880459979176521,e3f4,True,0.9937499761581421,True,-1,2,11.582365800015396,
1961,2124,crushing deflection endgame long,80,36,f4e3,False,0.1724738825080984,2,-0.5435044765472412,f4b8,True,0.9674999713897705,True,-1,3,14.871506800001953,
1962,2195,crushing fork long middlegame,55,35,e7g5,False,0.057934538327866325,3,-0.9213383197784424,e7g5,False,0.0037499999161809683,False,0,1,4.476457700016908,
1963,2012,crushing deflection endgame pawnEndgame short,67,7,g5g4,True,0.7284354331567651,1,0.04823972284793854,g5g4,True,0.9537500143051147,True,-1,2,11.572907099995064,
1964,2024,advantage fork long middlegame,60,34,b7a7,False,0.026538279555456006,3,-0.9096893072128296,f1f5,True,0.8550000190734863,True,-1,3,13.01950689998921,
1965,2314,crushing middlegame pin short,34,43,c3d5,False,0.05181413590120842,2,-0.5374669432640076,h5h6,True,0.8337500095367432,True,-1,2,11.602512900019065,
1966,1943,advantage attraction kingsideAttack long middlegame,42,37,e1e8,True,0.8628741491535509,1,0.06849934905767441,e1e8,True,0.9937499761581421,True,-1,3,18.216479299997445,
1967,2118,crushing endgame hangingPiece long master,53,27,b5c5,True,0.9459606684235734,1,0.08465855568647385,b5c5,True,0.9950000047683716,True,-1,3,18.32802859999356,
1968,2195,crushing defensiveMove endgame master pin queenEndgame short,78,23,g4g5,False,0.24134653213961224,2,0.22957876324653625,f4c7,True,0.8899999856948853,False,2,2,10.857766400004039,
1969,2323,advantage middlegame pin short,69,39,g8f8,False,0.002151871135309151,19,-0.29355698823928833,g8f8,False,0.0,False,0,1,6.322512799990363,
1970,2036,advantage endgame long trappedPiece,87,29,e8e3,True,0.6263578000701001,1,0.3299776017665863,e8e3,True,0.9387500286102295,True,-1,3,16.921748799999477,
1971,2074,advancedPawn crushing endgame long master sacrifice,104,10,g6e7,False,0.25933847112032404,2,0.24943451583385468,g6e5,True,0.6150000095367432,True,-1,3,18.28727179998532,
1972,2001,advantage hangingPiece middlegame short,19,41,f6d5,True,0.5485354659959275,1,-0.1313953399658203,f6d5,True,0.9850000143051147,True,-1,2,12.196031799976481,
1973,2056,crushing exposedKing fork long middlegame sacrifice,30,36,b6c7,False,0.42640879227639406,2,-0.34156444668769836,d1e2,True,0.9762499928474426,False,4,3,18.432264100003522,
1974,1914,advancedPawn advantage attraction middlegame queensideAttack veryLong,52,43,e5e6,False,0.3643304996842866,2,-0.535317063331604,c6b7,True,0.9787499904632568,True,-1,4,21.929020399984438,
1975,2187,advantage fork long middlegame,25,37,e7b4,True,0.7038004943347468,1,-0.6961311101913452,e7b4,True,0.9887499809265137,True,-1,3,18.50751309999032,
1976,2268,advantage endgame fork long,41,33,b8b1,False,0.35487880867545557,2,-0.30219653248786926,d5c3,True,0.9599999785423279,True,-1,3,17.352184699993813,
1977,2134,advantage fork long middlegame quietMove,59,28,c8e6,False,0.07914488712964053,6,-0.9366382956504822,c8d8,True,0.8912500143051147,True,-1,3,16.377750399988145,
1978,2025,advantage discoveredAttack middlegame short,39,42,a8e8,False,0.3048523913198673,2,-0.44183120131492615,f4h3,True,0.9649999737739563,True,-1,2,12.208443500014255,
1979,2068,crushing defensiveMove endgame pin short,56,5,g2f1,True,0.47351907944532656,1,0.27207833528518677,g2f1,True,0.8462499976158142,True,-1,2,10.659341199992923,
1980,2262,advantage castling discoveredAttack discoveredCheck master middlegame short,30,32,e1c1,True,0.7183237384892038,1,-0.172228142619133,e1c1,True,0.9862499833106995,True,-1,2,11.521463100012625,
1981,2142,advantage discoveredAttack discoveredCheck endgame long,76,18,f4e4,False,0.3818747038385434,2,0.20783565938472748,f4e4,False,0.03750000149011612,False,0,1,6.15476010000566,
1982,2172,advantage deflection fork master middlegame short,59,43,f8f1,False,0.18038244953280083,2,-0.30168014764785767,g4f2,True,0.4950000047683716,True,-1,2,11.958006500004558,
1983,1928,advantage middlegame short trappedPiece,42,43,b7e7,False,0.05617704683753479,3,-0.875236451625824,b7e7,False,0.4625000059604645,False,0,1,6.30706019999343,
1984,1967,crushing discoveredAttack kingsideAttack long middlegame pin,40,50,h6h4,False,0.22234179520374237,2,0.17090429365634918,h6e3,False,0.07124999910593033,False,0,1,6.302476699987892,
1985,2226,advantage clearance endgame long sacrifice,48,26,d2e2,False,0.006729644746544353,8,0.2826499342918396,d2e2,False,0.0,False,0,1,6.4767332000192255,
1986,2075,backRankMate deflection mate mateIn5 middlegame sacrifice veryLong xRayAttack,52,45,e1d1,False,0.0005493637736249607,20,-0.8125406503677368,e1e4,False,0.0,False,0,1,5.72013689999585,
1987,2148,advantage discoveredCheck doubleCheck fork middlegame short,90,38,a2c2,False,0.17084936545780763,2,0.5351465940475464,d6f7,True,0.96875,False,2,2,11.282908399996813,
1988,2073,advancedPawn crushing defensiveMove endgame long sacrifice,52,25,e1e4,False,0.2302073489259349,2,0.044503260403871536,e1e4,False,0.02500000037252903,False,0,1,6.147773600008804,
1989,1969,advantage capturingDefender opening veryLong,22,30,c2c4,False,0.002910946017507781,14,0.043129295110702515,f3g4,False,0.0,False,0,1,6.373831600008998,
1990,2151,advantage endgame long pin quietMove,57,37,e4d2,True,0.4024005306299263,1,0.4103415310382843,e4d2,True,0.9412500262260437,False,2,2,11.769008800009033,
1991,2171,advantage long middlegame pin,53,38,h7h2,True,0.45000590138571367,1,-0.24157842993736267,h7h2,True,0.9512500166893005,True,-1,3,17.742754800012335,
1992,2058,advantage defensiveMove hangingPiece middlegame short,49,33,d7f8,False,0.08914665396155413,2,-0.5676714777946472,d4a1,True,0.9574999809265137,True,-1,2,12.4508450999856,
1993,2163,collinearMove crushing kingsideAttack middlegame sacrifice veryLong,46,42,f6c3,False,0.024348682726881607,3,-0.27316591143608093,g3g6,True,0.824999988079071,True,-1,4,21.921861800015904,
1994,2081,endgame mate mateIn2 short,62,42,b3g3,True,0.6847134770207429,1,0.5746891498565674,b3g3,True,0.9850000143051147,True,-1,2,0.3583214999816846,
1995,2021,advantage endgame fork long quietMove,36,27,c2c4,True,0.5710377731586396,1,0.6440551280975342,f1d1,False,0.2199999988079071,False,0,1,6.11629519998678,
1996,1911,deflection kingsideAttack long mate mateIn3 middlegame pillsburysMate,34,54,h5f7,True,0.7502621418441492,1,0.21363817155361176,h5f7,True,0.9787499904632568,False,2,2,11.147654200001853,
1997,2141,advantage defensiveMove endgame long pawnEndgame sacrifice,92,9,d3d4,False,0.04977682081003962,4,-0.7016681432723999,d3d4,False,0.008750000037252903,False,0,1,5.808251899987226,
1998,2197,advantage fork long middlegame,64,36,f1f4,True,0.6496528812652291,1,0.614479660987854,f1f4,True,0.9825000166893005,True,-1,3,17.967028799990658,
1999,2152,crushing middlegame pin short,57,42,h4g3,False,0.020803853909718995,8,-0.9431263208389282,h4h3,True,0.46875,True,-1,2,10.688887700001942,
2000,2091,crushing endgame master masterVsMaster short trappedPiece,98,20,d7f6,False,0.017135399264880613,8,-0.0349409393966198,d7c5,False,0.29124999046325684,False,0,1,6.032125799974892,
2001,1904,advantage collinearMove discoveredAttack discoveredCheck master middlegame short,46,50,d6c7,False,0.008291594537614955,10,0.847824215888977,d6f8,False,0.0,False,0,1,6.0752372999850195,
2002,2162,crushing endgame pin veryLong,70,31,e6c6,True,0.4955871711816673,1,0.32747864723205566,e6c6,True,0.949999988079071,True,-1,4,24.560245600005146,
2003,1909,crushing deflection middlegame short,74,43,a3d6,False,0.0006062600679110051,13,-0.09738082438707352,a3c3,False,0.0,False,0,1,4.760441099992022,
2004,2040,crushing discoveredAttack long middlegame,37,36,c6e5,False,0.003634989975652724,5,-0.03025924786925316,c6e5,False,0.0,False,0,1,6.365399200003594,
2005,2035,crushing endgame fork long,47,35,e6c4,True,0.5880316982686442,1,-0.7666669487953186,e6c4,True,0.9762499928474426,True,-1,3,11.98977559999912,
2006,1979,attraction crushing exposedKing fork long middlegame,79,30,d2f3,False,0.36138626522642997,2,-0.5391788482666016,g3g1,True,0.9762499928474426,True,-1,3,18.102597699995385,
2007,1968,crushing deflection endgame long master,61,37,e6h3,True,0.7082209316098614,1,-0.03226247429847717,e6h3,True,0.9862499833106995,True,-1,3,18.928626599983545,
2008,2172,advantage discoveredAttack discoveredCheck endgame quietMove veryLong,55,25,g7g2,True,0.484582553196232,1,-0.9875428080558777,g7g2,True,0.9850000143051147,False,2,2,0.9472341999935452,
2009,2141,crushing endgame pin short,47,36,h7h5,False,0.026013269862613965,7,0.27059635519981384,f3d3,False,0.004999999888241291,False,0,1,5.904743699997198,
2010,2307,crushing endgame interference sacrifice veryLong,65,41,c3a1,False,0.007677459126597317,13,-0.602751612663269,c3c1,False,0.0,False,0,1,5.118760100012878,
2011,1906,advantage hangingPiece middlegame short,35,43,d6e6,True,0.6882632647296274,1,-0.922488808631897,d6e6,True,0.9837499856948853,True,-1,2,11.410207000008086,
2012,2178,crushing endgame fork long,90,20,d7f7,False,0.09229218306432592,3,-0.2207394689321518,a5a6,True,0.9487500190734863,True,-1,3,18.203842299990356,
2013,2219,crushing deflection kingsideAttack middlegame sacrifice veryLong,72,40,e1e6,True,0.3520190457328912,1,0.43612241744995117,e1e6,True,0.8812500238418579,True,-1,4,22.4368061000132,
2014,2283,crushing middlegame sacrifice veryLong,31,37,d4e6,False,0.23779933220026678,2,-0.5132624506950378,g6f4,True,0.9024999737739563,True,-1,4,14.323385900002904,
2015,2172,crushing fork long middlegame quietMove sacrifice,56,35,f4d3,False,0.001543134336826543,14,0.010071628727018833,d2c1,False,0.0,False,0,1,6.024451600009343,
2016,2272,advantage deflection endgame master short,83,20,h3h6,False,0.2329774540848972,2,-0.11900697648525238,h3f3,True,0.9537500143051147,True,-1,2,11.70015700001386,
2017,2097,advantage exposedKing fork long middlegame,53,38,b6e3,True,0.375522727268963,1,-0.8799399733543396,b6e3,True,0.981249988079071,True,-1,3,18.474047199997585,
2018,2217,advancedPawn advantage endgame fork veryLong,65,20,c2c1,True,0.24270919501044058,1,-0.96724933385849,c2c1,True,0.9737499952316284,True,-1,5,24.913144399994053,
2019,1949,advantage exposedKing fork long middlegame,71,37,e6e5,True,0.3592229231776103,1,-0.31950077414512634,e6e5,True,0.9762499928474426,True,-1,3,18.348788200004492,
2020,2048,crushing endgame long sacrifice,54,35,e1d1,False,0.31454681983281846,2,-0.3114762306213379,f4b4,True,0.7012500166893005,False,2,2,12.168552799994359,
2021,1986,advantage clearance fork long middlegame sacrifice,37,33,h7g7,False,0.02211043967579333,10,-0.6588874459266663,d8c7,False,0.0024999999441206455,False,0,1,5.873555300000589,
2022,2079,crushing defensiveMove hangingPiece middlegame short,48,43,c6a8,True,0.6698032204544134,1,-0.3808499872684479,c6a8,True,0.9737499952316284,True,-1,2,6.992886299995007,
2023,2287,advantage kingsideAttack middlegame pin quietMove sacrifice veryLong,53,2,d8e8,True,0.8653363644297473,1,-0.9600387215614319,d8e8,True,0.9925000071525574,False,6,4,23.30109310001717,
2024,2332,advantage discoveredAttack long middlegame,28,36,c3e4,False,0.12373053509433903,3,-0.06609048694372177,c3b5,True,0.7962499856948853,True,-1,3,16.184899999992922,
2025,2140,endgame mate mateIn2 operaMate short,55,29,g8g2,False,0.06635969470101007,4,-0.988464891910553,f7f5,True,0.9599999785423279,True,-1,2,0.49861750000854954,
2026,1906,crushing fork long middlegame,34,38,e3d3,False,0.08687013548315187,3,-0.25012582540512085,d4f5,True,0.9599999785423279,True,-1,3,17.979658099997323,
2027,2161,advantage long master middlegame pin sacrifice,56,58,d1d2,False,0.2304768317084998,3,-0.6652589440345764,d1d6,True,0.9762499928474426,True,-1,3,17.317885199998273,
2028,2174,crushing middlegame pin queensideAttack veryLong,28,41,d4a7,True,0.4415592417742387,1,-0.4763830006122589,d4c3,False,0.08375000208616257,False,0,1,5.297257800004445,
2029,2179,attraction capturingDefender crushing kingsideAttack opening pin veryLong,24,44,d3e4,False,0.030549822603738643,2,-0.4104737341403961,d3e4,False,0.2849999964237213,False,0,1,6.112218299997039,
2030,2083,crushing discoveredAttack discoveredCheck middlegame sacrifice veryLong,44,32,f4f5,True,0.7506429826100637,1,-0.39092543721199036,f4f5,True,0.643750011920929,True,-1,4,23.62612440000521,
2031,2207,crushing discoveredAttack middlegame short,45,49,b7a8,False,0.054244613696236454,5,-0.4747571051120758,e4c3,True,0.9287499785423279,True,-1,2,12.267670900007943,
2032,2183,crushing fork master middlegame short,35,36,f4f3,False,0.20807877100676145,2,-0.7652710676193237,f4e4,True,0.9487500190734863,True,-1,2,9.493024700001115,
2033,1971,crushing discoveredAttack fork long middlegame,51,32,b5b4,False,0.018736730310727378,9,-0.9600542187690735,e4d2,True,0.7387499809265137,True,-1,3,18.742982299998403,
2034,2345,advantage fork master middlegame veryLong,69,38,e5e4,True,0.7295542474518384,1,0.14743833243846893,e5e4,True,0.9837499856948853,True,-1,4,25.09687350000604,
2035,1919,advantage clearance discoveredAttack discoveredCheck middlegame short,61,40,d4d3,True,0.2792721412722946,1,-0.870897650718689,d4d3,True,0.9024999737739563,True,-1,2,11.491082199994707,
2036,2078,deflection long mate mateIn3 middlegame,46,39,d3f5,False,0.4008750380345343,2,0.10447279363870621,d3f5,False,0.06624999642372131,False,0,1,5.7769050000060815,
2037,2284,crushing defensiveMove long middlegame pin,60,43,f7f6,False,0.1288128617325023,2,0.7614333629608154,c1c7,True,0.9637500047683716,True,-1,3,13.427141499996651,
2038,2083,crushing endgame long master pin,84,28,h1g1,True,0.6751815009727773,1,-0.08660656213760376,h1g1,True,0.9487500190734863,False,2,2,12.171807000006083,
2039,2091,advantage defensiveMove endgame hangingPiece short,97,23,e2d2,True,0.9833622339224423,1,0.45364537835121155,e2d2,True,0.9987499713897705,True,-1,2,12.147526000015205,
2040,1917,advantage deflection middlegame short,49,36,g7f7,True,0.27615276565939645,1,-0.584671139717102,g7f7,True,0.9725000262260437,True,-1,2,11.970982800005004,
2041,2271,advantage master middlegame short trappedPiece,67,46,e4g3,False,0.009957031828721737,7,-0.14235332608222961,d6g3,False,0.0,False,0,1,5.779219699994428,
2042,1959,advantage deflection long middlegame,64,44,d6g6,True,0.6993604037920415,1,-0.23428747057914734,d6g6,True,0.9925000071525574,True,-1,3,17.883493200002704,
2043,2228,crushing kingsideAttack middlegame sacrifice short,40,39,f3g5,False,0.16091402815034905,3,-0.45278945565223694,f3g5,False,0.3499999940395355,False,0,1,3.8126312000094913,
2044,2030,crushing endgame hangingPiece long,56,36,e1e7,False,0.04852002340354498,2,0.36689525842666626,f3a8,True,0.9387500286102295,True,-1,3,18.088140999985626,
2045,2227,advantage deflection discoveredAttack long middlegame sacrifice,52,45,b5d7,False,0.12912279855893283,4,-0.7763497829437256,b5c4,True,0.9587500095367432,True,-1,3,18.875140100019053,
2046,2221,advantage long middlegame pin,69,30,g5h5,False,0.009629712733794881,5,-0.413955956697464,g5h5,False,0.0037499999161809683,False,0,1,6.1101082999957725,
2047,2021,capturingDefender crushing middlegame short,48,53,e3d5,False,0.032040859036388834,6,-0.10715416818857193,d1d7,True,0.8912500143051147,True,-1,2,12.011696100002155,
2048,2037,endgame mate mateIn2 rookEndgame short,73,27,a3a4,False,0.4807826126152598,2,0.3493521809577942,d4a4,True,0.9837499856948853,True,-1,2,0.40656880001188256,
2049,1932,advantage discoveredAttack endgame long skewer,47,43,a2b3,True,0.6457635540060959,1,0.5893474817276001,a2b3,True,0.9549999833106995,True,-1,3,19.09982430000673,
2050,2193,crushing kingsideAttack master middlegame pin sacrifice veryLong,48,34,b2b3,False,0.0005861458844303621,6,0.35974302887916565,b2b3,False,0.0,False,0,1,6.3977570999995805,
2051,1902,discoveredCheck doubleCheck kingsideAttack mate mateIn2 middlegame short,25,38,g7f6,False,0.02303454241574338,4,-0.005626611411571503,d4e2,True,0.7987499833106995,True,-1,2,1.3446717000042554,
2052,2107,advantage fork hangingPiece long middlegame,46,41,b3e6,True,0.8324978505933962,1,-0.4130527377128601,b3e6,True,0.9900000095367432,True,-1,3,18.154220099997474,
2053,2298,crushing endgame exposedKing fork long,61,33,c6c3,True,0.8560325337763518,1,0.26816830039024353,c6c3,True,0.9837499856948853,False,2,2,11.969301500008442,
2054,2018,advancedPawn crushing endgame pin short,62,38,b4f8,False,0.2360550598533677,2,0.4630208909511566,e6e7,True,0.9612500071525574,True,-1,2,5.786355499993078,
2055,1972,exposedKing long mate mateIn3 middlegame,47,25,h1f3,True,0.7342725857414669,1,-0.3673640191555023,h1f3,True,0.9887499809265137,True,-1,3,1.0833930000080727,
2056,2281,advantage defensiveMove discoveredAttack middlegame veryLong,38,5,d2e2,True,0.5450706575931843,1,-0.8564962148666382,d2e1,False,0.17624999582767487,False,0,1,5.450037100003101,
2057,2349,advantage deflection middlegame queensideAttack sacrifice veryLong,57,43,f8d8,False,0.00035486545790411995,31,-0.806976318359375,f8b8,False,0.0,False,0,1,5.6298500999982934,
2058,2104,advantage middlegame pin short,54,38,e5b5,False,0.0048040433126979075,7,-0.467790812253952,e5b5,False,0.0,False,0,1,5.859723700006725,
2059,2006,crushing middlegame short trappedPiece,46,39,d7d8,False,0.20281158167578167,2,0.17852267622947693,d7b7,True,0.9674999713897705,True,-1,2,12.392645999992965,
2060,1935,crushing kingsideAttack middlegame pin short,42,41,h6g6,True,0.48325908038657606,1,-0.09936641156673431,h6g6,True,0.9837499856948853,True,-1,2,10.184761199983768,
2061,2158,advancedPawn advantage long middlegame pin promotion,68,31,e4h7,True,0.4917686020126207,1,-0.4027816653251648,a2c2,False,0.08749999850988388,False,0,1,5.9609128999873064,
2062,1992,crushing endgame pin veryLong,67,34,g4g3,False,0.17137970986592088,2,-0.16057159006595612,h2h1,True,0.6025000214576721,True,-1,5,28.691781699977582,
2063,2015,crushing kingsideAttack long master opening pin,34,49,f3f7,True,0.597316919236038,1,-0.10327333211898804,f3f7,True,0.9762499928474426,True,-1,3,6.275957300007576,
2064,1975,advantage hangingPiece long middlegame pin,70,39,e6g7,True,0.7809196029994212,1,0.12439650297164917,e6g7,True,0.9850000143051147,True,-1,3,17.33790620000218,
2065,2279,clearance long mate mateIn3 middlegame sacrifice,45,32,h3h2,False,0.08266105248255333,5,-0.5926671028137207,h3g3,True,0.9424999952316284,True,-1,3,1.1540326999966055,
2066,1998,crushing deflection endgame rookEndgame veryLong,74,16,c3c7,True,0.8639563301623694,1,-0.002403485355898738,c3c7,True,0.9900000095367432,True,-1,4,24.403179399989313,
2067,1970,advantage hangingPiece long middlegame,69,27,e2e6,True,0.7965676990117829,1,-0.567752480506897,e2e6,True,0.9912499785423279,True,-1,3,17.467610899999272,
2068,1952,crushing endgame long pin,75,33,g2g8,False,0.2248408957004953,2,-0.6945256590843201,g2g4,True,0.9787499904632568,True,-1,3,11.213929399993503,
2069,2088,advancedPawn crushing discoveredAttack discoveredCheck interference kingsideAttack middlegame short,41,31,f6f5,False,0.10232001725909454,2,0.04790953919291496,e3e2,True,0.6012499928474426,True,-1,2,11.777373199991416,
2070,2062,advantage defensiveMove long opening sacrifice,27,3,e8f7,True,0.8079226347129285,1,-0.9291071891784668,e8f7,True,0.9937499761581421,True,-1,3,15.884032899979502,
2071,2339,crushing intermezzo middlegame queensideAttack quietMove sacrifice veryLong,35,51,g7g6,False,0.21453260693679232,2,-0.745858371257782,d5c3,True,0.8687499761581421,True,-1,4,16.387587600009283,
2072,1908,exposedKing long mate mateIn3 middlegame,40,45,c4f7,False,0.06710253207641383,4,0.39349043369293213,g7g8,True,0.9337499737739563,True,-1,3,1.0991372999851592,
2073,2302,crushing endgame long master trappedPiece,79,15,b7d5,False,0.19274586881903924,3,0.5934302806854248,b7f3,True,0.9375,True,-1,3,18.084078299987596,
2074,2180,attraction crushing middlegame sacrifice veryLong,39,35,a5a4,False,0.01067686777882875,12,-0.4086366593837738,b8d8,False,0.026249999180436134,False,0,1,6.155193700018572,
2075,1971,crushing deflection endgame intermezzo long sacrifice,76,34,c1c8,False,0.04086918821284964,2,0.30341601371765137,c1c8,False,0.0037499999161809683,False,0,1,5.505323999997927,
2076,2233,crushing long middlegame xRayAttack,43,39,e7d5,False,0.13570083403092192,3,-0.018336914479732513,f8c8,True,0.8837500214576721,True,-1,3,16.06447990000015,
2077,1909,crushing fork long middlegame,56,40,c2c7,False,0.1457023356499795,4,0.0004846266529057175,a4b6,True,0.9599999785423279,True,-1,3,18.203349999996135,
2078,2309,advantage long middlegame sacrifice trappedPiece,29,26,d8d7,False,0.028065658245086396,6,-0.20675013959407806,e6c7,False,0.021250000223517418,False,0,1,6.174222200002987,
2079,2257,advantage fork long middlegame,39,37,e6g6,False,0.10468292620113823,2,-0.5181002020835876,e4c3,True,0.8862500190734863,True,-1,3,18.175540700001875,
2080,2177,advantage defensiveMove exposedKing long middlegame pin,83,3,g7h7,False,0.2879143885196795,2,-0.7192019820213318,g7f8,True,0.981249988079071,True,-1,3,9.01029100001324,
2081,2230,advantage attraction middlegame pin sacrifice veryLong,63,44,g4e4,True,0.32916059802145087,1,-0.23506447672843933,g4g2,False,0.08250000327825546,False,0,1,5.916467200004263,
2082,2173,capturingDefender crushing middlegame short,49,54,g7d4,False,0.002044835998075097,21,0.009178328327834606,g7d4,False,0.0,False,0,1,6.070817300002091,
2083,2248,advantage fork middlegame veryLong,48,32,e1e4,False,0.18554683154196192,2,0.5971481800079346,f4f5,True,0.9375,True,-1,4,22.637666599999648,
2084,2193,crushing discoveredCheck doubleCheck middlegame veryLong,43,35,e5g4,False,0.004788687510590502,7,-0.16363175213336945,e5g4,False,0.0,False,0,1,5.92065869999351,
2085,2066,advantage attraction endgame short,67,35,e3d2,False,0.008767444980386075,6,-0.06844614446163177,e3d2,False,0.021250000223517418,False,0,1,5.746541200001957,
2086,2182,crushing discoveredAttack endgame long,75,26,f4g3,False,0.17421938096381465,3,-0.25259071588516235,f2g3,True,0.9674999713897705,True,-1,3,18.512440899998182,
2087,1904,crushing endgame fork long skewer,90,21,g3b8,False,0.13423924560591619,2,0.017766039818525314,g3b8,False,0.23250000178813934,False,0,1,5.972253599989926,
2088,2238,advantage long middlegame sacrifice,68,39,f3f8,True,0.6016915942576729,1,-0.9728409051895142,f3f8,True,0.9887499809265137,True,-1,3,17.57143630000064,
2089,2093,crushing interference master middlegame short,43,41,e8e7,False,0.0026393370584037535,15,0.05878044664859772,e8e7,False,0.0,False,0,1,6.097539200010942,
2090,2220,attraction discoveredCheck doubleCheck mate mateIn4 middlegame sacrifice veryLong,46,32,g1g7,True,0.8426327973574265,1,-0.8505136966705322,g1g7,True,0.9925000071525574,True,-1,4,1.0684615000209305,
2091,1945,clearance endgame equality sacrifice short,70,24,f2f3,False,0.14634143913066291,2,-0.9659937620162964,f8f6,True,0.8199999928474426,True,-1,2,11.100782399997115,
2092,2144,advancedPawn crushing endgame master promotion skewer veryLong,98,21,h2h1,False,0.01360294138654294,3,-0.1228041723370552,h7h8q,True,0.5362499952316284,True,-1,4,23.385042399982922,
2093,2234,advantage attraction middlegame short,43,28,e7g6,False,0.014545802531388648,6,-0.49510157108306885,e7g6,False,0.004999999888241291,False,0,1,6.106862199987518,
2094,1946,advantage master middlegame pin short,33,41,b4c3,False,0.00048707969880569475,29,-0.5021053552627563,b4c3,False,0.0,False,0,1,5.331274800002575,
2095,2177,crushing long middlegame pin,66,30,h5f6,True,0.7562841736564123,1,-0.5206373333930969,h5f6,True,0.9787499904632568,True,-1,3,15.33930859999964,
2096,2307,advantage fork long middlegame,33,49,e3d4,False,0.03614162484002115,3,-0.9900441765785217,g4f3,True,0.9037500023841858,True,-1,3,15.400556999986293,
2097,2026,advantage fork middlegame short,41,36,f5e4,True,0.6802402295266096,1,-0.5639787912368774,f5e4,True,0.987500011920929,True,-1,2,11.442761499987682,
2098,2009,advantage attraction deflection fork long opening sacrifice,18,39,g5f3,False,0.0008641077562378539,17,-0.13879011571407318,g5f3,False,0.0,False,0,1,5.830654599994887,
2099,2211,advantage attraction fork middlegame sacrifice veryLong,40,45,d4e6,True,0.45645385599913674,1,-0.0704817920923233,d4e6,True,0.8237500190734863,False,4,3,17.392844099987997,
2100,2220,crushing deflection discoveredAttack kingsideAttack middlegame veryLong,24,51,d3h7,True,0.46141917232857593,1,0.2642053961753845,d2c4,False,0.051249999552965164,False,0,1,6.110852899990277,
2101,2270,advantage attraction discoveredAttack kingsideAttack long master middlegame sacrifice,44,36,e2e5,False,0.031465081653801956,5,-0.11706613749265671,b3f7,True,0.8799999952316284,True,-1,3,18.026010800007498,
2102,2206,crushing discoveredAttack endgame long pin,76,34,b2b3,False,0.04185972806451115,6,-0.341744065284729,b4b7,True,0.893750011920929,True,-1,3,16.906874499982223,
2103,1999,crushing endgame interference master short,59,37,h6h5,False,0.05777825457912114,4,-0.2610814869403839,c5e3,True,0.949999988079071,True,-1,2,11.9991814000241,
2104,1961,crushing fork middlegame sacrifice veryLong,45,37,f6g7,False,0.014725459215679724,5,-0.9171277284622192,b7g2,True,0.45875000953674316,True,-1,4,24.22744170000078,
2105,1968,crushing fork middlegame sacrifice veryLong,71,45,c8g4,True,0.9114882461509952,1,-0.09837551414966583,c8g4,True,0.9950000047683716,True,-1,4,21.62446719998843,
2106,1965,advantage discoveredAttack endgame veryLong,81,5,f6e7,False,0.0007578184018180048,4,-0.8353748321533203,f8g8,False,0.0,False,0,1,3.903128200006904,
2107,1954,advantage attackingF2F7 deflection long middlegame sacrifice,20,45,b3c2,False,0.0016327065889471673,6,-0.1046500951051712,b3c2,False,0.0,False,0,1,6.098468200012576,
2108,2228,crushing endgame fork long,108,21,e7g8,True,0.2055790961646038,1,-0.25793159008026123,e7g8,True,0.9375,False,2,2,12.020961200003512,
2109,2270,crushing deflection endgame long pawnEndgame,70,5,h4h5,True,0.2815560719754418,1,-0.468822181224823,h4h5,True,0.96875,True,-1,3,18.359717899991665,
2110,1909,mate mateIn2 middlegame queensideAttack sacrifice short,39,47,e5f6,False,0.017224740347383194,4,0.45108580589294434,b4a2,True,0.6949999928474426,True,-1,2,2.1702951999905054,
2111,2234,advantage fork long middlegame,40,38,b2b4,True,0.5470115282645645,1,-0.16569848358631134,b2b4,True,0.9837499856948853,True,-1,3,18.583010000002105,
2112,2340,advantage deflection discoveredCheck doubleCheck middlegame short,64,47,e4f6,True,0.8534187634802809,1,-0.7122905254364014,e4f6,True,0.9937499761581421,True,-1,2,9.970807700010482,
2113,2298,advantage fork long middlegame,51,24,g5f3,True,0.5618248917678944,1,0.12858140468597412,g5f3,True,0.9750000238418579,True,-1,3,17.05716970001231,
2114,1989,advantage defensiveMove middlegame pin short,48,3,g1h1,True,0.9001638230956897,1,-0.029603594914078712,g1h1,True,0.9950000047683716,True,-1,2,12.000237000000197,
2115,1964,exposedKing long mate mateIn3 middlegame pin sacrifice,57,38,g2h2,False,0.02835987717012316,6,-0.29486775398254395,g2g1,True,0.8812500238418579,True,-1,3,1.0226810000021942,
2116,2132,attraction clearance crushing defensiveMove long middlegame sacrifice,43,38,g7f6,False,0.0014945809266466677,5,-0.197302907705307,g7f6,False,0.0,False,0,1,5.921097600017674,
2117,2127,crushing endgame sacrifice veryLong,118,31,f7e6,False,0.010466286852351542,7,0.11852651834487915,f7e6,False,0.0012499999720603228,False,0,1,4.647793299984187,
2118,2144,deflection endgame long mate mateIn3 morphysMate sacrifice,69,38,c6a4,False,0.0017440896283966952,14,0.10939125716686249,c6a4,False,0.0,False,0,1,6.114671000017552,
2119,1984,advantage fork long middlegame,46,46,d1d7,False,0.3845145593772232,2,-0.21297533810138702,b7b8,True,0.9737499952316284,True,-1,3,17.872402400011197,
2120,2108,advantage endgame fork veryLong,64,27,h5h4,False,0.0247851472319602,3,-0.7524871230125427,h6f7,False,0.2524999976158142,False,0,1,5.850071399996523,
2121,1978,advantage defensiveMove hangingPiece middlegame short,58,52,a1a8,True,0.6098893781591073,1,0.051855333149433136,a1a8,True,0.9837499856948853,True,-1,2,10.455394999997225,
2122,2033,bishopEndgame crushing endgame long skewer,111,12,g5h6,False,0.09111757050247137,3,-0.07251595705747604,d1g4,True,0.7137500047683716,True,-1,3,17.35600450000493,
2123,2050,crushing deflection long middlegame,48,5,d3e2,True,0.6578286128552923,1,-0.7225803136825562,d3e2,True,0.9850000143051147,True,-1,3,17.49341519997688,
2124,2088,advantage collinearMove discoveredAttack discoveredCheck middlegame veryLong,56,47,e2c4,False,0.09324580447003859,3,-0.13051412999629974,e2c4,False,0.05249999836087227,False,0,1,5.848106799996458,
2125,1910,crushing discoveredAttack middlegame short,28,42,g4g5,False,0.18114539300134597,2,0.019492432475090027,c3d5,True,0.8774999976158142,True,-1,2,12.211109800002305,
2126,1919,crushing endgame long queenEndgame skewer,118,28,b5e5,True,0.7020722875502219,1,-0.3362906277179718,b5e5,True,0.9850000143051147,True,-1,3,18.409644600003958,
2127,2147,advantage intermezzo long middlegame sacrifice,43,43,f8f5,True,0.8152262610316084,1,-0.3331296145915985,f8f5,True,0.9925000071525574,True,-1,3,18.68443799999659,
2128,2004,crushing exposedKing kingsideAttack long middlegame pin,58,43,c8f8,False,0.20463641060426693,2,0.1323663294315338,d2g5,True,0.9737499952316284,True,-1,3,15.382083900010912,
2129,1954,advantage capturingDefender intermezzo middlegame short,18,41,e4c5,True,0.7410303352236773,1,0.14916817843914032,e4c5,True,0.9862499833106995,True,-1,2,12.21126379998168,
2130,1994,crushing endgame fork long,78,29,e5f7,False,0.18180984902511302,3,-0.19685527682304382,f4g5,True,0.9637500047683716,True,-1,3,17.251081299997168,
2131,2230,advantage long middlegame pin,47,40,h8h4,False,0.10280957953147335,4,-0.8962223529815674,d8h4,True,0.9587500095367432,True,-1,3,18.311838299996452,
2132,1969,crushing long middlegame pin,56,54,c5g5,True,0.5233986310754176,1,-0.6464018225669861,c5g5,True,0.949999988079071,True,-1,3,14.525645099987742,
2133,1931,advantage long opening pin,19,45,c8g4,True,0.3470244490173964,1,-0.7088741660118103,f8b4,False,0.061250001192092896,False,0,1,6.272888100007549,
2134,1990,advantage discoveredAttack discoveredCheck endgame long sacrifice skewer,94,22,h6g5,False,0.08754595109727534,3,-0.3360029458999634,f4f5,True,0.9100000262260437,True,-1,3,17.936095099983504,
2135,1922,advantage attraction kingsideAttack opening sacrifice short,19,39,d7d5,False,0.029104855948406443,6,-0.6145215034484863,c5f2,True,0.6862499713897705,True,-1,2,12.31425379999564,
2136,1923,advantage hangingPiece master middlegame short,47,40,b5b4,False,0.06063611186109315,6,-0.3839264512062073,h7e4,True,0.956250011920929,True,-1,2,11.58059100000537,
2137,2095,advantage middlegame pin short,58,39,e2h5,False,0.09140787308602558,4,0.2062728852033615,b3b4,False,0.03750000149011612,False,0,1,6.19454759999644,
2138,2328,attraction crushing defensiveMove endgame veryLong,58,33,h3h4,False,0.09772878054422507,5,0.47346436977386475,c3d4,False,0.04125000163912773,False,0,1,6.214582800021162,
2139,2035,crushing endgame long master pin,80,37,h2e5,True,0.6710486145830873,1,0.006503993179649115,h2e5,True,0.9775000214576721,True,-1,3,18.02215730000171,
2140,1939,crushing fork long middlegame,39,44,g7g6,False,0.16765128504597032,3,0.4110661745071411,e7d7,True,0.9474999904632568,True,-1,3,18.61572829997749,
2141,1969,crushing deflection endgame long,86,20,a8d8,True,0.32109023305614803,1,-0.40396395325660706,a8b8,False,0.061250001192092896,False,0,1,6.2465712999983225,
2142,1916,endgame mate mateIn2 short vukovicMate,84,17,d7f6,True,0.8905151664572047,1,0.5031722784042358,d7f6,True,0.9937499761581421,True,-1,2,0.4919725999934599,
2143,2113,crushing long middlegame sacrifice,56,37,h4h7,True,0.5732862063537467,1,0.5271437764167786,h4h7,True,0.9775000214576721,True,-1,3,14.303448499995284,
2144,1932,mate mateIn2 middlegame pillsburysMate short,57,34,e8e5,False,0.06728404903063767,3,0.3925243318080902,b7f3,True,0.9512500166893005,True,-1,2,0.38468960000318475,
2145,1940,endgame mate mateIn2 short,69,27,h1g2,True,0.6144914269948116,1,-0.16576743125915527,h1g2,True,0.9862499833106995,True,-1,2,0.2608170000021346,
2146,2092,advantage fork long master middlegame,31,42,g7b2,False,0.3220948698786078,2,-0.32312169671058655,e4c3,True,0.9662500023841858,True,-1,3,7.692600500013214,
2147,2130,advantage hangingPiece long middlegame,37,34,b4e1,False,0.3491810202323269,2,-0.48550984263420105,d8d5,True,0.9712499976158142,True,-1,3,18.01058820000617,
2148,2134,advantage fork middlegame pin veryLong,34,36,e2b5,True,0.8574466346212318,1,-0.3704550564289093,e2b5,True,0.4987500011920929,False,4,3,17.85336440001265,
2149,2073,advantage attraction middlegame short,42,35,f1g2,False,0.2865498681944012,2,0.3304361402988434,h4e7,True,0.9387500286102295,True,-1,2,10.887600900023244,
2150,2046,crushing endgame skewer veryLong,67,25,h3f5,False,0.2736732956773608,2,-0.906732439994812,h3f1,True,0.9674999713897705,True,-1,4,24.65812099998584,
2151,2252,crushing deflection endgame long,49,38,f4b4,True,0.20426186385876674,1,-0.07977157086133957,f4b4,True,0.96875,True,-1,3,17.773492799984524,
2152,1951,advantage attraction master middlegame veryLong,31,42,f7f6,False,0.05253267110710411,5,-0.9781822562217712,a3e3,True,0.9375,True,-1,5,30.6128986000258,
2153,2329,advantage kingsideAttack middlegame sacrifice veryLong,46,46,e6e8,False,0.0005900557498015533,9,-0.8236650824546814,e6b3,False,0.0,False,0,1,6.302822900004685,
2154,2091,crushing discoveredAttack exposedKing kingsideAttack long middlegame,44,41,h6g7,True,0.6773938019126021,1,0.11688278615474701,h6g7,True,0.9649999737739563,True,-1,3,17.104066100000637,
2155,2175,crushing endgame long master pin,88,34,d2b2,False,0.018167251950116637,12,-0.3504418432712555,c3e5,False,0.0012499999720603228,False,0,1,6.188735500007169,
2156,2253,advantage discoveredAttack endgame long master,58,32,f3f4,False,0.007993390749531627,10,-0.14908255636692047,f3g2,False,0.0,False,0,1,6.1833832999982405,
2157,2148,endgame mate mateIn2 short,102,27,e7g7,False,0.15072847189526795,2,-0.43264684081077576,e6f8,True,0.9712499976158142,True,-1,2,0.34759990000748076,
2158,2121,advantage attraction long master middlegame,47,34,f4e3,False,0.10973588403679332,4,0.7372114658355713,d8d1,True,0.9437500238418579,True,-1,3,18.717510999995284,
2159,2085,crushing middlegame pin short,48,31,f5f6,True,0.23849831808519814,1,-0.30575475096702576,f5f6,True,0.9399999976158142,True,-1,2,8.499867500009714,
2160,2083,attraction crushing long middlegame,52,34,h7f5,True,0.9961536877647906,1,0.5010234713554382,h7f5,True,0.9987499713897705,False,2,2,11.885673299984774,
2161,2057,crushing kingsideAttack middlegame sacrifice short,40,49,e3e4,True,0.794687277345011,1,0.11580201983451843,e3e4,True,0.9887499809265137,True,-1,2,9.766978900006507,
2162,2056,crushing defensiveMove deflection endgame rookEndgame veryLong,111,17,e5e2,True,0.838492263809484,1,0.07339660823345184,e5e2,True,0.9887499809265137,True,-1,5,26.13096249999944,
2163,2085,advancedPawn advantage discoveredAttack discoveredCheck long middlegame,36,35,f7h7,False,0.04335471812795704,4,-0.46824556589126587,e5c6,True,0.925000011920929,True,-1,3,14.743446699983906,
2164,2044,crushing endgame pin short,93,25,h3h1,False,0.18518964175995256,3,-0.11262515932321548,h3e6,True,0.9162499904632568,True,-1,2,12.486498399986885,
2165,1959,attraction mate mateIn4 middlegame pin sacrifice veryLong,58,44,e4e5,True,0.7299402280523455,1,0.4159733057022095,e4e5,True,0.987500011920929,True,-1,4,0.8802036999841221,
2166,2134,fork long mate mateIn3 middlegame,53,35,g7g6,False,0.4095706495064111,2,-0.5242106914520264,g4h6,True,0.981249988079071,True,-1,3,0.5051488000026438,
2167,2088,advantage attraction deflection discoveredAttack long middlegame,34,41,e6f5,True,0.7039385014255377,1,0.4465242922306061,e6f5,True,0.9900000095367432,True,-1,3,18.154058599990094,
2168,2015,advantage fork long middlegame,29,39,c7d6,False,0.2823828541786407,2,0.6321197748184204,e4d2,True,0.9612500071525574,True,-1,3,18.403826499998104,
2169,2022,mate mateIn2 middlegame morphysMate short,46,34,d4f5,True,0.4962335238352543,1,-0.654448390007019,d4f5,True,0.9850000143051147,True,-1,2,0.45254539998131804,
2170,2197,advancedPawn advantage kingsideAttack middlegame sacrifice short,45,51,a8a5,False,0.18505949070882272,2,0.4872925877571106,a8a5,False,0.021250000223517418,False,0,1,5.960030499991262,
2171,2231,crushing fork long middlegame sacrifice,36,40,e1g1,False,0.0002459553368452317,23,0.14688940346240997,e1g1,False,0.0,False,0,1,6.193917100026738,
2172,2322,advantage long middlegame pin sacrifice,59,40,b4c6,False,0.020947150860455826,8,-0.2967597246170044,e7d6,False,0.0012499999720603228,False,0,1,6.216844800015679,
2173,2320,advantage hangingPiece long middlegame,27,43,b4d3,True,0.7246680904845759,1,0.12920160591602325,b4d3,True,0.987500011920929,True,-1,3,18.803029600006994,
2174,1900,advantage fork middlegame short,53,36,h5g6,True,0.42391898784318105,1,-0.6547995805740356,h5g6,True,0.9800000190734863,True,-1,2,12.35573929999373,
2175,2055,mate mateIn1 middlegame oneMove,32,37,b5c4,True,0.4321945511833547,1,-0.19924545288085938,b5c4,True,0.9750000238418579,True,-1,1,0.17196659999899566,
2176,2182,crushing discoveredAttack discoveredCheck endgame long,55,30,b4c5,True,0.6319185403493063,1,0.14521118998527527,b4c5,True,0.9524999856948853,True,-1,3,17.65730719998828,
2177,2340,crushing deflection endgame long sacrifice,49,32,h5e5,False,0.07680132560389909,6,0.3348380923271179,h5e5,False,0.01875000074505806,False,0,1,5.967258499993477,
2178,1908,kingsideAttack mate mateIn2 middlegame short,45,42,g4h3,True,0.8848861163260695,1,-0.554952085018158,g4h3,True,0.9962499737739563,True,-1,2,0.2295592000009492,
2179,2196,advancedPawn crushing endgame rookEndgame sacrifice short,76,22,a6a7,False,0.0011177769374768715,13,0.08258583396673203,g7g8,False,0.0,False,0,1,4.993828100006795,
2180,2050,advantage defensiveMove endgame fork long,71,35,c3g3,True,0.776396014229585,1,-0.062205538153648376,c3g3,True,0.9925000071525574,True,-1,3,13.403180699999211,
2181,2089,advantage deflection discoveredAttack discoveredCheck endgame pin veryLong,48,31,c5f5,True,0.8111479465991739,1,-0.8692449927330017,c5f5,True,0.9900000095367432,True,-1,5,30.855614400003105,
2182,1965,advantage interference middlegame short,47,41,g5g2,True,0.7359229258495191,1,-0.6256819367408752,g5g2,True,0.9887499809265137,True,-1,2,11.667451799992705,
2183,2211,crushing deflection middlegame short,50,35,h4h6,True,0.2859719984040568,1,-0.4508489668369293,h4h6,True,0.9787499904632568,True,-1,2,9.813399500009837,
2184,2123,advantage intermezzo long middlegame sacrifice,59,28,c7d7,False,0.05098511054053003,6,-0.6067062616348267,b7c6,True,0.9449999928474426,True,-1,3,16.738521699997364,
2185,1909,crushing master middlegame pin short,72,37,f1g1,True,0.38819881464244727,1,-0.15508165955543518,f3g3,False,0.07249999791383743,False,0,1,5.991184999991674,
2186,2037,mate mateIn2 middlegame queensideAttack sacrifice short,71,45,c3b3,True,0.47330929470177296,1,0.7582226395606995,c3b3,True,0.9449999928474426,True,-1,2,0.41923729999689385,
2187,1990,advantage long middlegame pin,54,50,e7e8,True,0.38614506674962845,1,0.12377490103244781,e7e8,True,0.9800000190734863,True,-1,3,17.28802540001925,
2188,2243,attraction crushing endgame quietMove sacrifice veryLong,54,41,f4g4,False,0.0013316724170382465,20,0.04154757410287857,f4g4,False,0.0,False,0,1,5.024131699989084,
2189,1940,advancedPawn advantage endgame pin promotion short,57,27,e7b4,False,0.06414554785473363,3,-0.22275258600711823,a3a2,True,0.9524999856948853,True,-1,2,12.131470299995271,
2190,2025,crushing deflection endgame master rookEndgame short,96,16,h2h6,False,0.03973513547486963,3,-0.11574139446020126,a2a3,True,0.9337499737739563,True,-1,2,9.801446500001475,
2191,2317,crushing discoveredAttack fork intermezzo middlegame veryLong,35,45,c7h2,True,0.8834025928486545,1,-0.3887578248977661,c7h2,True,0.9937499761581421,True,-1,4,23.845272900012787,
2192,2005,advantage master middlegame short trappedPiece,43,41,h5d1,False,0.12690610619181944,3,-0.8293271660804749,g7g5,True,0.8337500095367432,True,-1,2,12.172004199994262,
2193,2099,crushing endgame long master sacrifice,59,28,g8g7,False,0.0332289354740857,10,-0.08733648806810379,b7c6,False,0.0024999999441206455,False,0,1,6.038640200014925,
2194,2209,crushing fork middlegame sacrifice veryLong,46,45,e7c6,False,0.019711308984599968,7,-0.0770082175731659,d7b7,False,0.009999999776482582,False,0,1,6.09648009997909,
2195,2034,advantage endgame fork long sacrifice,70,29,d4e6,True,0.5191967130572556,1,-0.6793820858001709,d4e6,True,0.9837499856948853,True,-1,3,18.294302099995548,
2196,2086,advantage discoveredAttack discoveredCheck exposedKing middlegame veryLong,49,44,c7f4,True,0.47171157015121007,1,0.03342314809560776,c7f4,True,0.9700000286102295,True,-1,5,26.931097099994076,
2197,1915,advantage master middlegame short trappedPiece,60,32,e4f6,False,0.03871988653162761,8,-0.42368319630622864,f3f4,False,0.4399999976158142,False,0,1,6.179793400020571,
2198,2147,advantage fork interference intermezzo long middlegame,51,43,a8d8,False,0.04711354231449659,4,-0.13857640326023102,c5d3,True,0.9162499904632568,True,-1,3,18.354732400010107,
2199,2020,crushing discoveredAttack kingsideAttack middlegame pin short,40,23,g4e3,False,0.014621949792723056,11,-0.016063230112195015,h4h5,False,0.06499999761581421,False,0,1,6.157600300008198,
2200,2220,advantage attraction discoveredAttack middlegame pin veryLong,36,45,h6g7,True,0.6617822381372389,1,0.08685864508152008,h6g7,True,0.9537500143051147,False,2,2,12.351059000007808,
2201,1941,crushing hangingPiece long middlegame,53,3,e5g5,False,0.2930733162030614,2,-0.8027303814888,g6g5,True,0.9649999737739563,True,-1,3,15.391001399984816,
2202,2139,blindSwineMate clearance endgame mate mateIn2 quietMove short,55,22,a4a3,False,0.011243649838798633,5,0.20835548639297485,a4a3,False,0.0012499999720603228,False,0,1,5.723739300010493,
2203,1943,crushing endgame long pin,119,12,f4g3,False,0.12483088642371444,4,-0.9837525486946106,f3e2,True,0.9612500071525574,True,-1,3,18.717938699992374,
2204,2060,advancedPawn bishopEndgame crushing endgame hangingPiece long promotion,100,18,e4b7,True,0.6692759215071157,1,-0.08775819092988968,e4b7,True,0.9700000286102295,True,-1,3,17.239345300011337,
2205,2343,crushing endgame exposedKing fork long,67,28,d6d8,False,0.09962257505264034,4,0.13327191770076752,d3e5,True,0.9474999904632568,True,-1,3,16.45457240001997,
2206,2256,advantage clearance long middlegame sacrifice,28,49,a1d1,False,0.0008212231400700426,16,0.08618337661027908,c2a4,False,0.0,False,0,1,6.646023899986176,
2207,1942,crushing defensiveMove endgame hangingPiece master masterVsMaster short,79,2,g8g7,True,0.9711604675316324,1,-0.6228713393211365,g8g7,True,0.9987499713897705,True,-1,2,12.356172300002072,
2208,1927,advantage fork opening short,25,30,d8a5,False,0.15950850861020047,3,-0.020219236612319946,d8d5,True,0.9524999856948853,True,-1,2,12.019797300017672,
2209,1978,advantage defensiveMove endgame long quietMove sacrifice,55,29,h6g6,True,0.39213002476427894,1,-0.5139169096946716,h6g6,True,0.9850000143051147,True,-1,3,7.985718800016912,
2210,2098,crushing middlegame pin short,50,43,e1e6,False,0.22133024374636032,2,-0.5936798453330994,h6g5,True,0.9200000166893005,True,-1,2,11.263543900015065,
2211,1939,advancedPawn crushing endgame knightEndgame sacrifice short,128,13,d5d6,True,0.3319501959077931,1,0.7241283655166626,d5d6,True,0.9350000023841858,True,-1,2,11.618761999998242,
2212,1926,advantage defensiveMove middlegame pin veryLong,57,4,g8h7,True,0.42770627415835843,1,-0.3478722870349884,g8h7,True,0.8737499713897705,True,-1,4,20.317057300009765,
2213,2306,advantage fork long master middlegame,53,52,b8b1,False,0.0069034630901637474,5,-0.3370560109615326,b8b1,False,0.0,False,0,1,6.237780600000406,
2214,2266,crushing discoveredAttack long middlegame,47,35,c8b7,True,0.4562654418391227,1,-0.9175248742103577,c8b7,True,0.9800000190734863,True,-1,3,15.131810199993197,
2215,2124,attraction endgame long mate mateIn3,58,28,g1f1,False,0.010248894143263403,11,-0.7123069763183594,g1f1,False,0.0012499999720603228,False,0,1,5.83890080000856,
2216,2083,advancedPawn advantage discoveredAttack endgame fork long master,66,38,b2b4,False,0.05948935295213192,6,-0.6214396357536316,f6f7,True,0.9512500166893005,True,-1,3,18.190080199972726,
2217,2333,advantage fork long middlegame sacrifice,31,45,d5f4,False,0.05913889525721316,6,-0.02568938583135605,a8d8,False,0.012500000186264515,False,0,1,6.200270100001944,
2218,2010,advantage attraction endgame fork sacrifice veryLong,65,34,c2e3,True,0.3391687584187746,1,-0.6378244161605835,e5a5,False,0.14624999463558197,False,0,1,5.805249699973501,
2219,2034,advantage long master middlegame sacrifice,52,41,h6g7,False,0.06944547138686612,3,-0.044359784573316574,e4f6,True,0.8199999928474426,True,-1,3,15.479550300020492,
2220,2226,crushing deflection endgame fork long,42,45,e5c3,False,0.01119578939079622,10,0.8261732459068298,e5g7,True,0.3687500059604645,True,-1,3,18.475702800002182,
2221,2004,crushing endgame interference long pin sacrifice,68,35,f5g4,False,0.16236677236879185,2,-0.028931310400366783,e3e5,True,0.9524999856948853,True,-1,3,16.38008540001465,
2222,2089,endgame long mate mateIn3 queenEndgame,111,28,f5d3,False,0.06176467530116705,5,-0.0012273706961423159,f5f1,True,0.9325000047683716,True,-1,3,1.0217888000188395,
2223,2290,advantage deflection endgame long,62,28,g3f5,True,0.5990453082747628,1,-0.19125153124332428,g3f5,True,0.6000000238418579,False,2,2,12.325957499997457,
2224,2025,advancedPawn advantage attraction deflection master middlegame queensideAttack short,53,33,b6e3,False,0.03880109910218777,5,0.690596342086792,c3c2,True,0.8025000095367432,True,-1,2,11.779553400003351,
2225,2184,crushing deflection long middlegame,63,41,h8g8,False,0.007508010859852146,9,-0.1272783726453781,e5h2,False,0.0,False,0,1,6.408770200010622,
2226,2068,advantage middlegame pin sacrifice short,51,46,g6f5,False,0.04295768151019965,6,0.3226584792137146,f8f3,True,0.5924999713897705,True,-1,2,11.90556889999425,
2227,2287,advantage long middlegame quietMove trappedPiece,36,47,h2g4,False,0.011721981182006527,6,-0.8376922011375427,h2g4,False,0.0012499999720603228,False,0,1,5.86608399997931,
2228,2061,endgame exposedKing long mate mateIn3,107,27,d4e2,False,0.40039963524274225,2,-0.9240731596946716,d4f3,True,0.9762499928474426,True,-1,3,0.5824394999945071,
2229,2278,attraction crushing endgame sacrifice skewer veryLong,66,39,c2c6,False,0.1817211187016546,3,0.4160389304161072,c2c6,False,0.20874999463558197,False,0,1,5.9423342999944,
2230,1967,advantage capturingDefender deflection endgame intermezzo long sacrifice,57,35,d2c2,False,0.18161379139580414,2,0.10547839850187302,a4c2,True,0.9737499952316284,True,-1,3,17.59205770000699,
2231,2019,advantage deflection middlegame short,60,28,a3a7,False,0.0006599116934606158,18,-0.9532104134559631,a3a4,False,0.0,False,0,1,5.899574099981692,
2232,2126,crushing deflection long middlegame pin,51,37,f8f3,False,0.2865845687347403,2,0.022678328678011894,h4h2,True,0.9712499976158142,True,-1,3,18.800924799987115,
2233,2268,crushing deflection middlegame queensideAttack veryLong,42,39,e4e5,True,0.40732731207930223,1,-0.024543948471546173,e4e5,True,0.9649999737739563,False,6,4,21.893481900013285,
2234,2215,advantage defensiveMove endgame hangingPiece quietMove veryLong,80,36,a6c8,True,0.5676352600209928,1,-0.5983445644378662,a6c8,True,0.987500011920929,True,-1,4,24.823358599998755,
2235,2106,advancedPawn crushing endgame fork master promotion short,88,37,b5b7,False,0.340951773631838,2,0.26910871267318726,a7a8q,True,0.9762499928474426,True,-1,2,12.615248299989616,
2236,2038,advancedPawn crushing endgame long promotion sacrifice,64,22,c2c3,False,0.132234458520432,5,0.12423143535852432,c2c3,False,0.012500000186264515,False,0,1,6.46835499998997,
2237,2343,crushing defensiveMove endgame knightEndgame long sacrifice,95,16,g5h7,True,0.7833844009004871,1,-0.6981902718544006,g5h7,True,0.96875,False,2,2,12.562398000009125,
2238,2317,advantage long middlegame pin quietMove,52,41,e1e3,True,0.71066254993455,1,-0.566752552986145,e1e3,True,0.9837499856948853,True,-1,3,12.85972030000994,
2239,2205,crushing defensiveMove middlegame pin short,51,41,e8e4,True,0.38860738247764326,1,0.07470811158418655,e8e4,True,0.9750000238418579,True,-1,2,12.847053800011054,
2240,2250,advantage endgame fork short,118,33,f1f4,False,0.1031532263562903,5,0.03744067624211311,d5b5,True,0.9424999952316284,True,-1,2,12.196859799994854,
2241,2083,crushing endgame hangingPiece long,57,40,g5d2,True,0.9274351511732125,1,-0.04965636134147644,g5d2,True,0.9962499737739563,True,-1,3,18.17009890000918,
2242,1957,advantage fork long middlegame,27,3,c8e6,True,0.7910696994262506,1,-0.38926398754119873,c8e6,True,0.9937499761581421,True,-1,3,18.252667499997187,
2243,1913,crushing deflection endgame long,78,17,e8f6,False,0.20396900092444897,2,-0.7192003130912781,g7h7,True,0.9574999809265137,True,-1,3,16.485090700007277,
2244,2179,advantage defensiveMove fork long opening,17,29,a8c8,True,0.47296587975305765,1,0.07155684381723404,a8c8,True,0.9737499952316284,True,-1,3,18.379723999998532,
2245,2268,advantage endgame long master quietMove rookEndgame skewer,85,11,a8g8,True,0.29451147053327154,1,0.7034105062484741,a8g8,True,0.9375,True,-1,3,18.278592499991646,
2246,1972,crushing discoveredAttack long middlegame,54,28,b5c6,True,0.9545562579248852,1,-0.9854083061218262,b5c6,True,0.9962499737739563,True,-1,3,18.165027900016867,
2247,1928,advancedPawn advantage endgame long sacrifice,53,26,e4d3,True,0.2666216024553692,1,0.3096770942211151,h5g4,False,0.44624999165534973,False,0,1,6.250313600001391,
2248,2041,advantage intermezzo master opening pin veryLong,20,37,b5c6,True,0.3574113796439216,1,-0.27353689074516296,f4e5,False,0.09624999761581421,False,0,1,6.52851990002091,
2249,2229,advantage hangingPiece kingsideAttack middlegame short,40,44,b2d4,False,0.3303869986857607,2,-0.2109401524066925,c6e7,True,0.9775000214576721,True,-1,2,12.14931079998496,
2250,2273,advantage fork middlegame veryLong,39,38,a8d8,False,0.20968058230148234,2,0.32715553045272827,f5h4,True,0.9612500071525574,True,-1,4,25.41730849997839,
2251,2078,crushing kingsideAttack long middlegame pin,38,34,h5e8,True,0.5782473585959318,1,-0.9634671211242676,h5e8,True,0.9862499833106995,True,-1,3,10.029776000010315,
2252,1959,advantage clearance middlegame pin veryLong,69,32,e3h3,True,0.9202315202542336,1,-0.6513465642929077,e3h3,True,0.9962499737739563,True,-1,4,24.561808200000087,
2253,2276,mate mateIn2 middlegame short,56,45,h4h8,False,0.15732130084452103,3,-0.6318350434303284,h4h6,True,0.9487500190734863,True,-1,2,0.5697920999955386,
2254,1940,advantage middlegame pin short,61,39,e7d6,True,0.36477184507712945,1,-0.4607851207256317,e7d6,True,0.9674999713897705,True,-1,2,11.050683899986325,
2255,1906,crushing discoveredAttack long middlegame,50,32,f2g3,True,0.9388016304245166,1,-0.9789949655532837,f2g3,True,0.9962499737739563,True,-1,3,13.819438700011233,
2256,1975,advantage deflection endgame master short,78,37,c1h6,False,0.017720180098429503,9,-0.4593087434768677,g1g7,True,0.7174999713897705,True,-1,2,12.56347769999411,
2257,2200,crushing discoveredAttack long middlegame,34,38,c1b1,True,0.3002925503209427,1,0.14580847322940826,c3e2,False,0.09875000268220901,False,0,1,6.28430689999368,
2258,2177,advantage deflection endgame short,91,38,g4g1,False,0.005174118529859426,7,0.0013208640739321709,g4g1,False,0.0,False,0,1,5.955081499996595,
2259,2260,attraction mate mateIn4 middlegame queensideAttack sacrifice veryLong,53,44,d8d1,True,0.8256925132635646,1,0.422754168510437,d8d1,True,0.9900000095367432,True,-1,4,1.5469357000256423,
2260,1922,collinearMove crushing discoveredAttack discoveredCheck kingsideAttack middlegame short,49,33,h3g4,False,0.10225244519518487,3,0.5218767523765564,g2g4,True,0.9637500047683716,True,-1,2,5.641821700002765,
2261,2043,advantage long middlegame pin,40,38,g3b3,False,0.006217023337044813,7,-0.9672133326530457,g3f3,False,0.0,False,0,1,5.903829299990321,
2262,1901,advantage endgame fork master short,65,46,d5c4,False,0.0668525825413196,3,0.45952966809272766,d3e1,True,0.8737499713897705,True,-1,2,12.109556400013389,
2263,2075,crushing deflection endgame veryLong,71,35,f7g6,False,0.12696701189956802,4,0.15622253715991974,c8c2,True,0.6800000071525574,False,2,2,11.74368620000314,
2264,2075,crushing kingsideAttack middlegame pin sacrifice short,42,60,e1e8,False,0.0025507926032062055,6,0.8035392165184021,d6c5,False,0.0,False,0,1,6.202505799999926,
2265,2227,advantage defensiveMove fork middlegame pin short,40,4,c2c4,True,0.881719585498047,1,0.2838577330112457,c2c4,True,0.9937499761581421,True,-1,2,9.74374770000577,
2266,1947,advantage discoveredCheck doubleCheck kingsideAttack long opening,24,44,e2c4,True,0.8295269032803952,1,-0.35252925753593445,e2c4,True,0.9950000047683716,True,-1,3,17.47627929999726,
2267,2008,advantage discoveredAttack kingsideAttack middlegame short,26,37,d3h7,True,0.5515142520842841,1,-0.168276846408844,d3h7,True,0.9837499856948853,True,-1,2,11.057785399985733,
2268,2018,advantage deflection middlegame short,56,39,e6g5,False,0.07271702224072236,4,-0.36723020672798157,h2h6,True,0.9487500190734863,True,-1,2,11.212209699995583,
2269,1900,advantage endgame fork master short,56,30,e3e6,True,0.7462551178165194,1,-0.3177454471588135,e3e6,True,0.9850000143051147,True,-1,2,12.538332099997206,
2270,2138,advantage fork long middlegame pin,41,33,g7g6,False,0.20164273724838924,2,-0.8245362043380737,a5a3,True,0.9750000238418579,True,-1,3,18.593511299986858,
2271,2234,attraction deflection discoveredAttack discoveredCheck endgame mate mateIn4 sacrifice veryLong,44,45,e4d4,False,0.08311194320550531,5,-0.3600751459598541,f5f6,True,0.9337499737739563,True,-1,4,1.81638119998388,
2272,2317,mate mateIn2 middlegame short,34,48,h4g4,True,0.5119015667532893,1,0.21278409659862518,h4g4,True,0.9775000214576721,True,-1,2,0.6926465000142343,
2273,1964,crushing deflection discoveredAttack endgame veryLong,85,27,f1f2,False,0.19926727498272018,2,-0.14117059111595154,e4f2,True,0.9762499928474426,True,-1,4,23.50571329999366,
2274,2331,advantage collinearMove deflection discoveredAttack discoveredCheck fork middlegame sacrifice veryLong,56,35,h6f5,False,0.26466859481086735,2,-0.1304122358560562,f2f7,True,0.9787499904632568,True,-1,5,29.94904839998344,
2275,1998,clearance fork killBoxMate mate mateIn2 middlegame short,66,35,h8f6,True,0.5966891759387932,1,-0.016383007168769836,h8f6,True,0.9862499833106995,True,-1,2,0.37637569999787956,
2276,2291,advantage endgame long pin,69,30,c3c1,False,0.0006796488605584703,22,-0.8724013566970825,c3c1,False,0.0,False,0,1,5.88603090000106,
2277,1936,advantage discoveredAttack discoveredCheck exposedKing fork long middlegame,33,39,h3g4,True,0.4023375218353355,1,-0.12849508225917816,h3g4,True,0.9750000238418579,True,-1,3,18.61063720000675,
2278,2232,crushing exposedKing fork long master middlegame,46,50,e5f7,False,0.22484262788833145,2,-0.4110103249549866,e5g6,True,0.9212499856948853,True,-1,3,16.833254700002726,
2279,1993,advantage long opening trappedPiece,26,46,g5f6,True,0.9426937606097334,1,0.45720353722572327,g5f6,True,0.9962499737739563,True,-1,3,18.653559099999256,
2280,2253,advantage middlegame quietMove sacrifice veryLong,48,42,e4f2,False,0.02988897750729821,6,-0.39906930923461914,e4f6,True,0.8237500190734863,True,-1,4,8.622315799992066,
2281,2131,advantage deflection discoveredAttack middlegame veryLong,37,37,e4c3,True,0.5998235666247915,1,-0.10897732526063919,e4c3,True,0.9612500071525574,False,2,2,12.309453499998199,
2282,2055,advantage long middlegame sacrifice,54,40,e2f2,False,0.01045485613517543,13,-0.27581214904785156,e2f2,False,0.3137499988079071,False,0,1,4.463892699975986,
2283,1956,advantage long middlegame pin,37,41,g6e5,False,0.28387727443810945,2,-0.208120658993721,g6h4,True,0.9737499952316284,True,-1,3,18.04249799999525,
2284,2257,advantage endgame pin short,72,39,e5d4,False,0.2840604339131831,2,-0.05112137272953987,e5d4,False,0.23375000059604645,False,0,1,6.26451150001958,
2285,2026,advantage discoveredAttack discoveredCheck long middlegame queensideAttack sacrifice,51,35,f8b4,False,0.009025117222422573,9,-0.5264898538589478,a5a4,False,0.0,False,0,1,6.390722899988759,
2286,2164,crushing discoveredAttack discoveredCheck fork long middlegame sacrifice,46,44,e2f3,False,0.0007804116184901585,13,-0.2982792556285858,c3c4,False,0.0,False,0,1,6.38181690001511,
2287,1993,advantage hangingPiece middlegame veryLong,29,38,c8b7,True,0.45505398338681624,1,0.020322676748037338,c8b7,True,0.9825000166893005,True,-1,4,24.934959200007142,
2288,2202,advantage capturingDefender master masterVsMaster middlegame short,42,31,e5e1,False,0.001416191976919354,9,0.07373207807540894,e5e1,False,0.0,False,0,1,6.039102999988245,
2289,2098,advantage attraction fork long master middlegame sacrifice,48,35,f2f3,False,0.0008093672291346524,7,-0.3411138355731964,f2f3,False,0.0,False,0,1,5.572782799979905,
2290,2132,crushing middlegame pin quietMove short,53,29,h8e8,False,0.11426611413842988,3,-0.6349173784255981,c8a8,True,0.39625000953674316,True,-1,2,11.716289699979825,
2291,1924,advancedPawn crushing endgame fork short,88,20,a4c4,False,0.2123323159131216,2,-0.5079342126846313,d5d6,True,0.96875,True,-1,2,12.068321800004924,
2292,1934,advantage discoveredAttack master middlegame short,46,40,g4g5,False,0.00037362903538572186,16,-0.7074389457702637,g4g5,False,0.0,False,0,1,6.068526799994288,
2293,2061,crushing defensiveMove hangingPiece middlegame short,65,37,b2d2,True,0.6764335627297082,1,-0.02268972247838974,c5d7,False,0.08624999970197678,False,0,1,6.109599999996135,
2294,2050,advantage interference middlegame short,45,43,c8a6,True,0.8581075941981761,1,-0.9366579055786133,c8a6,True,0.9925000071525574,False,2,2,10.764964000001783,
2295,2112,advantage endgame pin quietMove short,69,32,g5d2,False,0.0063787037898904225,13,-0.6018052101135254,c1c2,False,0.0,False,0,1,6.169648600014625,
2296,2172,advantage endgame long pin,64,39,g2g4,False,0.021624318956112006,10,-0.2767069935798645,f5h5,True,0.7787500023841858,True,-1,3,19.734681199974148,
2297,2255,advantage middlegame queensideAttack quietMove sacrifice veryLong,45,31,a3c5,False,0.02942008686695997,5,0.09824713319540024,a3c5,False,0.027499999850988388,False,0,1,6.6331921000091825,
2298,1982,advantage defensiveMove fork long middlegame pin,57,46,e8e1,True,0.34732974343892914,1,-0.4539169371128082,e8e1,True,0.9287499785423279,True,-1,3,16.359613400010858,
2299,2003,advantage long middlegame pin,29,32,a6b5,True,0.5568941761615004,1,-0.026501117274165154,a6b5,True,0.7912499904632568,True,-1,3,19.218691699992632,
2300,2333,advancedPawn crushing deflection endgame promotion rookEndgame veryLong,88,22,d6d7,False,0.011537103143419644,3,0.2583344578742981,d6d7,False,0.0024999999441206455,False,0,1,7.0337245000118855,
2301,2185,advantage middlegame short trappedPiece,47,45,g7a1,False,7.629976345504736e-05,20,-0.6587272882461548,g7a1,False,0.0,False,0,1,6.741203799989307,
2302,2069,advantage fork middlegame veryLong,49,43,d5h1,False,0.33655952731844274,2,-0.0374743826687336,c4e5,False,0.2475000023841858,False,0,1,5.772146700008307,
2303,2283,advantage middlegame pin veryLong,45,39,c5e4,True,0.377723894864504,1,-0.10320553183555603,a5a4,False,0.35249999165534973,False,0,1,6.103872499981662,
2304,2307,advantage endgame fork short,66,38,d8d6,True,0.5610884763120338,1,0.061710309237241745,d8d6,True,0.6700000166893005,True,-1,2,10.624045899981866,
2305,2034,advantage attraction kingsideAttack long middlegame sacrifice,35,48,d7c6,False,0.0013024217730424543,17,0.11055495589971542,d8h4,False,0.0,False,0,1,6.06560930001433,
2306,2064,advantage endgame long pin quietMove,57,24,b2a2,False,0.2478874290828548,2,-0.8396502733230591,g8c8,True,0.6612499952316284,True,-1,3,18.7393560000055,
2307,1954,crushing exposedKing fork master middlegame veryLong,33,36,e8h5,True,0.803717531262411,1,-0.4290917217731476,e8h5,True,0.9912499785423279,True,-1,5,31.379915400000755,
2308,1917,crushing endgame fork short,85,34,b2c3,False,0.07225627619201325,3,0.47488701343536377,b2a3,True,0.9362499713897705,True,-1,2,12.691094700014219,
2309,1970,attraction long mate mateIn3 middlegame sacrifice,57,46,e2h2,False,0.008387899314079982,10,0.3490929901599884,e2h2,False,0.0,False,0,1,5.894731700012926,
2310,2099,advantage endgame fork long pin sacrifice,65,28,g6h5,False,0.22101062553047635,2,-0.6631565690040588,d5f3,True,0.9674999713897705,True,-1,3,18.924295400007395,
2311,2076,crushing endgame exposedKing interference rookEndgame skewer veryLong,63,26,e8b8,False,0.13670037689337877,3,-0.3498605787754059,e8b8,False,0.026249999180436134,False,0,1,6.28055470000254,
2312,2005,crushing discoveredAttack discoveredCheck exposedKing long middlegame,44,34,g7f6,False,0.004915640584821834,15,0.04133584722876549,g7f6,False,0.0,False,0,1,6.634834299999056,
2313,1999,advantage endgame fork long sacrifice,56,34,f4g3,False,0.0002859197267202675,17,-0.39544832706451416,f4d2,False,0.0,False,0,1,6.863989400007995,
2314,2028,advancedPawn advantage discoveredAttack discoveredCheck long middlegame,74,52,f1f8,False,0.2395187358403577,2,-0.7050043940544128,d5d6,True,0.9725000262260437,True,-1,3,18.935872500005644,
2315,2066,endgame mate mateIn2 morphysMate sacrifice short,95,30,e1e2,False,0.1296425645083314,3,-0.11229484528303146,e1f1,True,0.9300000071525574,True,-1,2,0.7424036000156775,
2316,2260,crushing fork middlegame pin veryLong,18,27,a3c5,False,0.12280882415595872,2,-0.1255553513765335,e2b5,True,0.9549999833106995,True,-1,4,25.051826500013703,
2317,1916,advantage deflection endgame veryLong,52,46,a1a6,False,0.006040316224714643,14,-0.3768053650856018,a1a6,False,0.0,False,0,1,5.68520899998839,
2318,1980,crushing hangingPiece master middlegame short,54,2,g1g2,True,0.9563473353383307,1,-0.4221878945827484,g1g2,True,0.9987499713897705,True,-1,2,10.663668699999107,
2319,1999,endgame mate mateIn2 sacrifice short,56,42,g6e8,False,0.12140616773326417,2,-0.0141040263697505,h1h6,True,0.9649999737739563,True,-1,2,0.5586706000030972,
2320,2149,advantage attraction endgame sacrifice skewer veryLong,67,30,f7g6,False,0.00020938974800358817,14,0.6678292751312256,f7g6,False,0.0,False,0,1,5.832493399997475,
2321,2119,advancedPawn advantage opening pin short,30,37,g5f4,False,0.014928467249588696,7,-0.32113203406333923,d6d7,True,0.6150000095367432,True,-1,2,11.71522409998579,
2322,2256,advantage discoveredAttack long middlegame,48,34,a3b4,True,0.5677004878418932,1,-0.9667941927909851,a3b4,True,0.9787499904632568,True,-1,3,18.488391100021545,
2323,2171,advantage endgame fork interference veryLong,51,42,f4h2,True,0.981575387723866,1,-0.32596898078918457,f4h2,True,0.9987499713897705,True,-1,4,25.42049250000855,
2324,2333,advantage hangingPiece opening short,13,3,e8f7,True,0.9874004130024692,1,0.09082755446434021,e8f7,True,0.9987499713897705,True,-1,2,11.900190199987264,
2325,2087,advantage attraction capturingDefender master middlegame short,47,49,f5d3,False,0.031286531240206195,8,0.3038025200366974,c5c3,True,0.8787500262260437,True,-1,2,12.21757360000629,
2326,2087,crushing middlegame pin short,40,44,d5f6,True,0.4740319560572158,1,-0.061743710190057755,d5f6,True,0.9225000143051147,True,-1,2,11.700375900021754,
2327,2041,endgame long mate mateIn3,63,27,a6f1,False,0.21058195194007526,3,0.11792083829641342,a6e2,True,0.9262499809265137,False,4,3,19.584052799997153,
2328,2098,attraction exposedKing kingsideAttack long mate mateIn3 middlegame,28,41,h6g7,True,0.455645690013072,1,-0.1763615757226944,h6g7,True,0.981249988079071,True,-1,3,0.623032899980899,
2329,1902,advantage fork middlegame short,43,52,g4e2,True,0.7498047901954931,1,-0.29972368478775024,g4e2,True,0.9900000095367432,True,-1,2,12.750357299984898,
2330,2111,crushing deflection endgame short,58,22,h4f5,False,0.27672967075147054,2,0.35104796290397644,h4g6,True,0.8737499713897705,True,-1,2,11.85099049998098,
2331,1975,advancedPawn endgame mate mateIn2 sacrifice short,63,36,g8g3,True,0.33746169013336574,1,0.2877373695373535,g8g3,True,0.9700000286102295,True,-1,2,0.6432764999917708,
2332,2200,crushing deflection endgame exposedKing long,58,41,h2h3,False,0.1983824166996547,3,-0.11140953749418259,c3e5,True,0.9212499856948853,True,-1,3,15.639474299998255,
2333,2160,advantage endgame exposedKing queensideAttack skewer veryLong,45,40,g2f3,False,0.04710702536573803,3,-0.20221953094005585,g2b7,True,0.8949999809265137,True,-1,4,23.42794480000157,
2334,2072,advantage discoveredAttack discoveredCheck endgame short,96,2,h5g5,True,0.9588777317915612,1,-0.01881100982427597,h5g5,True,0.9950000047683716,True,-1,2,12.4672023000021,
2335,2144,advantage attraction exposedKing fork long middlegame sacrifice,27,43,g6f4,False,8.192489992392165e-05,31,0.22364541888237,g6f4,False,0.0,False,0,1,6.231055700016441,
2336,2012,mate mateIn2 middlegame short,65,26,b6d5,True,0.40790358816039407,1,-0.9231463074684143,b6d5,True,0.9850000143051147,True,-1,2,0.4133852999948431,
2337,2271,mate mateIn2 opening short,32,39,h7f6,False,0.2697349098113902,2,0.7125065326690674,h3h6,True,0.9700000286102295,True,-1,2,0.24073609997867607,
2338,2075,advantage middlegame pin short,80,37,d3d7,False,0.054869037637198706,7,-0.10919713228940964,h4g6,True,0.9462500214576721,True,-1,2,12.68438530000276,
2339,2205,advantage fork long middlegame pin,26,37,c3d5,False,0.06556150320717467,3,-0.3014034628868103,c3d5,False,0.17125000059604645,False,0,1,6.376298499992117,
2340,2106,cornerMate mate mateIn2 middlegame short,70,29,d1d8,False,0.0511767963487929,3,-0.7443926930427551,d1d8,False,0.0024999999441206455,False,0,1,5.9917535000131465,
2341,2285,advantage attraction deflection endgame sacrifice veryLong,60,38,f6g7,False,0.12464644616543646,3,-0.06430115550756454,f6g7,False,0.0062500000931322575,False,0,1,4.804883500008145,
2342,2125,advancedPawn advantage deflection endgame long promotion,74,10,c5d4,False,0.1539520709782246,2,-0.22487618029117584,c5d4,False,0.019999999552965164,False,0,1,5.9664105999981984,
2343,2019,advantage attraction endgame long rookEndgame sacrifice skewer,72,21,b1b5,False,0.0024348163276537316,8,-0.42787307500839233,b1b5,False,0.0,False,0,1,6.061718100012513,
2344,2173,crushing endgame fork long pin,87,24,c3a5,False,0.020672808601909905,5,-0.5220893025398254,c3d2,False,0.0024999999441206455,False,0,1,6.338677899999311,
2345,1995,crushing fork middlegame veryLong,44,44,d3c4,False,0.3072898160448195,2,0.05000758916139603,e4f5,True,0.9387500286102295,True,-1,4,25.38528829999268,
2346,2071,bishopEndgame crushing endgame quietMove trappedPiece veryLong,85,10,g7h7,False,0.03249055942015836,2,-0.5315473675727844,g7h7,False,0.2524999976158142,False,0,1,6.722099599981448,
2347,2292,endgame hangingPiece mate mateIn2 short,65,27,h3f2,False,0.18229369382450383,2,-0.274627685546875,d4a1,True,0.9775000214576721,True,-1,2,0.29604679998010397,
2348,2132,attraction crushing middlegame short,33,41,c6g2,True,0.5213522936522267,1,0.05734839290380478,c6g2,True,0.9712499976158142,True,-1,2,13.188562099996489,
2349,1969,crushing endgame exposedKing fork long pin,83,31,b7f3,True,0.36081087432607073,1,-0.08548392355442047,b7f3,True,0.9825000166893005,True,-1,3,15.422724700008985,
2350,1995,crushing discoveredAttack fork middlegame veryLong,38,35,f4e5,True,0.9049308173708531,1,0.22170735895633698,f4e5,True,0.9950000047683716,True,-1,4,19.776257699995767,
2351,2043,advantage fork middlegame short,35,32,b8d8,False,0.10746291056520561,4,-0.15596503019332886,b8d8,False,0.09125000238418579,False,0,1,5.8779018000059295,
2352,1921,advantage long middlegame pin,33,45,f6e4,True,0.783322862134524,1,-0.21805475652217865,f6e4,True,0.9912499785423279,True,-1,3,18.686340399988694,
2353,2009,crushing discoveredAttack kingsideAttack opening short,27,34,e7f6,False,0.008758424033727986,6,-0.2672063112258911,e7f6,False,0.0012499999720603228,False,0,1,6.240319300006377,
2354,2177,advantage discoveredAttack long middlegame,40,35,d1d7,False,0.014614846180033968,2,-0.060899507254362106,d1d7,False,0.0024999999441206455,False,0,1,6.295476200000849,
2355,2200,advantage clearance defensiveMove hangingPiece long middlegame quietMove,42,30,e1e5,True,0.6395540237908987,1,-0.8347570300102234,e1e5,True,0.9862499833106995,True,-1,3,18.853254499990726,
2356,2105,crushing endgame hangingPiece master rookEndgame short,85,8,d3e4,True,0.9625681776784394,1,-0.3516603410243988,d3e4,True,0.9962499737739563,True,-1,2,12.32294230000116,
2357,2250,crushing discoveredAttack hangingPiece middlegame pin veryLong,50,32,f6h8,False,0.08852975280642646,4,0.5151334404945374,c1b2,True,0.8187500238418579,True,-1,5,32.404414499993436,
2358,2027,crushing endgame long sacrifice skewer,51,32,h6g7,False,0.000686700713539826,8,-0.47728431224823,h6g7,False,0.0,False,0,1,6.321204500010936,
2359,1949,advantage deflection endgame short,51,47,a4d4,False,0.008340169180406707,12,-0.6756771206855774,a4d4,False,0.0,False,0,1,6.080598200001987,
2360,2318,kingsideAttack long mate mateIn3 middlegame,36,48,d5e7,False,0.052029855206617064,3,0.22749941051006317,d5e7,False,0.0062500000931322575,False,0,1,5.972186999977566,
2361,2346,advantage endgame long skewer,87,17,h7h5,False,0.16980555133042904,3,-0.7831410765647888,c8d8,True,0.9587500095367432,True,-1,3,18.73448250000365,
2362,1970,crushing endgame fork long,75,31,a3d6,False,0.3698085474334699,2,-0.3595886528491974,f8d6,True,0.762499988079071,False,2,2,12.133668299997225,
2363,2299,advantage long middlegame pin quietMove,46,38,e1e3,True,0.5003864591664655,1,-0.8187035918235779,e1e3,True,0.96875,True,-1,3,17.115263599989703,
2364,2025,crushing deflection endgame long,65,29,c6f3,False,0.14430497494680156,2,-0.6933479905128479,g7g2,True,0.5662500262260437,False,2,2,12.14817500000936,
2365,1952,advantage master middlegame pin short,73,34,f6f4,True,0.4463969667563496,1,0.5664619207382202,f6f4,True,0.9674999713897705,True,-1,2,12.421167399996193,
2366,1949,kingsideAttack master masterVsMaster mate mateIn2 middlegame pin short,30,40,h6h7,False,0.10082333808577586,3,-0.14575430750846863,h5g6,True,0.9725000262260437,True,-1,2,0.24512740000500344,
2367,1989,advantage discoveredAttack intermezzo kingsideAttack middlegame veryLong,34,38,h4g5,False,0.0433736318907603,2,-0.12267331779003143,e4h7,True,0.925000011920929,True,-1,4,24.12864370000898,
2368,2098,advantage endgame fork short,62,42,d5e5,False,0.19364783950163303,3,-0.7970500588417053,d5b7,True,0.9700000286102295,True,-1,2,12.270735500002047,
2369,2148,attraction crushing endgame long sacrifice,48,44,f5g4,False,0.02957731609204867,8,-0.8913295269012451,f5g5,False,0.014999999664723873,False,0,1,6.153033299982781,
2370,2097,long mate mateIn3 middlegame operaMate sacrifice,55,27,h5h3,True,0.2024886346021618,1,-0.2769041955471039,h5h3,True,0.9787499904632568,True,-1,3,0.580474399990635,
2371,1916,crushing long opening sacrifice,12,31,b3a4,False,0.00517114667513681,9,0.13042660057544708,b3a4,False,0.0,False,0,1,5.8840891999716405,
2372,2100,advantage middlegame sacrifice short,27,45,h7h6,False,0.0005381830026464648,19,-0.22346851229667664,h7h6,False,0.0,False,0,1,5.851813800021773,
2373,1971,advantage clearance kingsideAttack long middlegame pin sacrifice,55,42,g4g6,False,0.061121077353716115,3,-0.8043563365936279,c8f5,False,0.17249999940395355,False,0,1,5.744833800010383,
2374,2013,attraction crushing kingsideAttack middlegame sacrifice short,43,34,d8h4,False,0.023214693004848536,4,-0.6574727296829224,d8h4,False,0.26875001192092896,False,0,1,5.6209611000085715,
2375,1914,advantage discoveredAttack discoveredCheck endgame long,72,29,f6g8,True,0.4750117256690898,1,-0.15843811631202698,f6g8,True,0.9787499904632568,True,-1,3,16.84422430000268,
2376,2292,crushing endgame long skewer,150,25,b6b5,False,0.005474612854076301,14,0.03260650113224983,b6e6,False,0.0,False,0,1,6.158839399984572,
2377,2186,advantage fork middlegame short,35,30,g6h5,False,0.17795574855690952,2,-0.7407577633857727,f5g3,True,0.9637500047683716,True,-1,2,12.970490699983202,
2378,2346,advantage long middlegame trappedPiece,42,41,h1g1,True,0.7072296335019099,1,-0.3943857252597809,h1g1,True,0.9712499976158142,False,2,2,12.772512800002005,
2379,1918,attraction intermezzo mate mateIn4 middlegame operaMate queensideAttack sacrifice veryLong,44,47,c1a1,False,0.004187083217743292,8,0.09875696897506714,c1b1,False,0.0,False,0,1,6.2224425000022165,
2380,2126,crushing discoveredAttack kingsideAttack long middlegame,44,47,e6d7,True,0.6170934982312405,1,0.12068364769220352,e6d7,True,0.9599999785423279,True,-1,3,17.017474199994467,
2381,1922,attraction crushing defensiveMove kingsideAttack middlegame quietMove sacrifice veryLong,28,45,c3e2,False,0.00507737555900619,10,0.10851766169071198,c3e2,False,0.0,False,0,1,6.3615448999917135,
2382,1952,mate mateIn2 middlegame sacrifice short,63,41,b3b2,False,0.12764944188243482,2,0.09101370722055435,b3a3,True,0.9725000262260437,True,-1,2,0.26272460000473075,
2383,2069,advantage endgame master sacrifice short,78,21,b8c7,False,0.06837798730763578,4,-0.6700100898742676,a6c4,True,0.956250011920929,True,-1,2,11.957235500012757,
2384,2338,advantage clearance middlegame pin short,29,49,b4b5,True,0.22789598149267487,1,0.2980496883392334,b4b5,True,0.9474999904632568,True,-1,2,12.088653199985856,
2385,1981,advantage deflection middlegame short,30,44,h5g4,False,0.2571476574838458,2,-0.12050134688615799,e4f6,True,0.9637500047683716,True,-1,2,12.20490010001231,
2386,2069,advantage deflection fork long middlegame sacrifice,37,50,e5f6,False,0.19665951893252376,3,-0.16676682233810425,f8f2,True,0.9662500023841858,True,-1,3,18.631478700001026,
2387,2347,advantage endgame veryLong xRayAttack,75,39,h7h6,False,0.11361895713965356,4,-0.5313130021095276,h7h5,False,0.013749999925494194,False,0,1,6.272533499985002,
2388,2018,advantage capturingDefender discoveredAttack middlegame short,30,35,h2h3,False,0.03131270544832157,5,-0.023025887086987495,f3e5,True,0.8837500214576721,True,-1,2,12.742173200007528,
2389,2250,crushing endgame pin veryLong,76,41,c5c7,True,0.5017381768730717,1,0.16622646152973175,c5c7,True,0.981249988079071,True,-1,5,27.664910299994517,
2390,2072,crushing hangingPiece master middlegame short superGM,29,36,h8h7,True,0.9242149529033614,1,0.27637335658073425,h8h7,True,0.9950000047683716,True,-1,2,12.798915699997451,
2391,1955,crushing exposedKing fork long middlegame,48,51,f3h4,True,0.5115149909671693,1,-0.5315226316452026,f3h4,True,0.9850000143051147,True,-1,3,17.774142899987055,
2392,2064,advantage discoveredAttack discoveredCheck interference long middlegame,46,44,b3c4,False,0.2672737829342968,2,-0.7909573316574097,b3d5,True,0.643750011920929,True,-1,3,16.799108799983514,
2393,2094,advantage fork long opening,19,33,f8d6,False,0.0518958792613305,5,0.056274279952049255,c8c1,True,0.9449999928474426,True,-1,3,18.523237999994308,
2394,2178,advantage attraction fork long middlegame,43,40,h4f6,False,0.0026924545294822297,9,-0.6626176834106445,d4f2,False,0.0,False,0,1,6.059711300011259,
2395,2041,crushing kingsideAttack middlegame pin short,47,49,e4e5,False,0.17673759869817032,2,-0.07834810018539429,d6h2,True,0.9762499928474426,True,-1,2,3.352376099996036,
2396,2110,long mate mateIn3 middlegame pillsburysMate sacrifice,55,36,e5d3,False,0.06646203963889373,4,-0.8444194793701172,e5c6,True,0.8949999809265137,True,-1,3,0.8937204000249039,
2397,1944,advancedPawn advantage attraction capturingDefender exposedKing fork middlegame pin sacrifice veryLong,58,32,h3h7,True,0.915133907794431,1,-0.7730144262313843,h3h7,True,0.9962499737739563,True,-1,5,30.48537569999462,
2398,2277,crushing endgame sacrifice short,78,2,g1h2,True,0.7772021152055828,1,0.4665997326374054,g1h2,True,0.9925000071525574,True,-1,2,11.91126069999882,
2399,2349,crushing deflection master middlegame quietMove short,55,33,d6d1,False,0.002296571287353479,13,-0.07031861692667007,d6d1,False,0.0,False,0,1,6.53867729997728,
2400,2175,crushing deflection endgame queensideAttack short,60,26,a7a8,True,0.6062729520608786,1,0.4049282371997833,a7a8,True,0.8412500023841858,True,-1,2,12.58478180001839,
2401,1958,crushing endgame long master pin,62,2,g1h2,True,0.996706443078519,1,-0.14680302143096924,g1h2,True,0.9987499713897705,True,-1,3,18.462653599999612,
2402,2169,crushing endgame fork long,60,26,d8e8,False,0.18055076517586718,2,0.46523749828338623,b6c5,True,0.9524999856948853,True,-1,3,19.17476519997581,
2403,2180,advancedPawn advantage endgame fork long,51,34,c5e3,True,0.5981694236571534,1,-0.46438464522361755,c5e3,True,0.9837499856948853,True,-1,3,18.91953199999989,
2404,1965,crushing deflection endgame master short,78,34,d4c4,False,0.0003067430511099507,24,0.42461803555488586,d4d2,False,0.0,False,0,1,6.508324299997184,
2405,2057,crushing master middlegame short skewer,54,37,g4g7,True,0.6682803906284136,1,0.29798567295074463,g4g7,True,0.9850000143051147,True,-1,2,12.43496139999479,
2406,2308,advantage defensiveMove hangingPiece middlegame short,33,42,d7b5,False,0.34477957330416503,2,-0.04409833997488022,e6d5,True,0.9487500190734863,True,-1,2,12.495702599990182,
2407,1937,advantage clearance long middlegame pin,28,44,g5f4,False,0.16962461820186062,3,-0.47407159209251404,g5f6,True,0.9337499737739563,True,-1,3,12.99752800000715,
2408,1916,attraction crushing master middlegame sacrifice short,21,40,g4h6,False,0.003514361751229691,4,-0.35874253511428833,g4h6,False,0.0,False,0,1,5.948454199999105,
2409,1964,advancedPawn attraction crushing deflection endgame exposedKing long promotion,94,31,f5e6,True,0.4601146541489207,1,0.2685648500919342,f5e4,False,0.07124999910593033,False,0,1,5.900194100016961,
2410,2089,attraction mate mateIn5 middlegame sacrifice veryLong,69,32,b4d6,False,0.019352866218563705,6,-0.9581122398376465,b4a5,False,0.16249999403953552,False,0,1,3.124319900001865,
2411,2157,crushing fork long middlegame,29,49,g3h1,True,0.48606877017302247,1,-0.0575726144015789,g3h1,True,0.9837499856948853,True,-1,3,16.412100799992913,
2412,2016,crushing endgame long skewer,82,23,f6e5,False,0.04409217326929522,5,-0.6016698479652405,f6e6,False,0.004999999888241291,False,0,1,6.240681399998721,
2413,2254,advantage defensiveMove endgame long skewer,86,11,a4d7,True,0.3813799613875691,1,-0.7949215769767761,a4d7,True,0.9700000286102295,True,-1,3,19.115107600024203,
2414,2093,advantage middlegame short trappedPiece,23,41,e8e7,False,0.14440098969724616,3,-0.1472836136817932,c7c6,True,0.9737499952316284,True,-1,2,12.678255300008459,
2415,2006,kingsideAttack mate mateIn2 middlegame sacrifice short,49,50,f8f6,False,0.0013089618432925595,14,0.7115543484687805,f8f6,False,0.0,False,0,1,6.521114700008184,
2416,1988,crushing deflection endgame short,83,19,a2a1,True,0.8214395911641155,1,0.6138154864311218,a2a1,True,0.9925000071525574,True,-1,2,9.277969599992502,
2417,2001,capturingDefender crushing discoveredAttack middlegame short,22,51,e2b5,False,0.022365081831961623,8,0.4681907892227173,f3e5,True,0.33375000953674316,True,-1,2,11.970583000016632,
2418,1950,crushing endgame rookEndgame short skewer,71,19,b2b4,True,0.5502078798269912,1,-0.17583009600639343,b2b4,True,0.9737499952316284,True,-1,2,12.814868399989791,
2419,2105,advantage capturingDefender long middlegame,47,48,f8d8,True,0.30846973134651495,1,0.18075880408287048,f8d8,True,0.9649999737739563,True,-1,3,19.091911199997412,
2420,2083,crushing middlegame sacrifice short,31,42,e8c8,False,0.0050055564623028665,12,-0.5263046026229858,e8c8,False,0.0,False,0,1,6.775237500027288,
2421,2039,crushing interference intermezzo master middlegame short,39,49,d8d7,False,0.1372558148621895,4,-0.38806605339050293,b6d5,True,0.8999999761581421,True,-1,2,12.41205670000636,
2422,1904,advantage deflection middlegame short,19,46,e6d5,False,0.1433177548090899,3,0.431018590927124,b6a5,True,0.9537500143051147,True,-1,2,12.976360699976794,
2423,2060,advantage intermezzo long master masterVsMaster middlegame pin,67,38,e8f7,False,0.08400302806037033,2,-0.45188891887664795,g2g1,True,0.9574999809265137,True,-1,3,15.515798100008396,
2424,2208,crushing fork middlegame short,57,32,f4g4,False,0.1922142107101109,2,0.2777203321456909,f6g4,True,0.956250011920929,True,-1,2,11.374381200002972,
2425,1947,advantage deflection middlegame veryLong,52,44,g4e6,True,0.5813011828764368,1,-0.7729452848434448,g4e6,True,0.9837499856948853,True,-1,4,23.8730416999897,
2426,2085,advantage discoveredAttack long middlegame,26,48,e5f6,False,0.026833880934985756,7,-0.04619957134127617,e5f6,False,0.008750000037252903,False,0,1,6.195568199997069,
2427,2197,advantage middlegame pin veryLong,49,53,f5c2,False,0.03713304356976416,8,-0.5966373682022095,b2b1,True,0.9125000238418579,True,-1,4,24.35709749997477,
2428,2334,advantage hangingPiece middlegame veryLong,42,38,a5e5,True,0.6406526914184496,1,0.2964852750301361,a5e5,True,0.9725000262260437,False,4,3,18.226995700009866,
2429,1999,attraction crushing kingsideAttack middlegame sacrifice short,57,37,c7c6,False,0.09397125096764819,6,-0.18087907135486603,b7g2,True,0.9375,True,-1,2,11.8258063000103,
2430,2135,clearance crushing middlegame sacrifice veryLong,54,38,d1d5,True,0.18895446740448035,1,0.18373551964759827,d1d5,True,0.8912500143051147,True,-1,4,15.87424689999898,
2431,1944,advantage attraction exposedKing fork long middlegame sacrifice,31,44,g5g6,False,0.00086838560208536,13,-0.6698323488235474,g5g6,False,0.0,False,0,1,6.114562900009332,
2432,2013,advantage endgame long pin,61,26,e8e1,True,0.3395464575211628,1,-0.9656559824943542,e8e1,True,0.9825000166893005,True,-1,3,7.839817700005369,
2433,1987,advantage endgame trappedPiece veryLong,60,23,c4e6,True,0.29467445957879135,1,-0.6237710118293762,c4e6,True,0.9725000262260437,True,-1,4,25.14668919998803,
2434,2235,mate mateIn2 middlegame sacrifice short,36,41,h5e5,False,0.18869743198211777,3,0.3671374022960663,e1e5,True,0.9712499976158142,True,-1,2,0.21148120000725612,
2435,2280,clearance crushing long middlegame pin sacrifice,48,30,h4f5,False,0.12076905174401315,2,0.14083753526210785,c1e3,True,0.9587500095367432,True,-1,3,19.094144100003177,
2436,2121,advantage endgame long pin,51,32,f7f3,True,0.41686021472192814,1,-0.7265351414680481,f7f3,True,0.9825000166893005,True,-1,3,12.62681089999387,
2437,1923,advantage attraction fork long middlegame sacrifice,34,44,e2g2,False,0.009450368186761267,13,-0.36985504627227783,a2a4,False,0.14124999940395355,False,0,1,6.456206300004851,
2438,1974,crushing interference long middlegame sacrifice,49,32,d8d4,True,0.3871749107508266,1,-0.5125502347946167,d8d4,True,0.9762499928474426,True,-1,3,16.650625100010075,
2439,2337,advancedPawn crushing endgame knightEndgame sacrifice veryLong zugzwang,98,9,d2e4,True,0.525735657088389,1,0.49467870593070984,d2e4,True,0.8887500166893005,False,2,2,12.496335800009547,
2440,1921,advantage discoveredAttack middlegame pin short,45,43,f5e4,True,0.24669382200059575,1,-0.16786380112171173,f5e4,True,0.9750000238418579,True,-1,2,12.157133600005182,
2441,1942,advantage middlegame pin short,42,32,a7d4,False,0.22818932774227452,3,-0.9651419520378113,f1f7,True,0.9762499928474426,True,-1,2,11.099514399975305,
2442,2265,crushing discoveredAttack discoveredCheck interference kingsideAttack long middlegame,42,33,f5g6,True,0.505717401194675,1,-0.5403623580932617,f5g6,True,0.9775000214576721,True,-1,3,14.197482499992475,
2443,2302,crushing endgame long master quietMove rookEndgame skewer,117,12,h3h2,False,0.02774525207283513,4,0.33980345726013184,e5f4,False,0.012500000186264515,False,0,1,5.9879821999929845,
2444,2052,mate mateIn2 middlegame short,57,28,d8b6,True,0.49299371084950444,1,0.32503584027290344,d8b6,True,0.9737499952316284,True,-1,2,0.68828649999341,
2445,2044,advancedPawn crushing discoveredAttack discoveredCheck endgame veryLong,44,36,g1c1,True,0.7255881692214252,1,0.056448422372341156,g1c1,True,0.9850000143051147,True,-1,4,25.53022780001629,
2446,2089,advantage defensiveMove kingsideAttack middlegame sacrifice veryLong,46,43,e2g4,False,0.008828099758859714,10,0.1964912712574005,h2h4,False,0.03750000149011612,False,0,1,6.256625400012126,
2447,2208,crushing defensiveMove long middlegame pin,51,7,h7f6,False,0.21994928409226405,2,-0.8156062364578247,g7f7,True,0.9737499952316284,True,-1,3,18.414299299998675,
2448,1962,advancedPawn crushing deflection endgame exposedKing promotion rookEndgame veryLong,89,13,e4e3,True,0.4522058262666877,1,0.28021520376205444,e4e3,True,0.7174999713897705,True,-1,4,24.22313969998504,
2449,2195,crushing exposedKing fork long middlegame sacrifice,34,45,g6c2,False,0.07238562057981045,4,-0.5314409732818604,g3f5,True,0.9612500071525574,True,-1,3,19.851847900019493,
2450,2235,advantage capturingDefender intermezzo long opening sacrifice,31,37,g5f4,False,0.002428375620905968,9,-0.4829505383968353,c5c4,False,0.0,False,0,1,6.930935199983651,
2451,2319,advancedPawn crushing discoveredAttack discoveredCheck endgame long promotion,96,15,d6e7,False,0.0028949739667854606,8,0.19999855756759644,e5f6,False,0.0037499999161809683,False,0,1,6.940900999994483,
2452,2226,crushing deflection middlegame queensideAttack short,38,46,c4c7,False,0.06527879969776072,4,-0.3656279444694519,d4a7,True,0.956250011920929,True,-1,2,10.786399600008735,
2453,2027,advantage attraction endgame sacrifice veryLong,43,34,g4g3,False,0.04426334038733547,8,-0.15552425384521484,h8h2,True,0.9275000095367432,False,6,4,24.398740900011035,
2454,2188,crushing endgame fork long master,55,41,f3f4,False,0.10671623742174689,3,0.15521565079689026,f3c3,True,0.9262499809265137,True,-1,3,17.289299900003243,
2455,2274,advantage attraction capturingDefender long middlegame,54,28,h4f5,False,0.008712313054715135,9,-0.5724809765815735,h4f5,False,0.0,False,0,1,5.838627100019949,
2456,1986,crushing discoveredAttack discoveredCheck endgame long sacrifice,69,27,a6a5,False,0.004629237981190516,20,0.4443916082382202,c8c7,False,0.0,False,0,1,5.777384300017729,
2457,2007,endgame mate mateIn2 short,72,24,h5f6,False,0.21074060144107223,3,0.2860274612903595,f5g5,True,0.9599999785423279,True,-1,2,0.5171226999955252,
2458,2134,crushing discoveredAttack middlegame short,35,40,d8h4,False,0.02085907864771925,3,-0.6123358607292175,d6g3,True,0.7912499904632568,True,-1,2,11.97757410001941,
2459,1970,crushing defensiveMove endgame hangingPiece long master superGM,101,6,c6c5,True,0.8412782969590054,1,0.1531672477722168,c6c5,True,0.9937499761581421,True,-1,3,18.700549000001047,
2460,2123,advantage defensiveMove hangingPiece middlegame short,39,27,e3f4,False,0.18459857993822973,3,-0.3875817656517029,e6c4,False,0.22624999284744263,False,0,1,5.506324799993308,
2461,2086,advantage collinearMove interference master middlegame sacrifice short,65,32,f8f4,True,0.43040294422484443,1,-0.1939988136291504,f8f4,True,0.9700000286102295,True,-1,2,12.246927999978652,
2462,2141,endgame long mate mateIn3 sacrifice,73,33,a4d4,False,0.011749234529699414,4,0.2788392901420593,a4d4,False,0.0037499999161809683,False,0,1,6.5204479999956675,
2463,2302,crushing defensiveMove endgame long quietMove sacrifice,89,3,c8d7,True,0.7971303873490689,1,0.43313688039779663,c8d7,True,0.9925000071525574,True,-1,3,6.657362700003432,
2464,2203,crushing long middlegame pin,42,50,c3d5,True,0.40025902640885835,1,-0.37424033880233765,c3d5,True,0.9762499928474426,True,-1,3,19.607307900005253,
2465,1914,crushing defensiveMove endgame fork quietMove veryLong,64,31,e7e6,False,0.06391092375453089,4,-0.39055970311164856,e2g4,True,0.7475000023841858,True,-1,4,19.4334736999881,
2466,1907,attraction mate mateIn2 middlegame pin sacrifice short,50,45,d3e5,False,0.004970434987530618,5,-0.5875434875488281,d3e5,False,0.0,False,0,1,6.409918799996376,
2467,2050,advantage clearance long middlegame pin,59,40,f8f7,True,0.3989291743942332,1,-0.40072837471961975,f8f7,True,0.9750000238418579,True,-1,3,18.574315599980764,
2468,2210,crushing discoveredAttack discoveredCheck endgame fork long,62,21,c8a6,False,0.009513678673201222,9,-0.01873946376144886,c8a6,False,0.0024999999441206455,False,0,1,6.070919699996011,
2469,2271,advantage long middlegame pin,41,34,g7g6,False,0.3532349877722538,2,-0.9645593166351318,b4d3,True,0.9762499928474426,False,4,3,15.323596400005044,
2470,1931,kingsideAttack mate mateIn2 middlegame short,43,36,c5f2,True,0.864615100991342,1,-0.6252411603927612,c5f2,True,0.9937499761581421,True,-1,2,0.3948228000081144,
2471,2131,crushing exposedKing fork long middlegame,44,50,c2e4,False,0.13351555611213053,2,-0.17211389541625977,e2c4,True,0.9712499976158142,True,-1,3,17.13069990000804,
2472,2024,crushing exposedKing fork middlegame sacrifice veryLong,35,39,g4h2,False,0.01112203925821667,6,-0.5866284966468811,h5h4,False,0.0024999999441206455,False,0,1,5.773672899988014,
2473,1927,advantage long middlegame pin,54,43,c3f6,True,0.7227073128533746,1,0.02954351156949997,c3f6,True,0.9900000095367432,True,-1,3,18.857138000021223,
2474,2051,attraction discoveredCheck doubleCheck kingsideAttack long mate mateIn3 middlegame sacrifice,28,47,h6e3,False,0.027358578718183438,5,-0.3890758156776428,h6d2,False,0.004999999888241291,False,0,1,6.200443899986567,
2475,2203,crushing discoveredAttack discoveredCheck long middlegame sacrifice,55,39,a5c4,False,0.0693319019838219,2,0.030862566083669662,a5c4,False,0.21375000476837158,False,0,1,6.390784000017447,
2476,2070,advantage discoveredAttack middlegame veryLong,25,34,c6a5,True,0.3999027329287548,1,-0.7999199628829956,c6a5,True,0.8362500071525574,True,-1,4,25.627274400001625,
2477,2091,advantage deflection endgame fork master veryLong,52,33,h6h7,True,0.6229113269688001,1,-0.7149920463562012,h6h7,True,0.981249988079071,True,-1,4,24.081978000001982,
2478,2148,crushing endgame exposedKing sacrifice veryLong,70,4,e5c5,True,0.7660508194804113,1,-0.31865137815475464,e5c5,True,0.9900000095367432,True,-1,4,18.867610999994213,
2479,2128,advantage capturingDefender fork middlegame veryLong,19,32,g6d3,False,0.062163101794918345,4,-0.3421361744403839,e5e4,True,0.8912500143051147,True,-1,4,25.53031979998923,
2480,2055,intermezzo kingsideAttack long mate mateIn3 middlegame sacrifice,37,52,h4g5,False,0.07407400815915281,5,0.17057494819164276,e5f3,True,0.9549999833106995,True,-1,3,0.8637235000205692,
2481,2111,advantage deflection endgame sacrifice veryLong,49,32,d3c3,False,0.02161991611400494,6,-0.7810081243515015,d3f3,True,0.6725000143051147,True,-1,4,4.51992719998816,
2482,2125,advantage hangingPiece middlegame short,37,41,d8d3,True,0.7868611357223771,1,0.8523180484771729,d8d3,True,0.987500011920929,True,-1,2,13.015268700022716,
2483,2109,advantage middlegame pin short,61,38,c6e4,False,0.09498993824758614,2,-0.907070517539978,h3f2,True,0.9437500238418579,True,-1,2,12.49880159998429,
2484,2136,crushing long middlegame sacrifice,55,41,e6e2,False,0.0002163762621956875,33,0.26663684844970703,e6f5,False,0.0,False,0,1,6.063770600012504,
2485,2177,bishopEndgame crushing discoveredAttack endgame short,71,14,e7f8,False,0.040480878449677966,5,-0.02537761814892292,e7f8,False,0.4137499928474426,False,0,1,6.22762540000258,
2486,2176,crushing deflection endgame long rookEndgame,123,19,c3c4,False,0.2591238666205382,2,0.09310548007488251,f7f5,True,0.9462500214576721,True,-1,3,17.93755540001439,
2487,2031,mate mateIn1 middlegame oneMove queensideAttack,52,54,c7f4,False,0.004570502011378227,10,0.03553832322359085,c7c5,False,0.0,False,0,1,6.2502347999834456,
2488,2019,attraction crushing fork middlegame veryLong,48,34,f3d4,False,0.2100590124421669,3,-0.45004647970199585,a7a8,True,0.9337499737739563,True,-1,4,24.28772019999451,
2489,2313,advantage deflection long master masterVsMaster middlegame,39,37,h4f3,True,0.5713443526730243,1,-0.35180503129959106,h4f3,True,0.9762499928474426,True,-1,3,18.466908799979137,
2490,2060,discoveredAttack mate mateIn5 middlegame pin sacrifice veryLong,50,33,h5g6,False,0.16483540890511852,3,0.45831310749053955,f5h6,True,0.7787500023841858,True,-1,5,7.924453399988124,
2491,1942,crushing middlegame pin sacrifice short,66,43,g1g2,False,0.008939686749649864,16,-0.025641316547989845,g1g2,False,0.051249999552965164,False,0,1,6.41422770000645,
2492,2093,crushing discoveredAttack endgame master veryLong,78,32,e5e8,True,0.5410550097418507,1,0.4115011394023895,e5e8,True,0.9674999713897705,True,-1,4,24.633897299994715,
2493,2092,crushing interference intermezzo master middlegame short,39,37,c7e5,False,0.0018824629508412884,7,-0.09720757603645325,c7e5,False,0.0,False,0,1,6.618635599996196,
2494,2109,crushing middlegame sacrifice short,66,40,g1h1,False,0.05922139503141098,5,-0.10196854919195175,e4e5,True,0.9524999856948853,True,-1,2,12.527195799979381,
2495,1920,clearance crushing fork long middlegame,27,38,d6f4,True,0.5938571962806426,1,-0.09085959941148758,d6f4,True,0.9787499904632568,True,-1,3,19.522850500012282,
2496,2291,crushing endgame hangingPiece long,78,15,f4f3,True,0.5210378281238596,1,-0.30989915132522583,f4f3,True,0.9787499904632568,True,-1,3,17.781606700009434,
2497,1963,crushing endgame rookEndgame skewer veryLong,124,10,f5f6,True,0.8692997245096697,1,-0.052729200571775436,f5f6,True,0.9850000143051147,True,-1,4,24.872603800002253,
2498,2052,advancedPawn bishopEndgame capturingDefender crushing endgame veryLong,90,6,e4f4,False,0.11673872564696472,4,-0.76917564868927,g4g5,True,0.9612500071525574,True,-1,4,23.715691000019433,
2499,1942,advantage long middlegame pin,32,57,f4d6,False,0.06150253463208169,2,-0.5917074680328369,d4e6,True,0.9549999833106995,True,-1,3,17.270741599990288,
2500,1163,endgame mate mateIn2 short,61,37,b4b3,True,0.5326169538809721,1,-0.19261868298053741,b4b3,True,0.987500011920929,True,-1,2,0.14448709998396225,
2501,1022,endgame mate mateIn1 oneMove,40,32,e3d1,False,0.26702242231051826,2,0.2535116970539093,a4e8,True,0.9350000023841858,True,-1,1,0.30611979999230243,
2502,1434,backRankMate master mate mateIn2 middlegame sacrifice short,44,28,d2f4,False,0.11732332569903561,2,-0.8800567984580994,d2d8,True,0.9700000286102295,True,-1,2,0.2559981000085827,
2503,1037,crushing endgame fork long,66,38,g3f3,False,0.0486159396807606,4,-0.5867284536361694,d1d8,True,0.7174999713897705,True,-1,3,18.307122199999867,
2504,1011,kingsideAttack mate mateIn2 middlegame short,59,31,g5f3,True,0.8598178719325469,1,0.05255506932735443,g5f3,True,0.9950000047683716,True,-1,2,0.10236239997902885,
2505,1006,mate mateIn2 middlegame operaMate short,32,39,f6e5,False,0.46066489803416183,2,0.4130590558052063,f3h3,True,0.9850000143051147,True,-1,2,0.3478791000088677,
2506,1154,mate mateIn1 middlegame oneMove,40,40,h6g7,True,0.7979849684439821,1,0.3977067172527313,h6g7,True,0.987500011920929,True,-1,1,0.09641900000860915,
2507,1035,endgame mate mateIn2 short,74,26,a2f7,True,0.8039293454438329,1,-0.9953275918960571,a2f7,True,0.9912499785423279,True,-1,2,0.14447410000138916,
2508,1266,crushing endgame master pin short,69,34,d6f4,False,0.18263127434052884,3,-0.16563986241817474,h5g3,True,0.9624999761581421,True,-1,2,10.82092470000498,
2509,1060,advantage attraction fork long middlegame,59,56,c8c2,True,0.6972079404023998,1,-0.8275277018547058,c8c2,True,0.9912499785423279,True,-1,3,18.89108380000107,
2510,1343,advantage attraction endgame exposedKing fork long,45,37,e8e1,True,0.5818725515738083,1,-0.8384371399879456,e8e1,True,0.9825000166893005,True,-1,3,18.873638799996115,
2511,1171,advancedPawn crushing endgame hangingPiece long pin,117,17,f3e2,True,0.5378294445868999,1,-0.11726702004671097,f3e2,True,0.9825000166893005,True,-1,3,18.533497099997476,
2512,1401,endgame mate mateIn2 operaMate short,113,27,c3h3,True,0.8269291212443602,1,-0.2590237557888031,c3h3,True,0.9937499761581421,True,-1,2,0.30142699999851175,
2513,1096,advantage deflection middlegame short,67,41,d6d2,False,0.02966192128460118,9,-0.8184123635292053,d1h1,True,0.8787500262260437,True,-1,2,12.483733400003985,
2514,1181,crushing discoveredAttack discoveredCheck endgame master short,107,25,e5e4,True,0.40998952249987974,1,-0.2719244956970215,e5e4,True,0.9674999713897705,True,-1,2,12.90601589999278,
2515,1391,advantage fork master middlegame short,58,41,d4e6,True,0.5372569062733118,1,-0.5472771525382996,d4e6,True,0.981249988079071,True,-1,2,10.589076800009934,
2516,1344,kingsideAttack long mate mateIn3 middlegame sacrifice,49,36,h5h2,True,0.7886680352600617,1,-0.9414067268371582,h5h2,True,0.8687499761581421,False,2,2,10.682710799999768,
2517,1028,clearance mate mateIn2 middlegame queensideAttack sacrifice short,56,33,g3e1,False,0.16591195619231702,3,-0.9602481722831726,a2e6,True,0.9775000214576721,True,-1,2,0.37132689999998547,
2518,1212,mate mateIn1 middlegame oneMove,22,47,e4d2,False,0.20647775802168278,3,0.5244002938270569,e4c5,True,0.9462500214576721,True,-1,1,0.33575650001876056,
2519,1142,backRankMate deflection hangingPiece long mate mateIn3 middlegame pin,61,28,d8d1,True,0.5840906544198639,1,-0.9870042204856873,d8d1,True,0.9837499856948853,True,-1,3,0.5916709000011906,
2520,1025,advantage endgame master short skewer,35,21,a8b8,False,0.20465345166698296,2,-0.4656519889831543,a8a1,True,0.9737499952316284,True,-1,2,11.90020210001967,
2521,1245,doubleCheck master mate mateIn1 middlegame oneMove,62,27,d8d7,False,0.1427092257098021,2,0.14305008947849274,e8f6,True,0.9674999713897705,True,-1,1,0.21627480001188815,
2522,1158,mate mateIn1 middlegame oneMove,63,46,c1e1,True,0.3326890079216633,1,-0.45857879519462585,c1e1,True,0.9787499904632568,True,-1,1,0.14954060001764446,
2523,1177,crushing discoveredAttack discoveredCheck master middlegame short,36,36,e4d5,True,0.998287334957592,1,0.06292977929115295,e4d5,True,0.9987499713897705,True,-1,2,12.051656299998285,
2524,1217,master mate mateIn1 middlegame oneMove,42,39,e6d7,False,0.4511844123936587,2,0.2287215143442154,b7d7,True,0.9800000190734863,True,-1,1,0.13869900000281632,
2525,1431,crushing master middlegame short trappedPiece,25,46,e6d7,False,0.18819486921732043,3,-0.1906200498342514,c6a5,True,0.9700000286102295,True,-1,2,12.72987490001833,
2526,1217,endgame fork mate mateIn2 short,51,24,f6f2,True,0.6633204481685542,1,0.34254100918769836,f6f2,True,0.9912499785423279,True,-1,2,1.3788543000118807,
2527,1269,endgame mate mateIn2 pin short,77,21,d5c7,False,0.07849135421547108,4,-0.18271541595458984,d5e3,True,0.8987500071525574,True,-1,2,0.8786680000193883,
2528,1047,endgame mate mateIn2 short,64,38,c1f1,False,0.33122866617540847,2,-0.5880586504936218,g4h5,True,0.9800000190734863,True,-1,2,0.20781030002399348,
2529,1361,crushing fork opening short,17,37,f5e4,True,0.8280640176043085,1,-0.029128694906830788,f5e4,True,0.9925000071525574,True,-1,2,12.178545600007055,
2530,1080,advancedPawn advantage deflection endgame pin promotion rookEndgame short,84,15,f1e2,False,0.005913363664504425,13,-0.20339281857013702,a7a8,False,0.0,False,0,1,6.08255459999782,
2531,1018,arabianMate endgame mate mateIn1 oneMove,64,37,b7h7,True,0.42871699926264834,1,-0.2383071929216385,b7h7,True,0.981249988079071,True,-1,1,0.1348295999923721,
2532,1225,hangingPiece kingsideAttack master masterVsMaster mate mateIn1 middlegame oneMove,41,55,d3f1,True,0.7236381741184377,1,0.4104476273059845,d3f1,True,0.9837499856948853,True,-1,1,0.12006230000406504,
2533,1134,backRankMate fork long master mate mateIn3 middlegame sacrifice,47,52,c5d5,False,0.00623529204549755,7,-0.7330115437507629,c5b6,False,0.0,False,0,1,5.401302800019039,
2534,1424,advantage endgame fork long,55,38,e7e2,False,0.2598954359092766,2,-0.6028739213943481,b2b1,True,0.9487500190734863,True,-1,3,17.233910700015258,
2535,1351,mate mateIn2 middlegame short,40,35,g7g6,True,0.7063268724376733,1,-0.9142194986343384,g7g6,True,0.9925000071525574,True,-1,2,0.4895214999851305,
2536,1378,advantage fork middlegame pin short,32,34,d1h5,True,0.49936355504955404,1,-0.6188910007476807,d1h5,True,0.9862499833106995,True,-1,2,11.751625100005185,
2537,1075,advantage fork opening short,25,36,e7c5,True,0.7580967885317347,1,-0.3974730670452118,e7c5,True,0.9900000095367432,True,-1,2,12.852816200000234,
2538,1375,advantage master middlegame pin queensideAttack short,53,34,b3a4,False,0.020304197645602217,5,0.10546700656414032,c4a3,True,0.7612500190734863,True,-1,2,11.941640000004554,
2539,1264,backRankMate endgame hangingPiece mate mateIn1 oneMove,51,29,h4e1,True,0.9806799947517365,1,0.8086890578269958,h4e1,True,0.9975000023841858,True,-1,1,0.03729939999175258,
2540,1315,mate mateIn1 middlegame oneMove,34,52,g5f3,False,0.14090588342989008,3,-0.13408032059669495,c2h7,True,0.9674999713897705,True,-1,1,0.20028069999534637,
2541,1106,advantage discoveredAttack middlegame short,34,43,d1d3,False,0.1529702568294817,2,-0.09499850124120712,d4e6,True,0.9649999737739563,True,-1,2,12.263324899977306,
2542,1013,advantage endgame fork long,85,14,g7g5,False,0.1917860916829803,2,-0.694234311580658,e5c4,True,0.9637500047683716,True,-1,3,19.007937499991385,
2543,1004,endgame mate mateIn1 oneMove,88,30,f2e3,False,0.02229972788531532,7,0.350803941488266,g4d7,True,0.7925000190734863,True,-1,1,1.2404060999979265,
2544,1137,deflection kingsideAttack mate mateIn2 middlegame short,23,35,e1f2,True,0.38877341132170906,1,0.18314900994300842,e1f2,True,0.981249988079071,True,-1,2,0.15379179999581538,
2545,1201,master mate mateIn2 middlegame pillsburysMate short,65,51,d4a4,False,0.0595496968117971,2,-0.289721816778183,c8a8,True,0.9512500166893005,True,-1,2,0.3651325000100769,
2546,1246,kingsideAttack mate mateIn1 middlegame oneMove,19,48,h5f3,False,0.34445367690652484,2,0.674605131149292,h5h2,True,0.96875,True,-1,1,0.20679819997167215,
2547,1141,crushing deflection kingsideAttack middlegame short,44,44,f1g2,False,0.010039437393775405,10,-0.8645708560943604,f1g2,False,0.23375000059604645,False,0,1,5.096594300004654,
2548,1340,crushing fork opening short,18,36,d4e5,True,0.9152449642768814,1,0.30941644310951233,d4e5,True,0.9962499737739563,True,-1,2,12.024036999995587,
2549,1122,backRankMate endgame long mate mateIn3 sacrifice,55,32,f6f2,True,0.4877014642766919,1,-0.9315568208694458,f6f2,True,0.987500011920929,True,-1,3,0.5329053000023123,
2550,1005,master mate mateIn1 middlegame oneMove pin,36,37,c3c4,False,0.21652096727710013,2,0.2121630162000656,e1e8,True,0.9762499928474426,True,-1,1,0.1638719000038691,
2551,1010,kingsideAttack mate mateIn1 middlegame oneMove,30,49,e5f7,True,0.953683091841796,1,0.9034380316734314,e5f7,True,0.9962499737739563,True,-1,1,0.0433871999848634,
2552,1283,advantage fork long middlegame,36,38,d5e7,True,0.43883827160013467,1,-0.8585354089736938,d5e7,True,0.981249988079071,True,-1,3,17.132695600012084,
2553,1029,endgame master mate mateIn1 oneMove,92,17,f6f7,False,0.2783476073476786,2,0.26595354080200195,b4h4,True,0.9637500047683716,True,-1,1,0.2483119000098668,
2554,1086,crushing endgame long skewer,61,38,a2a1,True,0.4329795434360412,1,-0.340859055519104,a2a1,True,0.9762499928474426,True,-1,3,15.712404799996875,
2555,1087,endgame mate mateIn2 short,72,30,e8h8,True,0.7776220198681535,1,-0.850853443145752,e8h8,True,0.9937499761581421,True,-1,2,0.42700490000424907,
2556,1278,mate mateIn1 middlegame oneMove,46,27,g1g4,False,0.1829523455462674,3,-0.026761723682284355,h4h7,True,0.9574999809265137,True,-1,1,0.23473179998109117,
2557,1439,advantage deflection endgame short,60,26,d7b7,False,0.0536540395830617,5,-0.15727375447750092,d7d5,True,0.768750011920929,True,-1,2,12.44104070001049,
2558,1071,crushing deflection endgame master short skewer,96,14,h8h6,True,0.961053512675476,1,0.03988458216190338,h8h6,True,0.9975000023841858,True,-1,2,12.535350199992536,
2559,1378,advantage endgame fork short,90,15,d6f7,True,0.3466169285373339,1,-0.7956697940826416,d6f7,True,0.9775000214576721,True,-1,2,13.115620299999136,
2560,1322,mate mateIn1 middlegame oneMove,35,39,d5e4,False,0.014193057754708754,8,-0.48907408118247986,g5h3,True,0.5525000095367432,True,-1,1,2.553518600005191,
2561,1441,crushing endgame master pin short,97,15,c6d6,True,0.4268852592230638,1,0.32259419560432434,c6d6,True,0.9762499928474426,True,-1,2,11.696834600006696,
2562,1283,advantage long middlegame pin,25,43,g6g4,False,0.238029866081896,2,-0.31675055623054504,h5f3,True,0.9712499976158142,True,-1,3,17.41008599998895,
2563,1196,crushing discoveredAttack endgame short,88,2,f4g5,True,0.7077878940919112,1,-0.3719917833805084,f4g5,True,0.9937499761581421,True,-1,2,12.188326900009997,
2564,1293,advancedPawn advantage endgame sacrifice short,56,19,d4d5,False,0.051004990699219196,6,-0.9694133996963501,d4d5,False,0.0037499999161809683,False,0,1,6.431856400013203,
2565,1185,mate mateIn1 middlegame oneMove,33,46,d3d1,True,0.6895295823624793,1,0.2696192264556885,d3d1,True,0.9862499833106995,True,-1,1,0.09984999999869615,
2566,1422,endgame long mate mateIn3,51,27,d2a2,False,0.15440959474924104,2,-0.11015450209379196,d3e5,True,0.9599999785423279,True,-1,3,1.270588499988662,
2567,1339,endgame mate mateIn2 short,64,28,h5c5,False,0.09781558148926356,3,0.10072311013936996,a6f6,True,0.9700000286102295,True,-1,2,0.2744112999935169,
2568,1435,endgame mate mateIn1 oneMove,57,37,d8d4,False,0.30563048821788596,2,0.37468788027763367,d8g8,True,0.96875,True,-1,1,0.24301620002370328,
2569,1242,deflection endgame epauletteMate mate mateIn4 veryLong,59,38,g2g1,True,0.46919786149404213,1,0.4045811593532562,g2g1,True,0.9825000166893005,True,-1,4,2.762652800010983,
2570,1363,endgame mate mateIn2 short,40,33,g8g7,True,0.9671104088904899,1,0.11344344913959503,g8g7,True,0.9975000023841858,True,-1,2,0.3938675000099465,
2571,1132,endgame mate mateIn2 short,56,27,c7c8,True,0.8751726200611063,1,-0.017468223348259926,c7c8,True,0.9962499737739563,True,-1,2,0.07746479997877032,
2572,1254,endgame mate mateIn2 pin short,73,30,b3h3,True,0.8411388186179269,1,0.04405609145760536,b3h3,True,0.9937499761581421,True,-1,2,0.13843839999753982,
2573,1030,mate mateIn2 middlegame queensideAttack short,43,35,e4b4,True,0.9621325797846223,1,-0.7031077146530151,e4b4,True,0.9962499737739563,True,-1,2,0.12143050000304356,
2574,1265,crushing master middlegame pin short,29,36,f8h6,True,0.6135838310556876,1,-0.7156751155853271,f8h6,True,0.987500011920929,True,-1,2,12.146044499997515,
2575,1213,discoveredAttack discoveredCheck endgame mate mateIn2 short,61,29,h2f3,True,0.283377398403094,1,-0.6421444416046143,h2f3,True,0.9762499928474426,True,-1,2,0.2411003999877721,
2576,1055,advantage attraction deflection endgame long,70,12,f4g5,True,0.7113779472628762,1,-0.9367102980613708,f4g5,True,0.9862499833106995,True,-1,3,17.628770000010263,
2577,1052,kingsideAttack mate mateIn1 middlegame oneMove,35,45,g6g2,True,0.8768453159672155,1,-0.7760196924209595,g6g2,True,0.9962499737739563,True,-1,1,0.0385946000169497,
2578,1335,crushing endgame master masterVsMaster short skewer,96,24,h7h6,True,0.5440803359990918,1,-0.8505347967147827,h7h6,True,0.9850000143051147,True,-1,2,11.426699100004043,
2579,1190,advantage attraction endgame fork long sacrifice,53,30,e8e4,False,0.02004568797076007,14,-0.9857989549636841,e8e1,True,0.78125,True,-1,3,19.13410619998467,
2580,1294,mate mateIn1 oneMove opening,23,45,d6d1,True,0.8091775127807467,1,-0.3037983477115631,d6d1,True,0.9937499761581421,True,-1,1,0.05802430000039749,
2581,1261,endgame mate mateIn2 short,81,30,d8d3,True,0.6471790362900816,1,-0.36080968379974365,d8d3,True,0.9887499809265137,True,-1,2,0.15549770000507124,
2582,1247,endgame long mate mateIn3 rookEndgame,77,25,f8f4,True,0.3381462803488569,1,0.02557702735066414,f8f4,True,0.9737499952316284,True,-1,3,0.669542999996338,
2583,1277,mate mateIn2 middlegame short,38,41,d1d7,True,0.4553658599239317,1,-0.37687864899635315,d1d7,True,0.9825000166893005,True,-1,2,0.2781779000069946,
2584,1438,advantage endgame fork short,72,37,f4c7,False,0.28132667011490836,2,-0.6478436589241028,f4f6,True,0.9775000214576721,True,-1,2,12.090329500002554,
2585,1081,crushing endgame fork long,83,30,f3h3,True,0.5979490564736438,1,-0.006398314610123634,f3h3,True,0.9837499856948853,True,-1,3,19.106458700000076,
2586,1127,attraction crushing deflection endgame master masterVsMaster sacrifice short,51,36,g2h2,False,0.011647555334970422,13,0.47687870264053345,a4c4,False,0.08250000327825546,False,0,1,6.083019500016235,
2587,1300,endgame mate mateIn1 oneMove,66,36,b1d3,False,0.0935602397401507,4,-0.29509237408638,e3e8,True,0.9674999713897705,True,-1,1,0.23718470000312664,
2588,1361,advantage capturingDefender intermezzo opening short,20,49,d4c6,True,0.8744407352268874,1,0.06965222209692001,d4c6,True,0.9937499761581421,True,-1,2,12.809381700004451,
2589,1291,crushing endgame fork master short,76,26,g5e6,False,0.38211458290480615,2,-0.01980333961546421,g5h7,True,0.9775000214576721,True,-1,2,12.400013400008902,
2590,1053,backRankMate mate mateIn2 middlegame short,53,49,b2e5,False,0.015557023761750248,5,-0.06324366480112076,b2b1,True,0.6349999904632568,True,-1,2,2.1202783999906387,
2591,1078,endgame master mate mateIn1 oneMove,103,19,a4a1,True,0.9127214060747219,1,-0.0873032659292221,a4a1,True,0.9962499737739563,True,-1,1,0.04791389999445528,
2592,1225,endgame mate mateIn1 oneMove,66,35,f3c6,True,0.6118206577823029,1,0.19775207340717316,f3c6,True,0.9850000143051147,True,-1,1,0.11472820001654327,
2593,1122,advantage attraction endgame fork long,61,21,d2e2,True,0.3808067746761797,1,-0.3387007415294647,d2e2,True,0.96875,True,-1,3,17.465555000002496,
2594,1430,advantage fork middlegame short,33,43,b8b6,False,0.0012186578964306508,9,-0.14732776582241058,b8b6,False,0.0,False,0,1,6.00654860000941,
2595,1232,mate mateIn1 middlegame oneMove,33,44,g4h3,True,0.6990552762724931,1,-0.04895127937197685,g4h3,True,0.9862499833106995,True,-1,1,0.12940539998817258,
2596,1075,master mate mateIn1 middlegame oneMove,41,38,f3g2,True,0.6842711106428289,1,0.5171999931335449,f3g2,True,0.9850000143051147,True,-1,1,0.11739440000383183,
2597,1305,advantage endgame interference short,73,34,g7b2,True,0.6085858600374819,1,-0.9493824243545532,g7b2,True,0.9862499833106995,True,-1,2,13.147764199995436,
2598,1302,endgame mate mateIn1 oneMove,72,28,a6f6,True,0.5835092959612572,1,-0.01838362030684948,a6f6,True,0.9862499833106995,True,-1,1,0.11139000000548549,
2599,1438,crushing discoveredCheck doubleCheck long middlegame,42,35,e4d5,True,0.39286927192202414,1,-0.23453064262866974,e4d5,True,0.9775000214576721,True,-1,3,19.423706000001403,
2600,1106,advancedPawn crushing endgame fork veryLong,88,18,f3e3,False,0.1928365373583739,2,-0.7860827445983887,c6c7,True,0.9737499952316284,True,-1,4,25.813239299983252,
2601,1255,mate mateIn1 middlegame oneMove,44,51,g4h6,True,0.32140199085633503,1,-0.13607549667358398,g4h6,True,0.9762499928474426,True,-1,1,0.18108430001302622,
2602,1183,backRankMate endgame long mate mateIn3 sacrifice,51,49,h4f2,True,0.515952915192205,1,-0.9448699355125427,h4f2,True,0.9825000166893005,True,-1,3,1.5151553000032436,
2603,1225,endgame mate mateIn1 oneMove,59,33,h3g2,True,0.42736154192059383,1,-0.11181624233722687,h3g2,True,0.9787499904632568,True,-1,1,0.1627206999983173,
2604,1061,endgame mate mateIn2 short,86,31,e6e1,False,0.18062809050967882,2,-0.37825116515159607,c2c3,True,0.9725000262260437,False,2,2,0.3520958000153769,
2605,1226,advantage fork long middlegame,40,3,a1e1,True,0.9171376862734114,1,0.24878154695034027,a1e1,True,0.9775000214576721,False,2,2,12.735174800007371,
2606,1265,crushing fork long middlegame,13,46,h6f7,False,0.1550896904429253,3,0.7196807861328125,d4f2,True,0.9649999737739563,True,-1,3,17.65217250000569,
2607,1105,advantage fork long middlegame,52,40,c1c7,True,0.7104503301792747,1,-0.3339768648147583,c1c7,True,0.9887499809265137,True,-1,3,18.998198499990394,
2608,1397,advantage fork opening short,19,43,d6f4,False,0.16710394066379708,3,-0.4872288405895233,d8g5,True,0.9737499952316284,True,-1,2,12.182038300001295,
2609,1058,endgame mate mateIn2 pin short,60,27,b2f6,True,0.9101237610807622,1,-0.8966871500015259,b2f6,True,0.9950000047683716,True,-1,2,0.15164070000173524,
2610,1278,deflection kingsideAttack long mate mateIn3 middlegame pillsburysMate,42,37,h5f7,True,0.8163106377563565,1,-0.21165251731872559,h5f7,True,0.9937499761581421,True,-1,3,0.46615369999199174,
2611,1081,endgame mate mateIn2 short,50,33,d2d6,True,0.9914920228980576,1,0.11740105599164963,d2d6,True,0.9987499713897705,True,-1,2,0.7257478999963496,
2612,1407,crushing master middlegame short trappedPiece,26,40,f1e1,False,0.11507586433380536,5,-0.2866705358028412,e2d3,True,0.9649999737739563,True,-1,2,12.911048300011316,
2613,1396,attraction crushing fork long middlegame sacrifice,40,35,d1a4,False,0.006349199371616369,11,-0.323127418756485,d1a4,False,0.0,False,0,1,6.825063800002681,
2614,1163,advancedPawn attraction endgame mate mateIn2 promotion rookEndgame short,88,12,g7g8,True,0.6653401104744726,1,0.09233684092760086,g7g8,True,0.987500011920929,True,-1,2,0.13174549999530427,
2615,1427,crushing discoveredAttack master middlegame short,54,29,f5e7,False,0.2916062439593037,2,-0.8783178329467773,f5h6,True,0.9787499904632568,True,-1,2,12.123108800005866,
2616,1116,endgame mate mateIn2 short,60,28,e7f7,False,0.23117130534735125,2,-0.30623966455459595,b4b5,True,0.9787499904632568,True,-1,2,0.2031047999917064,
2617,1104,advantage deflection master middlegame short,25,34,e8g8,False,0.28720000225436987,2,-0.03320027142763138,g1f2,True,0.9725000262260437,True,-1,2,12.915319499996258,
2618,1408,advantage fork middlegame short,50,32,c3e4,True,0.9868860789428473,1,0.2966272830963135,c3e4,True,0.9975000023841858,True,-1,2,13.155543000000762,
2619,1259,advantage discoveredAttack endgame short,54,40,e5d6,True,0.6418000158139195,1,-0.1789158433675766,e5d6,True,0.9850000143051147,True,-1,2,12.352751099999296,
2620,1034,clearance mate mateIn2 middlegame sacrifice short,83,34,h5g3,True,0.6817437826322169,1,-0.983052134513855,h5g3,True,0.9887499809265137,False,2,2,0.24013019999256358,
2621,1095,mate mateIn1 oneMove opening smotheredMate,13,33,e5d3,True,0.4913192452148297,1,0.17239870131015778,e5d3,True,0.9787499904632568,True,-1,1,0.14202129998011515,
2622,1012,kingsideAttack master mate mateIn1 middlegame oneMove,37,39,g6g2,True,0.8953249261763364,1,-0.5717043876647949,g6g2,True,0.9937499761581421,True,-1,1,0.05635900000925176,
2623,1112,kingsideAttack mate mateIn1 middlegame oneMove,47,44,h3h2,True,0.8454178139774362,1,0.8093386888504028,h3h2,True,0.9762499928474426,True,-1,1,0.16626470000483096,
2624,1089,attraction endgame long mate mateIn3 sacrifice,70,27,h6h4,False,0.004934117161257108,16,-0.11801708489656448,d2f4,False,0.0,False,0,1,6.133455300005153,
2625,1430,advantage attraction deflection endgame fork long,61,36,f6g4,False,0.002042321869451081,10,-0.6888755559921265,f6g4,False,0.0,False,0,1,6.089437800023006,
2626,1052,crushing discoveredAttack kingsideAttack middlegame short,37,42,e7f8,False,0.03517784383048874,7,-0.7331432700157166,d6h2,True,0.9087499976158142,True,-1,2,12.628337599977385,
2627,1400,attraction endgame long mate mateIn3 sacrifice,81,29,f5f4,False,0.007688151332566048,15,0.34803128242492676,c8d7,False,0.0,False,0,1,6.272038300026907,
2628,1027,mate mateIn1 middlegame oneMove,67,38,f2g2,True,0.9806509598324681,1,0.6658135652542114,f2g2,True,0.9975000023841858,True,-1,1,0.03723459999309853,
2629,1150,advantage fork middlegame short,63,23,a3e3,True,0.9947929463399304,1,-0.33877497911453247,a3e3,True,0.9987499713897705,True,-1,2,12.646432200010167,
2630,1235,advantage middlegame pin short,35,38,c6e4,False,0.19462751749813423,3,-0.6580007076263428,c6f3,True,0.9712499976158142,True,-1,2,12.51427230000263,
2631,1133,advantage fork middlegame short,65,27,a6d6,False,0.18163742433666305,2,-0.4693908393383026,a6a1,True,0.9750000238418579,True,-1,2,11.74638359999517,
2632,1025,endgame master mate mateIn1 oneMove,70,36,f6h8,True,0.9038986711155789,1,0.6691202521324158,f6h8,True,0.9950000047683716,True,-1,1,0.041759699990507215,
2633,1130,kingsideAttack mate mateIn2 middlegame short,46,31,f7f8,True,0.606183055263081,1,-0.9769062399864197,f7f8,True,0.9887499809265137,True,-1,2,0.1376909000100568,
2634,1155,mate mateIn1 oneMove opening,23,42,h7h5,False,0.20441053960320266,2,0.23962731659412384,d4f3,True,0.9162499904632568,True,-1,1,0.4122663000016473,
2635,1128,mate mateIn1 middlegame oneMove,61,37,h2f2,True,0.931028250947101,1,0.9426720142364502,h2f2,True,0.9937499761581421,True,-1,1,0.07030000002123415,
2636,1083,mate mateIn2 opening short,19,42,e7e3,True,0.9230010469300172,1,-0.22590544819831848,e7e3,True,0.9975000023841858,True,-1,2,0.18923210000502877,
2637,1135,master mate mateIn1 middlegame oneMove,55,49,f5g3,True,0.5118184544531482,1,-0.20620156824588776,f5g3,True,0.9825000166893005,True,-1,1,0.1246372000023257,
2638,1082,backRankMate mate mateIn2 middlegame sacrifice short,56,30,d2c3,False,0.22346740997433093,2,-0.7789203524589539,d2d8,True,0.9337499737739563,True,-1,2,0.4171005999960471,
2639,1334,advantage endgame long skewer,92,19,h8a8,False,0.25890556451093527,2,-0.9778414964675903,h8h7,True,0.9712499976158142,True,-1,3,18.829847000015434,
2640,1060,blindSwineMate endgame exposedKing long mate mateIn3,64,23,g1h1,True,0.3403318677411578,1,-0.9977263808250427,g1h1,True,0.9399999976158142,True,-1,3,1.767147999984445,
2641,1150,endgame mate mateIn1 oneMove,53,38,g3h3,True,0.9082563802910691,1,0.4028783142566681,g3h3,True,0.9599999785423279,True,-1,1,0.035805299994535744,
2642,1398,crushing kingsideAttack long middlegame sacrifice,30,43,d1f3,False,0.12335092782085295,3,-0.016415288671851158,d3h7,True,0.949999988079071,True,-1,3,16.28735980001511,
2643,1287,endgame mate mateIn2 short,137,28,e8a8,True,0.436232417349739,1,0.13814570009708405,e8a8,True,0.9725000262260437,True,-1,2,0.5516353000130039,
2644,1025,crushing endgame fork master short,72,29,c3c4,False,0.0767836105565655,2,0.247145414352417,d6e8,True,0.9449999928474426,True,-1,2,13.31686140000238,
2645,1361,mate mateIn2 middlegame short vukovicMate,36,41,d1d7,True,0.8774557770678023,1,-0.3616349697113037,d1d7,True,0.9950000047683716,True,-1,2,0.2463368999888189,
2646,1138,endgame long mate mateIn3,71,32,e8e1,True,0.5322754900888382,1,-0.46091291308403015,e8e1,True,0.987500011920929,True,-1,3,0.44492320000426844,
2647,1187,mate mateIn1 oneMove opening pin,24,42,d1a4,False,0.11595130208339074,4,0.676622748374939,b5a7,True,0.9399999976158142,True,-1,1,0.40272519999416545,
2648,1220,advantage fork middlegame short,34,42,d1b3,True,0.7042246091714832,1,-0.36611208319664,d1b3,True,0.9887499809265137,True,-1,2,12.993264899996575,
2649,1103,endgame mate mateIn2 short,93,25,d3b3,True,0.6321587078455192,1,-0.4144996106624603,d3b3,True,0.987500011920929,True,-1,2,0.22694550000596792,
2650,1115,advantage fork middlegame short,20,39,g4g7,True,0.9287659497911533,1,-0.23526102304458618,g4g7,True,0.9962499737739563,True,-1,2,9.405784599977778,
2651,1143,kingsideAttack mate mateIn2 middlegame short,49,37,d6h2,True,0.8078454846771446,1,0.07055971026420593,d6h2,True,0.9950000047683716,True,-1,2,0.15823700002511032,
2652,1144,crushing discoveredAttack endgame rookEndgame short,82,14,f1f2,False,0.00786610397705501,8,-0.008925692178308964,f1f2,False,0.0,False,0,1,5.699991700006649,
2653,1310,advantage discoveredAttack middlegame short,32,33,b3d5,True,0.35132048629166657,1,-0.5443649291992188,b3d5,True,0.9775000214576721,True,-1,2,11.503549699991709,
2654,1083,advantage endgame fork short,63,15,d2d3,False,0.202206201212604,2,-0.9521952867507935,c2e1,True,0.9750000238418579,True,-1,2,12.947461099975044,
2655,1050,crushing endgame hangingPiece short,85,21,f6a6,True,0.9675967866707909,1,-0.983938455581665,f6a6,True,0.9975000023841858,True,-1,2,12.115023499995004,
2656,1416,anastasiaMate attraction kingsideAttack long mate mateIn3 middlegame sacrifice,49,39,e6h6,False,0.007227340213814813,9,-0.691344141960144,e6h6,False,0.0,False,0,1,6.295962400006829,
2657,1086,cornerMate mate mateIn1 middlegame oneMove,40,34,c3e2,True,0.6374783755347211,1,-0.4679686427116394,c3e2,True,0.9862499833106995,True,-1,1,0.11439709999831393,
2658,1289,mate mateIn1 middlegame oneMove,29,41,b5f1,True,0.8260235740532282,1,-0.027446478605270386,b5f1,True,0.9937499761581421,True,-1,1,0.05804910001461394,
2659,1347,crushing fork middlegame short,45,25,f7f5,True,0.3017133389022266,1,-0.37475940585136414,f7f5,True,0.9700000286102295,True,-1,2,12.956949000013992,
2660,1296,mate mateIn1 middlegame oneMove,35,42,d5h1,True,0.9842100772335044,1,-0.11911062896251678,d5h1,True,0.9987499713897705,True,-1,1,0.029872900020563975,
2661,1162,endgame mate mateIn1 oneMove,50,29,f4f8,True,0.7839112602052615,1,0.6345190405845642,f4f8,True,0.9912499785423279,True,-1,1,0.07604709998122416,
2662,1402,advancedPawn attraction crushing endgame long promotion,107,18,d5c5,True,0.486389506492955,1,-0.5951882004737854,d5c5,True,0.8762500286102295,False,2,2,12.950523299979977,
2663,1191,mate mateIn1 middlegame oneMove,32,38,f5e6,True,0.6579613559243295,1,-0.0363372340798378,f5e6,True,0.9837499856948853,True,-1,1,0.12145529998815618,
2664,1239,endgame mate mateIn2 short,47,35,a8g8,True,0.7246311101626207,1,-0.8406088948249817,a8g8,True,0.9937499761581421,True,-1,2,0.23016889998689294,
2665,1285,kingsideAttack mate mateIn2 middlegame short,64,29,h5g6,True,0.8277476102011133,1,-0.4065868556499481,h5g6,True,0.9950000047683716,True,-1,2,0.15771570001379587,
2666,1164,mate mateIn1 middlegame oneMove,55,43,f4h2,True,0.7169356225514913,1,-0.8580302000045776,f4h2,True,0.9887499809265137,True,-1,1,0.0906167000066489,
2667,1007,epauletteMate mate mateIn2 middlegame short,34,32,e6f5,True,0.4474618779163544,1,-0.9853545427322388,e6f5,True,0.9825000166893005,True,-1,2,0.3533930999983568,
2668,1124,endgame mate mateIn1 oneMove,81,24,e4g3,True,0.2762494147788698,1,0.505945086479187,e4g3,True,0.9674999713897705,True,-1,1,0.2203929999959655,
2669,1041,advantage fork middlegame short,69,40,a8f8,False,0.08117450101470779,5,-0.015938526019454002,d6g3,True,0.9649999737739563,True,-1,2,12.36048409997602,
2670,1024,crushing discoveredAttack opening short,14,41,b1c3,False,0.0016225882240236285,10,0.07788757979869843,b1c3,False,0.0,False,0,1,5.735606500005815,
2671,1303,crushing endgame hangingPiece short,114,20,e6d6,True,0.9298963915781401,1,-0.22752025723457336,e6d6,True,0.9950000047683716,True,-1,2,11.044134800002212,
2672,1005,crushing discoveredAttack opening short,24,40,a1b1,False,0.24669856225874767,2,-0.6552865505218506,d3h7,True,0.9775000214576721,True,-1,2,12.548358000000007,
2673,1056,backRankMate deflection endgame long mate mateIn3,74,29,e1e8,True,0.3310443198176176,1,-0.6715903282165527,e1e8,True,0.9737499952316284,True,-1,3,0.3894199999922421,
2674,1227,advantage fork opening short,17,25,c6d4,True,0.34135008976614395,1,-0.8016927242279053,c6d4,True,0.981249988079071,True,-1,2,11.775161400000798,
2675,1312,crushing discoveredAttack discoveredCheck long middlegame,79,28,e5c3,False,0.34094173334472855,2,-0.857466995716095,a7a4,True,0.9787499904632568,True,-1,3,16.528591699985554,
2676,1157,advantage discoveredAttack middlegame short,56,25,b4a5,False,0.06445180524774588,2,-0.08296800404787064,a2f7,True,0.90625,True,-1,2,12.205004199990071,
2677,1172,advantage fork middlegame short,25,31,e8g8,False,0.16630672113240463,3,0.24117149412631989,d8a5,True,0.956250011920929,True,-1,2,13.069315100001404,
2678,1254,crushing fork middlegame short,50,40,h6f6,True,0.7895947741619317,1,-0.5858443975448608,h6f6,True,0.987500011920929,True,-1,2,11.964216599997599,
2679,1372,crushing fork master middlegame short,63,34,d6e4,True,0.5449615806146949,1,-0.3730061948299408,d6e4,True,0.9787499904632568,True,-1,2,12.529941200016765,
2680,1110,attackingF2F7 mate mateIn1 oneMove opening,24,36,f3f7,True,0.8280964665858189,1,-0.14915776252746582,f3f7,True,0.9937499761581421,True,-1,1,0.06281350000062957,
2681,1217,cornerMate endgame kingsideAttack master mate mateIn1 oneMove,49,19,h3f2,True,0.7966852450703102,1,-0.6161516904830933,h3f2,True,0.9937499761581421,True,-1,1,0.06031719999737106,
2682,1218,endgame mate mateIn1 oneMove,56,35,g6g7,True,0.8513261253607272,1,0.9231727719306946,g6g7,True,0.9900000095367432,True,-1,1,0.08018600000650622,
2683,1152,advantage hangingPiece middlegame short,32,42,c4c6,True,0.9377116575967568,1,0.3681454360485077,c4c6,True,0.9962499737739563,True,-1,2,12.560202699998626,
2684,1206,crushing discoveredAttack middlegame short,34,34,c4e2,False,0.007927439267239482,9,-0.40117600560188293,g1g2,False,0.0,False,0,1,6.3462690000014845,
2685,1106,endgame mate mateIn1 oneMove,61,34,d2g2,True,0.7019452740452649,1,0.20666518807411194,d2g2,True,0.9862499833106995,True,-1,1,0.1264857999922242,
2686,1278,advantage fork middlegame short,66,34,d5f6,True,0.5371853936463613,1,-0.9301199316978455,d5f6,True,0.9837499856948853,True,-1,2,12.392457699985243,
2687,1026,kingsideAttack mate mateIn2 middlegame short,55,24,g4f3,True,0.6055900566729286,1,-0.7548910975456238,g4f3,True,0.987500011920929,True,-1,2,0.26776829999289475,
2688,1024,endgame mate mateIn1 oneMove rookEndgame,86,25,h5h8,True,0.5522676489379204,1,-0.006853978615254164,h5h8,True,0.9825000166893005,True,-1,1,0.1354369000182487,
2689,1028,endgame mate mateIn2 queenEndgame short,78,24,a3f8,True,0.8859944125608311,1,-0.9618731737136841,a3f8,True,0.9937499761581421,True,-1,2,0.2843865999893751,
2690,1242,crushing endgame fork master short,81,19,e3g4,True,0.9080697585731711,1,-0.42096325755119324,e3g4,True,0.9975000023841858,True,-1,2,13.119159200025024,
2691,1354,advantage opening pin short trappedPiece,23,35,b6b2,True,0.9428325224840282,1,-0.10612048208713531,b6b2,True,0.9962499737739563,True,-1,2,12.642627499997616,
2692,1123,advantage attraction fork long master middlegame,52,44,e6e8,True,0.25477394913462503,1,-0.6149468421936035,e6e8,True,0.9775000214576721,True,-1,3,18.349668200011365,
2693,1134,crushing discoveredAttack middlegame short,55,42,a8c8,False,0.004762520690647874,14,-0.8312339186668396,a8c8,False,0.0,False,0,1,5.788844999973662,
2694,1285,crushing endgame fork pin short,123,17,h2e2,True,0.3652862565477826,1,0.16214342415332794,h2e2,True,0.9624999761581421,True,-1,2,12.563657299993793,
2695,1198,backRankMate long mate mateIn3 middlegame sacrifice,45,30,e8e6,False,0.14681064222032514,2,-0.7115733027458191,f6f2,True,0.9612500071525574,True,-1,3,0.6067979999934323,
2696,1030,backRankMate endgame mate mateIn2 short,48,27,d5e5,False,0.0928845996819327,3,0.07885940372943878,d5d8,True,0.9612500071525574,True,-1,2,0.2498275999969337,
2697,1330,deflection mate mateIn2 opening short,15,41,d4f2,True,0.6894590248237921,1,-0.8283108472824097,d4f2,True,0.9900000095367432,True,-1,2,0.24858060001861304,
2698,1209,advantage deflection endgame long,50,37,g3g6,True,0.4186099694032123,1,0.1348511278629303,g3g6,True,0.9649999737739563,True,-1,3,18.302192899980582,
2699,1325,discoveredCheck doubleCheck endgame long master mate mateIn3,59,32,a7a4,False,0.18775007733014984,2,0.07354702800512314,d3f2,True,0.9662500023841858,True,-1,3,1.0934674000018276,
2700,1131,endgame mate mateIn1 oneMove,43,37,g2e4,True,0.4870951688912845,1,0.20742017030715942,g2e4,True,0.9850000143051147,True,-1,1,0.1196265000035055,
2701,1014,mate mateIn1 middlegame oneMove,36,45,g5h5,True,0.9815194572007173,1,0.03326795622706413,g5h5,True,0.9975000023841858,True,-1,1,0.030643599980976433,
2702,1299,crushing fork middlegame short,41,36,d6f8,False,0.030127672190940907,5,0.0682433694601059,d6f8,False,0.3425000011920929,False,0,1,6.259373700013384,
2703,1031,attraction crushing deflection long middlegame,52,34,h3h6,False,0.245171837611112,2,0.04175664857029915,h7h8,True,0.9037500023841858,True,-1,3,17.906079900014447,
2704,1255,crushing discoveredAttack kingsideAttack long middlegame,38,47,d3c4,False,0.0009118182650938202,27,0.05468720197677612,h1e1,False,0.0,False,0,1,6.228006799996365,
2705,1235,crushing deflection endgame queenEndgame short,95,27,h4h3,True,0.5879337903033008,1,-0.9789668917655945,h4h3,True,0.9862499833106995,True,-1,2,7.8588882999902125,
2706,1076,endgame mate mateIn1 oneMove rookEndgame,99,29,f7f1,False,0.0062351759343742446,9,-0.539689838886261,e1e4,False,0.0,False,0,1,6.315740799997002,
2707,1398,long mate mateIn3 middlegame queensideAttack,33,39,a4b3,False,0.29226070725441733,2,0.5725727081298828,a4a1,True,0.9712499976158142,True,-1,3,1.4323106999800075,
2708,1190,crushing endgame pin short,58,42,d3c4,True,0.4283921151071137,1,-0.485384464263916,d3c4,True,0.9825000166893005,True,-1,2,12.269330700015416,
2709,1193,crushing endgame fork master short,73,28,b8a8,False,0.2568974596226106,2,-0.2656523883342743,c3e2,True,0.9674999713897705,True,-1,2,12.362454200017964,
2710,1056,endgame mate mateIn2 short,74,33,e6e7,True,0.8465201404861392,1,0.3976234495639801,e6e7,True,0.9962499737739563,True,-1,2,0.1259847999899648,
2711,1007,advantage endgame fork short,61,35,c2d2,False,0.15844882795229537,2,-0.43341121077537537,g3f2,True,0.9662500023841858,True,-1,2,12.611372599989409,
2712,1064,attraction crushing fork long middlegame,49,42,c5d3,False,0.29218748738906875,2,-0.1001531183719635,c5b3,True,0.9674999713897705,True,-1,3,18.20524879998993,
2713,1273,crushing endgame fork short,46,44,e5e7,True,0.45045845619594743,1,0.0570780448615551,e5e7,True,0.9762499928474426,True,-1,2,12.286384999984875,
2714,1060,advancedPawn attraction crushing endgame promotion rookEndgame veryLong,82,19,b2c2,False,0.08139481437380257,4,-0.7105039358139038,b7b8,True,0.9674999713897705,True,-1,4,25.916770699986955,
2715,1071,master mate mateIn1 middlegame oneMove,32,40,h5g5,True,0.5317021671459901,1,0.433575838804245,h5g5,True,0.5325000286102295,True,-1,1,0.03191520000109449,
2716,1244,mate mateIn2 middlegame pillsburysMate short,54,33,a1h1,True,0.5675995523589853,1,0.04007266089320183,a1h1,True,0.987500011920929,True,-1,2,0.18290519999573007,
2717,1231,advancedPawn advantage fork long middlegame sacrifice,70,40,a4a5,False,0.04302950944348201,6,-0.6696445941925049,e6e7,True,0.8587499856948853,True,-1,3,19.80524390001665,
2718,1228,endgame mate mateIn2 short,62,22,e3f3,False,0.2250340003783815,2,-0.6779688596725464,e3e8,True,0.9449999928474426,True,-1,2,0.4366907999792602,
2719,1173,endgame mate mateIn2 short,71,37,f7f2,True,0.6726460724600892,1,-0.7288843393325806,f7f2,True,0.9925000071525574,False,2,2,0.10887140000704676,
2720,1342,long mate mateIn3 middlegame queensideAttack xRayAttack,50,41,e1e5,False,0.004378964873330502,12,0.15462100505828857,f8f7,False,0.0,False,0,1,6.219735499995295,
2721,1190,advancedPawn endgame mate mateIn2 pawnEndgame short,108,5,d5d6,True,0.9883793646429201,1,0.03868422657251358,d5d6,True,0.9975000023841858,True,-1,2,0.10090720001608133,
2722,1016,attraction endgame long mate mateIn3 sacrifice,84,23,e1e2,False,0.015249595520725027,11,-0.28946447372436523,h1h3,False,0.32249999046325684,False,0,1,4.391228799999226,
2723,1299,advantage deflection middlegame short,73,37,h7h6,False,0.11366780694388816,3,-0.514875054359436,g5h3,True,0.9587500095367432,True,-1,2,11.28620060000685,
2724,1051,advancedPawn crushing endgame hangingPiece long master promotion,116,4,d3d2,True,0.765087196853999,1,-0.9242355227470398,d3d2,True,0.9950000047683716,True,-1,3,18.454600600001868,
2725,1241,advantage discoveredAttack endgame master short,61,35,e3e4,True,0.7999945027943227,1,0.1383337825536728,e3e4,True,0.9912499785423279,True,-1,2,12.936261000024388,
2726,1314,endgame kingsideAttack mate mateIn2 pin sacrifice short,45,40,d4f2,True,0.5741538893490978,1,-0.6155343651771545,d4f2,True,0.9850000143051147,True,-1,2,0.26420609999331646,
2727,1047,crushing endgame pin short,78,40,h3f5,True,0.9108866565463125,1,0.06552323698997498,h3f5,True,0.9962499737739563,True,-1,2,12.229067300009774,
2728,1170,crushing discoveredCheck doubleCheck endgame fork short,56,41,g6f8,True,0.5616742918137444,1,-0.7713000774383545,g6f8,True,0.9862499833106995,True,-1,2,10.800092599994969,
2729,1352,crushing endgame hangingPiece short,97,5,b7c6,True,0.9278615170178846,1,-0.870563805103302,b7c6,True,0.9950000047683716,True,-1,2,12.320990499982145,
2730,1327,kingsideAttack mate mateIn1 middlegame oneMove,36,43,c3g7,True,0.9896896875726879,1,0.515343427658081,c3g7,True,0.9987499713897705,True,-1,1,0.022091399994678795,
2731,1321,advancedPawn advantage endgame promotion sacrifice veryLong,80,29,h2h3,False,0.16821343903549593,3,-0.14167320728302002,c6c7,True,0.8700000047683716,True,-1,5,32.109253000002354,
2732,1145,endgame master mate mateIn1 oneMove,82,27,f4f5,True,0.6864319601118245,1,-0.585690438747406,f4f5,True,0.987500011920929,True,-1,1,0.12479289999464527,
2733,1346,crushing endgame hangingPiece knightEndgame short,126,8,g3f3,False,0.2571484143599802,2,-0.2432548701763153,f2e4,True,0.9762499928474426,True,-1,2,11.988460900000064,
2734,1432,crushing deflection long middlegame,46,40,b3e6,True,0.7780772371811275,1,0.29878178238868713,b3e6,True,0.9925000071525574,True,-1,3,16.48724340001354,
2735,1304,crushing fork master middlegame short,23,44,a8d8,False,0.1353544752188919,2,0.18097379803657532,e5e4,True,0.9474999904632568,True,-1,2,11.626244799990673,
2736,1389,crushing middlegame pin short,35,32,g8g6,False,0.2563853656184635,2,-0.9959847927093506,e6h3,True,0.9762499928474426,True,-1,2,7.3068938000069465,
2737,1420,attraction endgame mate mateIn2 sacrifice short,42,39,e3f3,False,0.00037075765238193297,13,0.09919315576553345,e3f3,False,0.0,False,0,1,6.15782369999215,
2738,1216,crushing endgame fork short,54,26,g1f2,False,0.10214680773705487,2,-0.13776184618473053,f4h4,True,0.9649999737739563,True,-1,2,12.071019800001523,
2739,1035,anastasiaMate long mate mateIn3 middlegame,44,21,d5e7,True,0.17797996047242234,1,-0.9968704581260681,d5e7,True,0.9787499904632568,True,-1,3,0.6858843000081833,
2740,1105,backRankMate endgame mate mateIn2 sacrifice short,50,34,c6a6,False,0.004158592609242353,9,-0.6807083487510681,c6a6,False,0.0,False,0,1,5.633112499985145,
2741,1239,deflection endgame mate mateIn2 pin short,112,20,h4h5,False,0.05954441493309741,5,0.15021157264709473,h7f7,True,0.9524999856948853,True,-1,2,0.32253299999865703,
2742,1176,kingsideAttack mate mateIn1 middlegame oneMove,53,39,c6g2,True,0.7198607871894647,1,0.9405016899108887,c6g2,True,0.9850000143051147,True,-1,1,0.11914600001182407,
2743,1293,crushing defensiveMove endgame hangingPiece master short,56,30,b3c2,True,0.9784328455729454,1,0.16378359496593475,b3c2,True,0.9975000023841858,True,-1,2,11.693733799998881,
2744,1032,kingsideAttack long mate mateIn3 middlegame,47,34,g6h5,True,0.5065673323541137,1,-0.3743983805179596,g6h5,True,0.9637500047683716,True,-1,3,1.039422600006219,
2745,1031,advantage fork middlegame short,46,34,a3b4,False,0.22285093373913312,2,-0.7778943181037903,e4f6,True,0.9775000214576721,True,-1,2,12.921712200011825,
2746,1258,endgame mate mateIn2 short,90,13,a7a8,True,0.761379926258692,1,-0.014069454744458199,a7a8,True,0.9900000095367432,True,-1,2,0.11708500000531785,
2747,1041,crushing discoveredAttack discoveredCheck endgame long,48,27,h6g7,True,0.5541076837468881,1,-0.9739099740982056,h6g7,True,0.9800000190734863,True,-1,3,18.408901599992532,
2748,1017,crushing discoveredAttack middlegame short,36,33,e4c5,False,0.01117815669186627,13,0.8939557671546936,e4c5,False,0.35624998807907104,False,0,1,6.26081529998919,
2749,1047,kingsideAttack mate mateIn2 middlegame short,50,43,g4h5,True,0.6822049673632963,1,-0.42824020981788635,g4h5,True,0.9912499785423279,True,-1,2,0.18444640000234358,
2750,1407,crushing deflection discoveredAttack discoveredCheck kingsideAttack middlegame veryLong,38,34,d2f3,False,0.12352296272283687,3,-0.8083909153938293,h7g6,True,0.9700000286102295,True,-1,5,32.14615779998712,
2751,1192,endgame mate mateIn1 oneMove operaMate,59,29,f1f2,False,0.1739611523935473,2,0.5176620483398438,f1b1,True,0.9412500262260437,True,-1,1,0.39871589999529533,
2752,1207,crushing discoveredAttack middlegame short,61,35,a7b7,False,0.0035721397455753773,19,-0.7434072494506836,a7b7,False,0.0,False,0,1,6.451945399981923,
2753,1103,endgame fork master mate mateIn2 short,114,26,g6h6,True,0.9842261101841625,1,-0.390151709318161,g6h6,True,0.9987499713897705,True,-1,2,0.07985740000731312,
2754,1041,endgame mate mateIn1 oneMove,95,20,b7b5,True,0.6508067134714511,1,-0.8633350133895874,b7b5,True,0.9887499809265137,True,-1,1,0.09844030000385828,
2755,1008,crushing endgame rookEndgame short skewer,101,15,g5g4,True,0.5596350347933345,1,-0.11858399957418442,g5g4,True,0.981249988079071,True,-1,2,12.290241800015792,
2756,1064,mate mateIn1 middlegame oneMove,55,45,h4h3,True,0.5390831595750806,1,0.34318307042121887,h4h3,True,0.9775000214576721,True,-1,1,0.1546690999821294,
2757,1294,attraction crushing endgame fork long,69,27,g3g1,False,0.25012455841366327,3,-0.5748053789138794,g3d3,True,0.96875,True,-1,3,18.79211559999385,
2758,1003,endgame mate mateIn1 oneMove queensideAttack,47,36,b5d3,False,0.20594909252976096,3,0.9004473090171814,b5b2,True,0.8487499952316284,True,-1,1,0.9726635000261012,
2759,1085,crushing fork middlegame short,38,40,b3e3,False,0.4071991492562432,2,0.1627689152956009,c6e7,True,0.9787499904632568,True,-1,2,12.862278899992816,
2760,1224,advancedPawn advantage deflection endgame pin promotion rookEndgame short,144,18,f7f8q,False,0.015985117346626727,13,-0.17716869711875916,e7e6,True,0.6499999761581421,True,-1,2,11.384128500008956,
2761,1314,attraction kingsideAttack mate mateIn2 middlegame sacrifice short,40,39,e3d4,False,0.026434408346204714,5,-0.02344427816569805,h6h7,True,0.606249988079071,True,-1,2,2.5318183999916073,
2762,1164,mate mateIn2 middlegame short,46,42,h5h6,False,0.13924412662971986,4,0.21762028336524963,d5f6,True,0.9612500071525574,True,-1,2,0.41309560000081547,
2763,1265,crushing deflection middlegame veryLong,50,42,g6h7,True,0.8950134666669373,1,-0.5489595532417297,g6h7,True,0.9962499737739563,True,-1,4,17.620420499995816,
2764,1209,endgame mate mateIn2 operaMate short,86,27,f7f8,True,0.6994270936334757,1,-0.8017399311065674,f7f8,True,0.987500011920929,True,-1,2,0.42669119997299276,
2765,1046,mate mateIn2 middlegame short,60,29,h4h5,True,0.7019048435114961,1,0.4247860610485077,h4h5,True,0.9912499785423279,True,-1,2,0.18735089999972843,
2766,1401,advantage capturingDefender intermezzo master middlegame short,39,35,g7e5,False,0.03874520670975005,4,-0.7582940459251404,d5f3,True,0.9137499928474426,True,-1,2,12.861327799997525,
2767,1041,advantage discoveredAttack kingsideAttack long middlegame sacrifice,44,37,d3e2,False,0.0406158421272075,6,-0.16362765431404114,e4f6,True,0.9100000262260437,True,-1,3,19.426067599997623,
2768,1105,advancedPawn bishopEndgame crushing deflection endgame short,84,6,f4e5,False,0.13613548749534302,5,-0.8929718136787415,h6h7,True,0.9537500143051147,True,-1,2,12.076497099973494,
2769,1196,mate mateIn2 middlegame short,67,40,f8f2,True,0.63293094092264,1,0.037220299243927,f8f2,True,0.9887499809265137,True,-1,2,0.2619115000125021,
2770,1045,endgame mate mateIn2 short,56,39,e8g6,True,0.9466451185091834,1,-0.2133563607931137,e8g6,True,0.9962499737739563,True,-1,2,0.13100069999927655,
2771,1156,advantage endgame long pin,74,33,e1e8,True,0.3091523662066126,1,-0.9210111498832703,e1e8,True,0.9800000190734863,True,-1,3,18.14960910001537,
2772,1220,crushing endgame fork short,97,23,f7f8,False,0.22895143712661808,2,-0.7966382503509521,f6g4,True,0.9775000214576721,True,-1,2,12.619656899973052,
2773,1380,crushing endgame hangingPiece long master quietMove,102,16,g5e7,True,0.5778297085375624,1,-0.41649341583251953,g5e7,True,0.9825000166893005,True,-1,3,18.333845200017095,
2774,1312,advantage endgame short trappedPiece,57,21,f8h8,True,0.4389068460479111,1,-0.9157333970069885,f8h8,True,0.9850000143051147,True,-1,2,12.714634300005855,
2775,1182,mate mateIn1 middlegame oneMove,27,41,e5g3,True,0.8743913885885041,1,0.499980628490448,e5g3,True,0.9937499761581421,True,-1,1,0.05598260002443567,
2776,1113,deflection discoveredAttack endgame mate mateIn2 queensideAttack short,67,32,d4b2,True,0.3078124233303943,1,0.028122948482632637,d4b2,True,0.9737499952316284,True,-1,2,0.23874090000754222,
2777,1387,advantage deflection endgame short,63,27,c2e2,False,0.007254365730511404,11,-0.8144874572753906,c2e2,False,0.0,False,0,1,6.3500233000086155,
2778,1349,mate mateIn1 oneMove opening,18,41,e4d6,True,0.37390010313682137,1,-0.10965904593467712,e4d6,True,0.9800000190734863,True,-1,1,0.13799779998953454,
2779,1308,advancedPawn endgame mate mateIn2 promotion short,56,39,e6g8,True,0.31780945193935467,1,-0.030506080016493797,e6g8,True,0.981249988079071,True,-1,2,0.3440132000250742,
2780,1123,dovetailMate mate mateIn1 oneMove opening,18,37,e2e6,True,0.49548481219524093,1,0.5078674554824829,e2e6,True,0.9612500071525574,True,-1,1,0.2745160000049509,
2781,1211,advantage fork long middlegame skewer,50,40,d6d8,True,0.8578342794144679,1,0.6389067769050598,d6d8,True,0.9925000071525574,True,-1,3,19.79183820000617,
2782,1291,crushing endgame fork short,80,31,d8e7,False,0.276911813958215,2,-0.3359467685222626,b2a4,True,0.9775000214576721,True,-1,2,13.661544699978549,
2783,1420,advancedPawn crushing discoveredAttack discoveredCheck endgame long,59,24,d3d2,True,0.5355192455408377,1,-0.30254635214805603,d3d2,True,0.987500011920929,True,-1,3,16.614633599994704,
2784,1086,arabianMate endgame master mate mateIn2 short,70,32,c7c8,True,0.9137991622180264,1,-0.1068066880106926,c7c8,True,0.9950000047683716,True,-1,2,0.11090780000085942,
2785,1259,advantage fork master masterVsMaster middlegame short,27,22,d7c5,False,0.01429920075174846,7,-0.0869479849934578,e5e4,True,0.5737500190734863,True,-1,2,11.51158769999165,
2786,1253,mate mateIn1 middlegame oneMove,34,40,g4g7,True,0.8900977009641754,1,0.3446315824985504,g4g7,True,0.9962499737739563,True,-1,1,0.04321420000633225,
2787,1052,kingsideAttack mate mateIn1 middlegame oneMove,30,46,h6h7,True,0.847952767870028,1,0.2498449683189392,h6h7,True,0.9937499761581421,True,-1,1,0.06494139999267645,
2788,1403,advantage discoveredAttack middlegame short,28,45,d5e3,False,0.011762803942885116,5,-0.048881955444812775,b5c6,False,0.0012499999720603228,False,0,1,5.774915900023188,
2789,1121,attackingF2F7 mate mateIn1 oneMove opening,20,36,d5f7,True,0.7810766783774465,1,0.14686135947704315,d5f7,True,0.9900000095367432,True,-1,1,0.07565800001611933,
2790,1206,clearance kingsideAttack mate mateIn2 middlegame sacrifice short,34,45,a1d1,False,0.1502304852094248,3,-0.3696349859237671,a1d1,False,0.013749999925494194,False,0,1,6.231962599995313,
2791,1312,mate mateIn2 middlegame queensideAttack short,48,44,d6a6,False,0.2021349139045227,2,0.12573537230491638,d3e4,True,0.9750000238418579,True,-1,2,0.24532390001695603,
2792,1294,advantage fork middlegame veryLong,34,44,c6c8,True,0.4267176221470574,1,0.5130884051322937,c6c8,True,0.9599999785423279,True,-1,4,24.987506599980406,
2793,1364,crushing deflection discoveredAttack endgame short,73,22,d8d7,False,0.0005343343304323045,17,-0.08977963775396347,d8d7,False,0.0,False,0,1,6.057162200013408,
2794,1228,crushing endgame hangingPiece master short,122,16,b1a1,False,0.37574658502997677,2,-0.4871702492237091,b1b5,True,0.9624999761581421,True,-1,2,12.653922099998454,
2795,1339,long mate mateIn3 middlegame sacrifice,57,41,d7c6,False,7.409652579621302e-05,36,-0.976875901222229,d7c6,False,0.0,False,0,1,6.260755399998743,
2796,1219,mate mateIn2 middlegame short,61,33,g7g3,True,0.7155737508665455,1,-0.9923584461212158,g7g3,True,0.9900000095367432,True,-1,2,0.2136160999943968,
2797,1156,kingsideAttack mate mateIn1 middlegame oneMove,39,37,g5g2,True,0.7230503772140889,1,0.15250633656978607,g5g2,True,0.981249988079071,True,-1,1,0.1312599999946542,
2798,1329,crushing endgame hangingPiece long quietMove rookEndgame,100,15,g6h7,True,0.9479616987844586,1,0.26374876499176025,g6h7,True,0.9950000047683716,True,-1,3,19.110598400002345,
2799,1080,endgame mate mateIn1 oneMove,75,18,b3h3,False,0.22848852293017244,3,-0.49826955795288086,b4d2,True,0.9750000238418579,True,-1,1,0.13731459999689832,
2800,1021,mate mateIn1 middlegame oneMove,56,35,e5f7,True,0.8428498502777456,1,-0.40860557556152344,e5f7,True,0.9962499737739563,True,-1,1,0.04373090001172386,
2801,1385,endgame epauletteMate mate mateIn2 queenEndgame short,82,25,e7h4,True,0.36554090383610416,1,0.23497968912124634,e7h4,True,0.9787499904632568,True,-1,2,0.24934530002065003,
2802,1127,crushing fork middlegame short,39,38,f8f3,True,0.4669541093645505,1,-0.4118385314941406,f8f3,True,0.981249988079071,True,-1,2,12.919695599994157,
2803,1142,mate mateIn2 opening short,33,45,d8h4,True,0.9954297042524768,1,0.30864712595939636,d8h4,True,0.9987499713897705,True,-1,2,0.7022811000060756,
2804,1102,advantage discoveredAttack endgame long,64,29,g2g4,False,0.0469180313060537,5,-0.9579485058784485,d6f5,True,0.9387500286102295,True,-1,3,19.31835940000019,
2805,1249,mate mateIn1 middlegame oneMove swallowstailMate,61,31,h6e3,True,0.4553540209372203,1,0.21298281848430634,h6e3,True,0.9787499904632568,True,-1,1,0.1384159000008367,
2806,1265,endgame mate mateIn1 oneMove,74,32,d8f6,True,0.9606113277024688,1,0.1709761619567871,d8f6,True,0.9975000023841858,True,-1,1,0.035824499995214865,
2807,1239,advantage deflection discoveredAttack long middlegame,47,36,c6c5,False,0.004642966693465387,15,-0.5777769088745117,b6c5,False,0.0,False,0,1,6.405323899991345,
2808,1418,endgame mate mateIn2 short,57,38,g7g5,True,0.5190647597378402,1,-0.024631544947624207,g7g5,True,0.981249988079071,True,-1,2,0.2282841999840457,
2809,1027,deflection mate mateIn2 middlegame short,36,22,b8c7,True,0.8316995937204609,1,-0.16490615904331207,b8c7,True,0.9950000047683716,True,-1,2,0.15088400000240654,
2810,1268,kingsideAttack mate mateIn2 middlegame short,70,36,d5f6,True,0.5824250477308408,1,0.09583389759063721,d5f6,True,0.9837499856948853,True,-1,2,0.23446490001515485,
2811,1096,kingsideAttack master mate mateIn1 middlegame oneMove,37,41,h5h2,True,0.5006217692490049,1,0.14027033746242523,h5h2,True,0.9725000262260437,True,-1,1,0.18309619999490678,
2812,1093,deflection endgame long mate mateIn3 pin,69,36,e3c1,True,0.4492012966774967,1,-0.3935050368309021,e3c1,True,0.9837499856948853,True,-1,3,0.28997799998614937,
2813,1122,mate mateIn1 middlegame oneMove,35,34,d6d2,True,0.8265376963286197,1,-0.060904666781425476,d6d2,True,0.9937499761581421,True,-1,1,0.05796330000157468,
2814,1350,advantage discoveredAttack long middlegame,43,32,h6h5,False,0.006187092308054912,11,-0.6465190052986145,g6d6,False,0.0,False,0,1,6.033083199989051,
2815,1092,advantage middlegame pin short,27,24,f7f6,False,0.19091631639953618,3,-0.08480677753686905,e5f3,True,0.9674999713897705,True,-1,2,12.83454409998376,
2816,1130,endgame master mate mateIn1 oneMove rookEndgame,118,20,g3c3,False,0.36221922729666733,2,-0.5840853452682495,g5h5,True,0.9787499904632568,True,-1,1,0.14022930001374334,
2817,1251,hangingPiece mate mateIn1 middlegame oneMove,62,35,f8e7,True,0.7017011391663714,1,0.5256258845329285,f8e7,True,0.9925000071525574,True,-1,1,0.07715029999963008,
2818,1201,endgame mate mateIn1 oneMove,80,28,g3g8,True,0.4625221944135567,1,-0.11182934045791626,g3g8,True,0.9837499856948853,True,-1,1,0.09954779999679886,
2819,1192,endgame hookMate master mate mateIn1 oneMove,109,31,b3f3,True,0.7136748980618041,1,-0.7516550421714783,b3f3,True,0.9887499809265137,True,-1,1,0.08535219999612309,
2820,1271,crushing endgame master short skewer,100,22,c8g8,True,0.9723020227077519,1,0.18613404035568237,c8g8,True,0.9987499713897705,True,-1,2,11.049162100011017,
2821,1171,mate mateIn1 middlegame oneMove,32,53,f4h6,True,0.6450141871595858,1,-0.46374496817588806,f4h6,True,0.9612500071525574,True,-1,1,0.11681369997677393,
2822,1256,advantage fork long middlegame,36,45,b3e6,True,0.3714339836791293,1,-0.18977956473827362,b3e6,True,0.9112499952316284,True,-1,3,18.330201500008116,
2823,1151,advantage fork master middlegame short,69,26,f7g7,False,0.06294638159943024,3,0.5006235241889954,f3d2,True,0.9537500143051147,True,-1,2,12.53416769998148,
2824,1191,mate mateIn2 middlegame short,55,41,h7h6,False,0.2309813904207482,2,-0.7602166533470154,e6e1,True,0.9750000238418579,True,-1,2,0.23944249999476597,
2825,1071,endgame mate mateIn2 sacrifice short,60,40,e5f6,False,0.3078104588684361,2,-0.6761428713798523,h3h6,True,0.9775000214576721,True,-1,2,0.240002500009723,
2826,1230,crushing fork master middlegame short,37,34,e7f5,False,0.1408532961255099,2,0.37164071202278137,e5f3,True,0.9474999904632568,True,-1,2,12.797243000008166,
2827,1060,mate mateIn1 middlegame oneMove,31,43,d4e2,True,0.25347753167038767,1,0.3949676752090454,d4e2,True,0.9775000214576721,True,-1,1,0.14831220000633039,
2828,1146,crushing fork master middlegame short,31,32,a7a6,False,0.17718151412413205,2,-0.7686213254928589,d7d2,True,0.9712499976158142,True,-1,2,12.423022899980424,
2829,1030,crushing fork master middlegame short,43,38,h4f6,False,0.20750990709846023,3,-0.6926026344299316,e5f3,True,0.9750000238418579,True,-1,2,12.5285445000045,
2830,1314,advantage endgame fork short,69,28,c4e5,True,0.5319389154354595,1,-0.8074215054512024,c4e5,True,0.9825000166893005,True,-1,2,13.038898300001165,
2831,1383,endgame mate mateIn1 oneMove,70,33,d4c5,False,0.04137420823183442,10,-0.2831436097621918,f5h6,True,0.9237499833106995,True,-1,1,0.5479975999915041,
2832,1283,crushing fork middlegame short,50,28,e1e6,True,0.9458144675013103,1,-0.2626134753227234,e1e6,True,0.9962499737739563,True,-1,2,12.870885700016515,
2833,1387,advantage endgame hangingPiece master short,54,25,d5e3,True,0.9299873812082059,1,-0.35579168796539307,d5e3,True,0.9962499737739563,True,-1,2,12.947287099988898,
2834,1268,advancedPawn crushing endgame fork long,94,12,g2g4,False,0.07593534082364325,4,-0.9683772921562195,f5d6,True,0.9662500023841858,True,-1,3,18.800677299994277,
2835,1422,advantage fork middlegame short,57,32,f7e7,False,0.15365724720863608,3,-0.45561203360557556,c8c5,True,0.9649999737739563,True,-1,2,12.4445890999923,
2836,1156,advantage discoveredAttack kingsideAttack middlegame short,40,42,e4f3,False,0.034414359061698804,7,-0.16794587671756744,e4h7,True,0.8525000214576721,True,-1,2,12.796530699997675,
2837,1389,crushing discoveredAttack opening short,23,45,d5d1,False,0.055332239224881896,3,0.5584092736244202,d5c5,True,0.9337499737739563,True,-1,2,11.62971410001046,
2838,1003,mate mateIn1 middlegame oneMove,25,44,h6h2,True,0.38909616336571706,1,-0.033289290964603424,h6h2,True,0.9787499904632568,True,-1,1,0.1581910999957472,
2839,1218,endgame mate mateIn2 short,60,41,g5h6,True,0.8011694568114973,1,-0.5671743154525757,g5h6,True,0.9925000071525574,True,-1,2,0.23340769999776967,
2840,1087,advantage endgame fork short,84,19,d4d5,False,0.0396395711062142,4,-0.07687554508447647,d4d5,False,0.3174999952316284,False,0,1,6.305839799984824,
2841,1045,crushing endgame rookEndgame short skewer,76,27,h4h7,True,0.4692843852712286,1,-0.09999845176935196,h4h7,True,0.9800000190734863,True,-1,2,12.778985899989493,
2842,1027,advancedPawn crushing discoveredAttack endgame long rookEndgame,117,11,h6g6,False,0.010605266456950691,7,0.03485912084579468,h6g6,False,0.2887499928474426,False,0,1,6.523610100004589,
2843,1117,advantage discoveredAttack endgame fork long,45,29,d2e4,False,0.030254223523804604,2,-0.8038597702980042,d2f3,True,0.875,True,-1,3,18.132216700003482,
2844,1386,endgame long mate mateIn3 sacrifice,73,31,g1h1,False,0.037666500529827056,6,-0.021747509017586708,f3g4,True,0.9175000190734863,True,-1,3,0.5295043000078294,
2845,1188,advantage attraction deflection long middlegame pin sacrifice,64,38,e1e6,True,0.4799012218471001,1,-0.28255149722099304,e1e6,True,0.9775000214576721,True,-1,3,17.445647199987434,
2846,1163,kingsideAttack long master masterVsMaster mate mateIn3 middlegame sacrifice,47,45,e8f8,False,0.0001521095736724984,32,0.1425820142030716,c5c7,False,0.0,False,0,1,6.070052199997008,
2847,1308,crushing discoveredAttack master middlegame short,48,42,f1f2,False,0.009238621597064185,6,0.10713370144367218,f1f2,False,0.10374999791383743,False,0,1,5.918745200004196,
2848,1094,crushing endgame master masterVsMaster rookEndgame short skewer,112,17,b8b4,True,0.9387024879226257,1,0.20023775100708008,b8b4,True,0.9950000047683716,True,-1,2,12.802521800011164,
2849,1150,advantage endgame fork long sacrifice,66,30,c3d5,True,0.3660438066221708,1,-0.712696373462677,c3d5,True,0.9775000214576721,True,-1,3,18.357149800023763,
2850,1279,discoveredCheck doubleCheck long mate mateIn3 middlegame sacrifice smotheredMate,67,36,f2d3,False,0.05151157277132333,3,-0.07370734214782715,f2d3,False,0.0012499999720603228,False,0,1,6.2363327000057325,
2851,1074,crushing discoveredAttack kingsideAttack master middlegame short,38,41,d3e4,False,0.14466257798107016,3,-0.16889435052871704,d3h7,True,0.9662500023841858,True,-1,2,12.722428399982164,
2852,1047,endgame mate mateIn2 queenEndgame short,115,24,e1e7,True,0.41539529537859315,1,-0.399865984916687,e1e7,True,0.9837499856948853,True,-1,2,0.27237640001112595,
2853,1247,attraction kingsideAttack mate mateIn2 middlegame pillsburysMate sacrifice short,46,41,f3h3,False,0.00132014198397552,19,-0.3627268970012665,f3h3,False,0.0,False,0,1,6.07663880000473,
2854,1279,crushing discoveredAttack endgame exposedKing long,85,21,a7b6,False,0.2481343377520285,2,-0.3980950713157654,d3d1,True,0.9700000286102295,True,-1,3,19.202658199996222,
2855,1175,deflection endgame mate mateIn2 short,42,34,g4g6,True,0.6027674684468465,1,0.8112265467643738,g4g6,True,0.9750000238418579,True,-1,2,0.2578673000098206,
2856,1092,crushing discoveredAttack endgame short,63,28,b7g2,True,0.5885880091335307,1,0.24669115245342255,b7g2,True,0.9850000143051147,True,-1,2,13.703739799995674,
2857,1209,attraction crushing endgame exposedKing long sacrifice skewer,50,28,g2g3,False,8.534563860943564e-05,27,-0.1610417366027832,g2g3,False,0.0,False,0,1,6.375158899987582,
2858,1182,endgame fork long mate mateIn3,55,31,c4d3,False,0.02491724260302011,2,0.5740108489990234,c4d3,False,0.0012499999720603228,False,0,1,4.9822268999996595,
2859,1334,advancedPawn crushing endgame sacrifice veryLong,78,16,b3c2,True,0.973465378917493,1,-0.29618850350379944,b3c2,True,0.9975000023841858,True,-1,4,23.244151599996258,
2860,1354,advancedPawn kingsideAttack mate mateIn2 opening short xRayAttack,28,36,g6h7,True,0.4543038362316262,1,-0.2973552346229553,g6h7,True,0.9837499856948853,True,-1,2,0.2506730000022799,
2861,1142,kingsideAttack mate mateIn2 middlegame short,48,40,e4f6,True,0.5125545375980741,1,-0.0005795916658826172,e4f6,True,0.981249988079071,True,-1,2,0.17585189998499118,
2862,1153,advantage fork middlegame short,18,34,a4b5,True,0.9826398185983889,1,0.022486230358481407,a4b5,True,0.9975000023841858,True,-1,2,12.366435000003548,
2863,1113,crushing fork master middlegame short,41,26,d8d4,False,0.20629640449206785,2,-0.6286440491676331,c3e2,True,0.9762499928474426,True,-1,2,11.889743000007002,
2864,1259,crushing discoveredCheck doubleCheck middlegame short,35,44,a8f8,False,0.04779352657481252,4,0.07998641580343246,e5d3,True,0.9375,True,-1,2,12.942329300014535,
2865,1154,advantage endgame fork short,73,21,e4c3,True,0.6173412514962389,1,-0.9546828269958496,e4c3,True,0.9900000095367432,True,-1,2,12.073269599990454,
2866,1232,mate mateIn1 middlegame oneMove,45,50,c2d1,False,0.1520349119200202,2,0.4476500153541565,d2c1,True,0.9012500047683716,True,-1,1,0.33615930000087246,
2867,1302,attackingF2F7 mate mateIn1 oneMove opening,17,45,h4f2,True,0.851351094972623,1,0.2866533696651459,h4f2,True,0.9937499761581421,True,-1,1,0.06038180002360605,
2868,1180,endgame long mate mateIn3,48,40,f6g7,True,0.4319796427501914,1,0.2709795832633972,f6g7,True,0.9750000238418579,False,4,3,0.4128707000054419,
2869,1209,hangingPiece mate mateIn1 middlegame oneMove,36,27,b7c8,True,0.9075724155878299,1,0.1683415323495865,b7c8,True,0.9975000023841858,True,-1,1,0.026413399988086894,
2870,1135,mate mateIn1 middlegame oneMove,69,39,e2d2,True,0.5433374649792065,1,-0.4156619608402252,e2d2,True,0.9837499856948853,True,-1,1,0.12999019998824224,
2871,1046,advantage fork middlegame short,51,32,e5g5,True,0.7681524474603857,1,-0.5324407815933228,e5g5,True,0.9900000095367432,True,-1,2,12.531432699994184,
2872,1013,endgame mate mateIn1 oneMove operaMate,63,31,b2h2,True,0.5476419292420573,1,-0.32134562730789185,b2h2,True,0.987500011920929,True,-1,1,0.09983389999251813,
2873,1085,crushing middlegame pin short,35,43,d6c5,True,0.8060912106902117,1,0.41489824652671814,d6c5,True,0.9887499809265137,True,-1,2,12.785766699991655,
2874,1314,endgame mate mateIn1 oneMove,66,34,c5f8,True,0.5521833050813141,1,0.26312318444252014,c5f8,True,0.5625,True,-1,1,0.022805099986726418,
2875,1012,advancedPawn crushing deflection endgame pawnEndgame veryLong,72,5,d4e5,True,0.5138832359612274,1,0.05848028510808945,d4e5,True,0.9375,True,-1,4,18.14166550000664,
2876,1309,attackingF2F7 mate mateIn1 oneMove opening,16,36,c4f7,True,0.830019928256442,1,-0.41562703251838684,c4f7,True,0.9937499761581421,True,-1,1,0.07929750002222136,
2877,1165,master mate mateIn1 middlegame oneMove,47,45,b2c2,True,0.5177863906929364,1,0.11512083560228348,b2c2,True,0.9800000190734863,True,-1,1,0.14949469998828135,
2878,1321,advantage defensiveMove hangingPiece opening short,30,2,g1h2,True,0.9322481943160401,1,-0.5770959854125977,g1h2,True,0.9950000047683716,False,2,2,12.123817800020333,
2879,1276,mate mateIn2 middlegame short,58,34,h3h8,True,0.7357850148266168,1,-0.5754844546318054,h3h8,True,0.9912499785423279,True,-1,2,0.2772145999770146,
2880,1283,advancedPawn crushing endgame hangingPiece master rookEndgame short,59,20,b8b1,True,0.9009694739800639,1,0.7448567748069763,b8b1,True,0.9962499737739563,True,-1,2,12.534673699992709,
2881,1018,endgame hookMate mate mateIn1 oneMove,86,27,f5e7,False,0.16582665829664847,2,-0.042635221034288406,b7g7,True,0.9649999737739563,True,-1,1,0.23304449999704957,
2882,1256,endgame master mate mateIn1 oneMove,69,21,b2d4,True,0.5073728918898939,1,0.3863632082939148,b2d4,True,0.9762499928474426,True,-1,1,0.15829600000870414,
2883,1355,bishopEndgame crushing defensiveMove endgame hangingPiece master short,123,9,e5f6,False,0.21548921413323116,2,-0.21930180490016937,e5e6,True,0.8924999833106995,True,-1,2,12.17279499999131,
2884,1445,attraction crushing endgame fork long,51,38,g6f4,False,0.0462684419978288,4,-0.19005388021469116,h3e6,False,0.0037499999161809683,False,0,1,6.2298734999785665,
2885,1183,kingsideAttack mate mateIn2 middlegame short,46,41,f2f6,True,0.8295299407937334,1,-0.6161245703697205,f2f6,True,0.9950000047683716,True,-1,2,0.138228199997684,
2886,1045,crushing endgame fork long queenRookEndgame,98,26,d4d5,True,0.47211393892202436,1,-0.8182815909385681,d4d5,True,0.981249988079071,True,-1,3,19.647336599999107,
2887,1308,endgame mate mateIn2 short,79,35,e7g5,True,0.8499688589058958,1,-0.46323952078819275,e7g5,True,0.9912499785423279,True,-1,2,0.19898610000382178,
2888,1131,backRankMate endgame long mate mateIn3 sacrifice,82,33,e7c7,True,0.4483132918010329,1,0.1857745349407196,g2g4,False,0.38874998688697815,False,0,1,6.323249600012787,
2889,1362,advantage endgame pin short,79,23,e7g5,False,0.021646610788842165,4,-0.2875720262527466,e7g5,False,0.0012499999720603228,False,0,1,6.512447899993276,
2890,1405,advantage endgame pin short,56,26,f5e7,True,0.4409012494156047,1,-0.8660902380943298,f5e7,True,0.9837499856948853,True,-1,2,13.560988899989752,
2891,1217,mate mateIn1 middlegame oneMove,25,49,h4h3,True,0.7353080594803308,1,0.25008389353752136,h4h3,True,0.9900000095367432,True,-1,1,0.11036359998979606,
2892,1203,crushing endgame long skewer,111,23,c1c3,False,0.12881320863986945,3,-0.14838193356990814,c1h6,True,0.9449999928474426,True,-1,3,18.42526839999482,
2893,1303,endgame mate mateIn2 operaMate short,75,33,c8c1,True,0.317349135038499,1,0.33392536640167236,c8c1,True,0.9649999737739563,True,-1,2,0.6607823999947868,
2894,1288,kingsideAttack mate mateIn1 middlegame oneMove,30,43,c3g7,True,0.8631382303841324,1,-0.1726074069738388,c3g7,True,0.9950000047683716,True,-1,1,0.04959720000624657,
2895,1135,kingsideAttack mate mateIn2 middlegame short,38,27,d1g4,True,0.7306681620888507,1,-0.624424397945404,d1g4,True,0.9900000095367432,True,-1,2,0.13347580001573078,
2896,1345,kingsideAttack mate mateIn2 middlegame sacrifice short xRayAttack,39,42,e8e6,False,0.0005183698111640471,29,-0.17163653671741486,e8e6,False,0.0,False,0,1,6.395136699982686,
2897,1325,advantage attraction deflection endgame sacrifice short,72,34,d1d8,True,0.8647855627614053,1,0.2814120054244995,d1d8,True,0.9950000047683716,True,-1,2,12.54941759997746,
2898,1170,crushing discoveredAttack endgame short,69,39,h6h5,False,0.0025579492445962962,19,0.21156716346740723,d3e3,False,0.0,False,0,1,6.536120700009633,
2899,1010,crushing endgame fork short,68,38,f1f8,True,0.5972022199673482,1,0.12428708374500275,f1f8,True,0.9674999713897705,True,-1,2,11.570658899989212,
2900,1444,crushing hangingPiece middlegame short,62,37,b3c4,True,0.8061591311249792,1,0.5355942845344543,b3c4,True,0.9912499785423279,True,-1,2,13.077826699998695,
2901,1279,clearance kingsideAttack mate mateIn2 middlegame sacrifice short,42,35,e4c5,False,0.00985756802034931,5,0.17600765824317932,e4c5,False,0.0024999999441206455,False,0,1,6.279380599997239,
2902,1133,kingsideAttack mate mateIn2 middlegame short,35,42,d2f3,True,0.9078646352919995,1,0.009165879338979721,d2f3,True,0.9962499737739563,True,-1,2,0.12934789998689666,
2903,1031,mate mateIn2 middlegame short,62,39,e3h6,True,0.9498073092250494,1,0.18253204226493835,e3h6,True,0.9975000023841858,True,-1,2,0.09124940002220683,
2904,1083,advantage fork middlegame short,54,36,f4f6,True,0.557366527387376,1,-0.34457021951675415,f4f6,True,0.981249988079071,True,-1,2,13.216180499992333,
2905,1148,advantage middlegame pin short,35,43,b8d7,False,0.2821354960348683,2,-0.5715713500976562,f5g4,True,0.9787499904632568,True,-1,2,11.531445599975996,
2906,1150,advantage endgame fork short,94,21,a4a5,False,0.17467495459663016,2,-0.8532519936561584,f3d4,True,0.9712499976158142,True,-1,2,11.408179699996253,
2907,1213,endgame mate mateIn1 oneMove rookEndgame,103,20,e5e4,False,0.32063209084721156,2,0.10393763333559036,b2b1,True,0.9712499976158142,True,-1,1,0.2187551999813877,
2908,1154,advantage discoveredAttack kingsideAttack long middlegame,49,38,f7g6,False,0.3021620269245425,2,-0.949343740940094,e5e1,True,0.96875,True,-1,3,18.164462999993702,
2909,1112,mate mateIn1 middlegame oneMove,64,35,a1a5,False,0.08504411060972057,3,-0.9817084074020386,g2a8,True,0.9712499976158142,True,-1,1,0.12590760001330636,
2910,1039,endgame mate mateIn2 short,57,33,f6f2,True,0.9029778863881631,1,-0.43247437477111816,f6f2,True,0.9975000023841858,True,-1,2,0.06829200001084246,
2911,1120,crushing hangingPiece opening short,13,30,h7h6,False,0.021536256921964845,7,0.21263659000396729,f6e4,True,0.7887499928474426,True,-1,2,12.327326099999482,
2912,1003,crushing endgame short skewer,86,16,h5g4,True,0.3742634948655145,1,-0.99500972032547,h5g4,True,0.9837499856948853,True,-1,2,7.736525199987227,
2913,1003,mate mateIn1 middlegame oneMove smotheredMate,56,19,h6f7,True,0.837789494575671,1,-0.3560130000114441,h6f7,True,0.9925000071525574,True,-1,1,0.06703420000849292,
2914,1282,endgame mate mateIn2 short,58,35,d1d8,True,0.48788191582172435,1,0.40466704964637756,d1d8,True,0.9800000190734863,True,-1,2,0.418865999992704,
2915,1230,mate mateIn2 middlegame short,83,32,h3h2,True,0.5057632425275683,1,0.45153409242630005,h3h2,True,0.9787499904632568,True,-1,2,0.3284034999960568,
2916,1231,crushing discoveredAttack long middlegame,44,46,c6e7,True,0.4995677463204741,1,-0.5310897827148438,c6e7,True,0.9637500047683716,True,-1,3,19.382268600020325,
2917,1353,advantage fork long middlegame,48,36,d1d5,False,0.18874957185415112,2,0.049805499613285065,e1e7,True,0.9662500023841858,True,-1,3,17.99061099998653,
2918,1027,advantage discoveredAttack middlegame short,32,48,e5d6,False,0.02014369103841808,7,-0.8678292036056519,d3g6,True,0.7724999785423279,True,-1,2,12.550937000021804,
2919,1154,endgame master mate mateIn2 rookEndgame short,79,26,e2e7,False,0.19847991449308805,2,-0.9939097166061401,d8f8,True,0.9775000214576721,True,-1,2,0.2748468999925535,
2920,1406,advantage deflection endgame long master,77,34,e7b7,True,0.4384846058902559,1,-0.3219432234764099,b2a2,False,0.10499999672174454,False,0,1,6.427013900014572,
2921,1387,endgame mate mateIn2 pin short,69,31,e8f8,False,0.06537704916384414,6,0.08472716808319092,g5f3,True,0.9437500238418579,True,-1,2,0.4995364000205882,
2922,1100,crushing endgame fork short,39,41,f3h3,True,0.38156468003346544,1,0.05427221208810806,f3h3,True,0.9712499976158142,True,-1,2,12.285258799995063,
2923,1054,advantage endgame fork long,53,27,b2c1,True,0.9936118904148179,1,-0.6998041868209839,b2c1,True,0.9987499713897705,True,-1,3,18.30128670000704,
2924,1003,endgame epauletteMate mate mateIn2 short,82,31,g7f5,False,0.16478146456217782,2,-0.1348995417356491,e1d1,True,0.9637500047683716,True,-1,2,0.3228100000123959,
2925,1409,crushing endgame intermezzo pin rookEndgame short,70,15,f1f2,False,0.022642068626164625,2,0.3388027250766754,f1f2,False,0.0012499999720603228,False,0,1,6.099176499992609,
2926,1273,advantage endgame fork long,72,25,g3f5,True,0.6164055689960785,1,-0.978246808052063,g3f5,True,0.9850000143051147,True,-1,3,18.821970199991483,
2927,1301,discoveredAttack discoveredCheck endgame mate mateIn2 short,50,23,g5e6,True,0.33441761339981985,1,0.27779120206832886,g5e6,True,0.9762499928474426,True,-1,2,0.3161911999923177,
2928,1351,advantage endgame fork short,78,18,g5e5,True,0.8842148394921896,1,-0.31007832288742065,g5e5,True,0.9950000047683716,True,-1,2,12.535733400000026,
2929,1080,crushing discoveredAttack endgame short,59,30,e5f4,False,0.2365029358748038,2,0.10638226568698883,e4f2,True,0.9574999809265137,True,-1,2,12.81058559997473,
2930,1422,advantage middlegame pin short,34,26,d2f3,False,0.2116411853164606,2,-0.9453455805778503,d2e4,True,0.9775000214576721,True,-1,2,12.673051099991426,
2931,1416,endgame master mate mateIn1 oneMove rookEndgame,108,19,c6d7,False,0.039109822815419235,6,-0.036289799958467484,b3a3,True,0.9162499904632568,True,-1,1,0.5805688999826089,
2932,1050,crushing endgame fork long master,76,13,f6e7,False,0.02776417261249948,2,-0.41809818148612976,c6c8,True,0.8550000190734863,True,-1,3,19.75075010000728,
2933,1394,mate mateIn1 middlegame oneMove,93,33,f4f3,False,0.06220859970172604,2,0.8914502263069153,f4g3,True,0.9162499904632568,True,-1,1,0.47971859999233857,
2934,1379,kingsideAttack mate mateIn2 middlegame short,36,43,f4e5,True,0.6992566941829845,1,0.33968213200569153,f4e5,True,0.9862499833106995,True,-1,2,0.21577859998797067,
2935,1176,mate mateIn1 oneMove opening pin smotheredMate,14,32,e4f6,False,0.0005946116647748917,18,0.14965932071208954,g2g3,False,0.0,False,0,1,6.216677599994,
2936,1153,mate mateIn2 middlegame short,35,37,h4f2,True,0.4309762516628588,1,-0.5523942112922668,h4f2,True,0.981249988079071,True,-1,2,0.2061526000034064,
2937,1002,kingsideAttack mate mateIn2 middlegame short,36,36,e1e8,True,0.6871110625251865,1,-0.10313016176223755,e1e8,True,0.9900000095367432,True,-1,2,0.48433039998053573,
2938,1256,balestraMate mate mateIn2 middlegame short,43,34,e3d3,False,0.3444372837256324,2,-0.4012582004070282,d7a4,True,0.9800000190734863,True,-1,2,0.4994056999858003,
2939,1071,endgame mate mateIn1 oneMove swallowstailMate,99,44,c3e3,True,0.7434368612627063,1,0.07170907407999039,c3e3,True,0.9862499833106995,True,-1,1,0.10717850000946783,
2940,1141,endgame mate mateIn1 oneMove rookEndgame,59,22,c7d6,False,0.020370279702394196,2,0.3636178970336914,h6h5,True,0.7537500262260437,True,-1,1,1.5570303999993484,
2941,1444,crushing exposedKing long middlegame sacrifice,48,36,e2e8,True,0.7736592952973876,1,0.8058269023895264,e2e8,True,0.8462499976158142,True,-1,3,11.72932139999466,
2942,1122,crushing endgame fork short,64,27,a4c5,True,0.5474686577594253,1,0.0890105739235878,a4c5,True,0.9825000166893005,True,-1,2,12.187969200022053,
2943,1061,endgame master mate mateIn1 oneMove swallowstailMate,64,31,b8c7,False,0.32829033773536787,2,0.08050677180290222,b8g8,True,0.9662500023841858,True,-1,1,0.19895469999755733,
2944,1326,crushing endgame queenRookEndgame short skewer,75,24,g1e1,True,0.3869367807353918,1,-0.9729934334754944,g1e1,True,0.9762499928474426,True,-1,2,12.67304119997425,
2945,1056,endgame mate mateIn2 short,60,32,c4h4,True,0.789215129735611,1,-0.3926001787185669,c4h4,True,0.9925000071525574,True,-1,2,0.11342000000877306,
2946,1336,advancedPawn crushing endgame long trappedPiece,82,19,b5b6,True,0.9264457830572631,1,-0.32305777072906494,b5b6,True,0.9962499737739563,True,-1,3,20.31792930001393,
2947,1070,crushing discoveredCheck doubleCheck middlegame short,44,32,b5c7,False,0.23025810164202667,2,-0.8870080709457397,b5d6,True,0.9712499976158142,True,-1,2,13.238978000008501,
2948,1255,advantage endgame fork master short,108,24,a4a6,False,0.11477389103892072,4,-0.9425959587097168,e2c4,True,0.9750000238418579,True,-1,2,12.048288299993146,
2949,1361,advancedPawn mate mateIn2 middlegame promotion short,51,50,e8e1,True,0.929007067200567,1,0.3125489056110382,e8e1,True,0.9975000023841858,True,-1,2,0.12167749999207444,
2950,1210,endgame mate mateIn1 oneMove,74,24,f8d8,True,0.5642306101329095,1,0.47669732570648193,f8d8,True,0.9825000166893005,True,-1,1,0.1289311999862548,
2951,1408,crushing endgame fork short,64,27,a5e1,False,0.15740785276938524,3,0.17867395281791687,a5a8,True,0.9624999761581421,True,-1,2,12.186102300009225,
2952,1269,advantage fork long middlegame,74,32,b7c8,True,0.31150540572136715,1,-0.6971971392631531,b7c8,True,0.9825000166893005,True,-1,3,18.43753240001388,
2953,1323,endgame mate mateIn1 oneMove,71,34,f1g1,True,0.6884281561925525,1,0.10161848366260529,f1g1,True,0.981249988079071,True,-1,1,0.12180509997415356,
2954,1299,advantage discoveredAttack middlegame short,51,29,c8b8,False,0.33164628704313986,2,-0.09724956750869751,c7b6,True,0.9712499976158142,True,-1,2,12.35856339999009,
2955,1281,backRankMate long mate mateIn3 middlegame sacrifice,50,35,c2c7,True,0.8253271747358318,1,0.6794555187225342,c2c7,True,0.9912499785423279,True,-1,3,0.505692699982319,
2956,1050,mate mateIn1 middlegame oneMove,53,37,e6c4,True,0.8876499415713583,1,-0.8935943841934204,e6c4,True,0.9950000047683716,True,-1,1,0.04407309999805875,
2957,1100,endgame mate mateIn1 oneMove rookEndgame,81,31,g8h8,False,0.14586049551751884,2,0.2655580937862396,c7h7,True,0.956250011920929,True,-1,1,0.27264999999897555,
2958,1307,kingsideAttack mate mateIn2 middlegame short,41,32,h4h1,True,0.7351597028339539,1,0.2265717089176178,h4h1,True,0.9925000071525574,True,-1,2,0.40573880000738427,
2959,1070,advancedPawn deflection endgame mate mateIn2 promotion short,132,16,f6f7,True,0.35050087670850105,1,0.08400493860244751,f6f7,True,0.9674999713897705,True,-1,2,0.4166559999866877,
2960,1082,endgame mate mateIn1 oneMove,73,32,b1e4,True,0.6072336583927618,1,0.46825656294822693,b1e4,True,0.9837499856948853,True,-1,1,0.1268844000005629,
2961,1069,mate mateIn1 middlegame oneMove,32,35,e1c1,False,0.0014771248568673655,23,-0.7276251316070557,e1c1,False,0.0,False,0,1,6.490931200009072,
2962,1167,mate mateIn1 oneMove opening smotheredMate,20,50,d5f6,True,0.7352065597564119,1,0.4880499541759491,d5f6,True,0.981249988079071,True,-1,1,0.19764800000120886,
2963,1099,endgame hangingPiece mate mateIn2 short,60,24,g4g5,True,0.7819714754318534,1,0.25455716252326965,g4g5,True,0.9900000095367432,True,-1,2,0.2217088000033982,
2964,1075,endgame mate mateIn2 short,65,20,d2f3,True,0.3843936829510083,1,-0.19804717600345612,d2f3,True,0.9825000166893005,True,-1,2,0.36010370001895353,
2965,1384,mate mateIn2 middlegame short,41,36,d8b6,True,0.7848669324907585,1,-0.424987256526947,d8b6,True,0.9925000071525574,True,-1,2,0.1789367999881506,
2966,1229,mate mateIn2 middlegame sacrifice short,46,30,f3h3,True,0.7477886269286027,1,-0.730621874332428,f3h3,True,0.981249988079071,True,-1,2,0.13069619997986592,
2967,1041,mate mateIn2 middlegame queensideAttack short,36,44,a4a6,True,0.9882730706109293,1,0.5193115472793579,a4a6,True,0.9987499713897705,True,-1,2,0.17087530001299456,
2968,1220,advantage fork opening short,16,28,c1d2,False,0.26055596364417694,2,-0.18659543991088867,d1a4,True,0.9649999737739563,True,-1,2,12.523046999995131,
2969,1422,advantage discoveredAttack long master middlegame pin,48,33,c3e4,True,0.7186245919096249,1,-0.6887860298156738,c3e4,True,0.987500011920929,True,-1,3,19.168612599984044,
2970,1073,mate mateIn2 opening short,13,39,c5f2,True,0.458853637284983,1,-0.5207921266555786,c5f2,True,0.9712499976158142,True,-1,2,4.2163476000132505,
2971,1392,advantage deflection middlegame short,53,40,e7c5,False,0.0013405102788737015,15,-0.0629524514079094,e7c5,False,0.0,False,0,1,5.953131200018106,
2972,1073,advantage endgame fork short,85,33,d6d5,True,0.8794073343981667,1,-0.16937284171581268,d6d5,True,0.9925000071525574,True,-1,2,11.884451199992327,
2973,1393,kingsideAttack mate mateIn1 middlegame oneMove,51,36,g5g2,True,0.6904610792875319,1,0.2687487006187439,g5g2,True,0.9862499833106995,True,-1,1,0.1419385999906808,
2974,1340,advantage long middlegame pin,31,31,d8f6,False,0.12715507437763554,3,-0.17718955874443054,f8e8,True,0.956250011920929,True,-1,3,18.788256500003627,
2975,1278,crushing deflection endgame short,51,38,c7c1,True,0.42447769724270507,1,-0.0233612060546875,c7c1,True,0.8349999785423279,True,-1,2,11.763514599995688,
2976,1320,advantage attraction fork long middlegame pin sacrifice,78,50,a6e6,False,0.0024989084385469346,27,-0.9854066967964172,a6e6,False,0.0,False,0,1,6.522851100016851,
2977,1014,endgame master mate mateIn1 oneMove pillsburysMate,44,32,g3f4,False,0.2939511250260232,2,0.2847808301448822,e5e8,True,0.9775000214576721,True,-1,1,0.18308370001614094,
2978,1240,advantage endgame master pin short,53,21,f6e4,True,0.24947066500718085,1,-0.7296584248542786,f6e4,True,0.9800000190734863,True,-1,2,13.440296399989165,
2979,1165,long mate mateIn3 middlegame,41,44,d8d1,True,0.6266170304639959,1,-0.020504720509052277,d8d1,True,0.9862499833106995,True,-1,3,0.25501269998494536,
2980,1379,crushing fork master opening short,19,47,d5c3,False,0.012573759220547643,9,0.14830487966537476,d8h4,True,0.46875,True,-1,2,12.434127999993507,
2981,1242,cornerMate fork intermezzo mate mateIn2 middlegame short,66,34,g4g6,True,0.7438873012664023,1,0.5730636119842529,g4g6,True,0.9912499785423279,True,-1,2,0.13562640000600368,
2982,1143,mate mateIn2 middlegame short,57,27,a7f2,True,0.7560071873232008,1,-0.9615960121154785,a7f2,True,0.987500011920929,True,-1,2,0.1589226999785751,
2983,1169,endgame mate mateIn2 queenEndgame short,99,23,f1f5,True,0.7947640936811138,1,-0.4475272595882416,f1f5,True,0.9950000047683716,True,-1,2,0.1443528000090737,
2984,1070,mate mateIn1 middlegame oneMove,54,38,f5h7,True,0.7984183230010491,1,-0.5826438069343567,f5h7,True,0.9925000071525574,True,-1,1,0.06586820000666194,
2985,1227,endgame mate mateIn1 oneMove,56,28,d1d8,True,0.6022889298857871,1,0.08346647769212723,d1d8,True,0.987500011920929,True,-1,1,0.09426070001791231,
2986,1179,kingsideAttack mate mateIn1 middlegame oneMove,44,36,h1f1,False,0.15225643020714136,2,-0.87941575050354,d4g7,True,0.9762499928474426,True,-1,1,0.14963110000826418,
2987,1434,advantage endgame pin short,78,36,h3g4,False,0.22636025094611636,2,-0.41072043776512146,h3h4,False,0.038750000298023224,False,0,1,5.919343499990646,
2988,1210,endgame mate mateIn2 sacrifice short,87,29,d3d4,False,0.466364270270481,2,0.087821826338768,b3a3,True,0.9612500071525574,True,-1,2,0.22827019999385811,
2989,1205,advantage endgame fork long master pin,72,39,c7d7,False,0.39355978786558965,2,0.3388408124446869,f7d8,True,0.981249988079071,True,-1,3,18.00433680001879,
2990,1239,kingsideAttack mate mateIn2 middlegame short,48,32,c2h7,True,0.9157809441389986,1,-0.7264226675033569,c2h7,True,0.9925000071525574,True,-1,2,0.2371872999938205,
2991,1086,kingsideAttack mate mateIn2 middlegame short,64,41,g4g7,True,0.7195428091712663,1,0.46105995774269104,g4g7,True,0.987500011920929,True,-1,2,0.16642349999165162,
2992,1226,crushing endgame fork queenRookEndgame short,102,15,g4e4,True,0.40656678425410947,1,0.019593071192502975,g4e4,True,0.9737499952316284,True,-1,2,12.604577699996298,
2993,1434,crushing deflection opening short,28,54,c3e4,True,0.34400402192819457,1,-0.5016586184501648,c3e4,True,0.9825000166893005,True,-1,2,12.18776460000663,
2994,1293,advantage hangingPiece middlegame short,57,3,f8f7,True,0.8603723638426498,1,-0.3251662850379944,f8f7,True,0.9975000023841858,True,-1,2,11.34800460000406,
2995,1058,mate mateIn1 middlegame oneMove,33,36,a8h8,True,0.9696442187784611,1,-0.18016399443149567,a8h8,True,0.9987499713897705,True,-1,1,0.03416589999687858,
2996,1165,blindSwineMate endgame mate mateIn1 oneMove,85,27,g2h2,False,0.09871282653982667,2,0.16295930743217468,c2f2,True,0.9649999737739563,True,-1,1,0.20782250000047497,
2997,1357,attraction endgame long mate mateIn3 sacrifice,55,47,g8g1,False,0.07949913889093024,6,0.31772059202194214,h6h2,True,0.9637500047683716,True,-1,3,0.4327227999747265,
2998,1107,endgame mate mateIn2 short,76,27,g8h8,True,0.8417120847758152,1,0.6851592659950256,g8h8,True,0.9912499785423279,True,-1,2,0.27084059998742305,
2999,1422,advantage deflection discoveredAttack master middlegame short skewer,45,43,h4h5,False,0.003398560688261692,21,-0.35203033685684204,h4h5,False,0.0,False,0,1,5.870876200002385,
3000,1375,endgame mate mateIn2 short,109,37,d5h1,False,0.07886282346905843,3,-0.1863919049501419,d5f3,True,0.96875,True,-1,2,0.4052023999975063,
3001,1399,crushing deflection discoveredAttack endgame long,74,36,d1d7,False,0.019527315398162916,8,-0.9365872144699097,f5e6,True,0.768750011920929,True,-1,3,17.338270499982173,
3002,1256,endgame master mate mateIn1 oneMove pin,66,26,d5f7,False,0.036591127511425015,3,-0.12105976790189743,b7b8,True,0.9775000214576721,True,-1,1,0.17685799999162555,
3003,1082,master mate mateIn1 middlegame oneMove,35,49,h5h1,True,0.848022247856568,1,0.5644684433937073,h5h1,True,0.9937499761581421,True,-1,1,0.09646519998204894,
3004,1286,attraction crushing deflection endgame long,95,38,d1h1,True,0.5428248818793481,1,-0.7393489480018616,d1h1,True,0.9862499833106995,True,-1,3,18.167403699975694,
3005,1146,crushing endgame master rookEndgame short skewer,98,18,f7g7,False,0.11974949622110581,4,-0.3370841443538666,f7f3,True,0.9750000238418579,True,-1,2,11.848040599987144,
3006,1022,mate mateIn1 middlegame oneMove,46,48,f7h5,False,0.1027265454502091,5,-0.5964305400848389,c5b6,True,0.9649999737739563,True,-1,1,0.21972470000036992,
3007,1212,advantage deflection discoveredAttack discoveredCheck fork middlegame veryLong,45,28,h5h2,True,0.9270641060423779,1,-0.10693871974945068,h5h2,True,0.9962499737739563,True,-1,5,30.234837900003185,
3008,1176,crushing fork long middlegame,49,31,h4f3,True,0.6532789670841197,1,-0.9866363406181335,h4f3,True,0.9887499809265137,True,-1,3,20.122873699991032,
3009,1239,advantage discoveredAttack middlegame short,48,28,h7f6,True,0.3493092077248548,1,-0.8674497008323669,h7f6,True,0.9737499952316284,True,-1,2,11.575926599995,
3010,1193,crushing endgame interference long rookEndgame,116,12,a7b7,True,0.7209210701721565,1,-0.0777721032500267,a7b7,True,0.9862499833106995,True,-1,3,18.04566530001466,
3011,1358,advantage fork long opening,12,41,d1h5,True,0.9221051502023517,1,-0.03635738790035248,d1h5,True,0.9950000047683716,True,-1,3,18.203267700009746,
3012,1119,crushing endgame fork short,116,8,g5f6,False,0.23739099891601076,2,-0.9565269351005554,g5e3,True,0.9800000190734863,True,-1,2,12.367083699995419,
3013,1248,fork long mate mateIn3 middlegame sacrifice,34,46,h6e3,False,0.04752754237714177,4,-0.060334015637636185,h6g7,True,0.9337499737739563,True,-1,3,0.49800089999916963,
3014,1227,backRankMate endgame long mate mateIn3 sacrifice,70,27,f2f7,True,0.7205771911379488,1,-0.9782671928405762,f2f7,True,0.9900000095367432,True,-1,3,0.5695514999970328,
3015,1082,exposedKing fork long mate mateIn3 middlegame sacrifice,76,31,h6f6,False,0.4113856487071409,2,0.20629623532295227,f3f8,True,0.9750000238418579,True,-1,3,0.426311799994437,
3016,1138,crushing endgame fork long,68,35,c2c8,True,0.3896643291593514,1,-0.8306701183319092,c2c8,True,0.9825000166893005,True,-1,3,17.533884299977217,
3017,1081,crushing endgame fork short,46,31,b3c3,True,0.3223003669831622,1,-0.0933803841471672,b3c3,True,0.9624999761581421,True,-1,2,12.186584300012328,
3018,1213,advantage hangingPiece middlegame short,44,5,g1f2,False,0.2890147588336359,2,-0.5663127899169922,e4f2,True,0.9775000214576721,True,-1,2,12.289113300008466,
3019,1314,mate mateIn2 middlegame pin short,52,39,h5f6,True,0.3130306632633098,1,-0.27252891659736633,h5f6,True,0.981249988079071,True,-1,2,0.28624820002005436,
3020,1146,endgame master mate mateIn1 oneMove,65,41,d8h8,True,0.7915924147186137,1,-0.8406082987785339,d8h8,True,0.9925000071525574,True,-1,1,0.07403819999308325,
3021,1105,advancedPawn advantage endgame fork short,64,23,f2e2,False,0.04069045943452283,9,-0.9018310308456421,b5b6,True,0.9237499833106995,True,-1,2,12.455981800012523,
3022,1085,crushing endgame fork queenRookEndgame short,113,19,d2h6,True,0.47102713049959666,1,-0.16808152198791504,d2h6,True,0.981249988079071,True,-1,2,11.38905729999533,
3023,1279,crushing discoveredAttack endgame master short,64,38,f2f4,False,0.0026655421841555466,23,-0.09962757676839828,f2f4,False,0.0,False,0,1,5.83954480002285,
3024,1216,backRankMate endgame long mate mateIn3 sacrifice,49,37,f5e5,False,0.002215536342054064,16,-0.6838176250457764,c3e5,False,0.0,False,0,1,5.932870999997249,
3025,1411,advantage middlegame trappedPiece veryLong,23,40,c6d4,True,0.5257016292309077,1,-0.07392112910747528,c6d4,True,0.9674999713897705,True,-1,4,24.76398779998999,
3026,1414,crushing endgame hangingPiece intermezzo master short,86,8,e3d2,False,0.3383069520209744,2,-0.6623876094818115,e7c6,True,0.9750000238418579,True,-1,2,11.44748749997234,
3027,1201,endgame mate mateIn1 oneMove,50,46,e7h4,True,0.8773277415127729,1,-0.1249544769525528,e7h4,True,0.9950000047683716,True,-1,1,0.051824299996951595,
3028,1036,mate mateIn1 middlegame oneMove pin,54,44,d1d8,True,0.9153389550297372,1,0.09725308418273926,d1d8,True,0.9962499737739563,True,-1,1,0.042139099998166785,
3029,1009,mate mateIn1 oneMove opening,18,36,h5f7,True,0.5859230337108935,1,0.02253064326941967,h5f7,True,0.9850000143051147,True,-1,1,0.10890240001026541,
3030,1240,backRankMate mate mateIn1 middlegame oneMove,31,46,e8e1,True,0.7866139563196834,1,0.16484129428863525,e8e1,True,0.9925000071525574,True,-1,1,0.06518299999879673,
3031,1441,mate mateIn2 middlegame sacrifice short smotheredMate,40,39,h6f7,False,0.00017947880198819643,11,-0.0054460675455629826,h6f7,False,0.0,False,0,1,5.876520000019809,
3032,1295,crushing discoveredAttack endgame master queensideAttack short,58,28,e4f3,False,0.020445646311786914,4,-0.6943835020065308,e4b7,True,0.7749999761581421,True,-1,2,11.969583600002807,
3033,1294,advantage discoveredAttack master opening short,18,45,e5g6,False,0.0019871995646192726,8,-0.11378512531518936,e5g6,False,0.0,False,0,1,6.383364200009964,
3034,1166,kingsideAttack mate mateIn2 middlegame short,33,46,d6h2,False,0.2853897718350261,2,-0.6756429672241211,h4h2,True,0.981249988079071,True,-1,2,0.28558070000144653,
3035,1092,endgame master mate mateIn1 oneMove,141,25,a2h2,True,0.6239230464540424,1,-0.9886525869369507,a2h2,True,0.987500011920929,True,-1,1,0.09530660000746138,
3036,1308,attraction crushing endgame long,65,30,d4e3,False,0.40606027763968594,2,-0.0901598110795021,h5g3,True,0.9725000262260437,True,-1,3,18.511977600021055,
3037,1004,endgame mate mateIn2 short,85,23,h3f1,True,0.9605506188080217,1,0.8198064565658569,h3f1,True,0.9975000023841858,True,-1,2,0.14793530001770705,
3038,1278,master masterVsMaster mate mateIn1 middlegame oneMove pillsburysMate pin,54,46,f4f5,False,0.29117041698626217,2,0.2962111234664917,h1h5,True,0.9737499952316284,True,-1,1,0.19349089998286217,
3039,1135,advantage middlegame pin short,31,39,b6d4,False,0.4455189776380696,2,-0.37261003255844116,f8c5,True,0.9775000214576721,True,-1,2,12.102875500015216,
3040,1255,crushing endgame fork short,51,28,f4g2,True,0.606914852797226,1,-0.01369541883468628,f4g2,True,0.9825000166893005,True,-1,2,13.020191399991745,
3041,1237,crushing endgame exposedKing fork veryLong,50,33,g3e5,True,0.26366768478561775,1,-0.874209463596344,g3e5,True,0.9750000238418579,True,-1,4,22.71915029999218,
3042,1176,kingsideAttack mate mateIn1 middlegame oneMove,31,41,d5g2,True,0.9277305575412864,1,0.2835714519023895,d5g2,True,0.9962499737739563,True,-1,1,0.033858300012070686,
3043,1274,crushing deflection endgame short,74,16,e4d3,False,0.34598466650539667,2,-0.2632087469100952,h4h5,True,0.9712499976158142,True,-1,2,10.647652700019535,
3044,1311,endgame mate mateIn1 oneMove queensideAttack,45,22,a4c2,True,0.46382592982503995,1,0.4957674741744995,a4c2,True,0.981249988079071,True,-1,1,0.15594370002509095,
3045,1070,endgame mate mateIn1 oneMove,63,41,c6h1,True,0.957953241905512,1,-0.2908870279788971,c6h1,True,0.9987499713897705,True,-1,1,0.0289329000224825,
3046,1155,crushing fork master middlegame short,49,34,f6d5,False,0.22275158015264854,2,0.24102631211280823,f6e4,True,0.9512500166893005,True,-1,2,12.290992299997015,
3047,1343,advantage fork long master masterVsMaster middlegame,54,35,g3c7,True,0.4330349794729363,1,-0.5963024497032166,g3c7,True,0.981249988079071,True,-1,3,18.758896499988623,
3048,1399,long mate mateIn3 middlegame sacrifice,46,37,c1b1,False,0.012222551639452444,13,-0.9993101954460144,a7f7,True,0.3725000023841858,False,4,3,1.4449810000078287,
3049,1383,advantage hangingPiece middlegame short,59,28,d7f6,True,0.4272705493187095,1,0.1351819932460785,d7f6,True,0.9775000214576721,True,-1,2,12.407998900016537,
3050,1306,backRankMate endgame mate mateIn2 short,46,30,b6d7,False,0.1958119386900508,2,-0.974290132522583,e5d7,True,0.9762499928474426,True,-1,2,0.33966749999672174,
3051,1168,crushing endgame fork short,80,18,f5d4,True,0.7017116504343529,1,-0.19655939936637878,f5d4,True,0.9900000095367432,True,-1,2,12.260879000008572,
3052,1433,mate mateIn1 middlegame oneMove pin,41,41,c5f2,False,0.2608304840056569,2,0.7881638407707214,e8e1,True,0.9487500190734863,True,-1,1,0.33900920001906343,
3053,1130,advantage hangingPiece middlegame short,26,45,d4c5,True,0.35956461850164595,1,0.38190513849258423,d4c5,True,0.9725000262260437,True,-1,2,12.20551160001196,
3054,1361,crushing deflection endgame rookEndgame short,100,20,d5d2,True,0.43004568793756104,1,0.034191761165857315,d5d2,True,0.9750000238418579,True,-1,2,12.070832900004461,
3055,1163,advantage endgame fork short,37,37,d4f3,True,0.8335152901692706,1,0.028515076264739037,d4f3,True,0.9937499761581421,True,-1,2,11.55087150001782,
3056,1047,crushing endgame fork hangingPiece short,38,16,f7f8,True,0.9052125264770106,1,0.17030255496501923,f7f8,True,0.9962499737739563,True,-1,2,12.964702299999772,
3057,1097,mate mateIn1 middlegame oneMove,29,48,c5f2,True,0.6260643661056327,1,0.28820011019706726,c5f2,True,0.9900000095367432,True,-1,1,0.08341099999961443,
3058,1081,deflection endgame mate mateIn2 short,90,3,c5b5,True,0.7666689095754682,1,-0.9225484728813171,c5b5,True,0.9937499761581421,True,-1,2,0.09474210001644678,
3059,1272,crushing exposedKing fork long middlegame,65,35,h6h3,True,0.974119384999074,1,0.4496482312679291,h6h3,True,0.9975000023841858,True,-1,3,16.57906330001424,
3060,1389,endgame mate mateIn1 oneMove rookEndgame,111,17,e4e3,False,0.32426096991445647,2,-0.06394676864147186,g2g1,True,0.9700000286102295,True,-1,1,0.19183659998816438,
3061,1082,crushing endgame short skewer,63,26,h2g1,True,0.6453807523374542,1,-0.36119046807289124,h2g1,True,0.9862499833106995,True,-1,2,11.868238099996233,
3062,1314,advantage defensiveMove long middlegame pin,70,35,d1h1,False,0.1419520149354813,2,-0.9684821963310242,f3h4,True,0.9712499976158142,True,-1,3,19.82600140001159,
3063,1245,advantage fork opening short,19,31,e6c4,False,0.36986366710345675,2,-0.6400464773178101,c8c4,True,0.9762499928474426,True,-1,2,12.140026399982162,
3064,1388,crushing hangingPiece middlegame short,46,5,b2c3,True,0.8566727460070298,1,-0.4102257192134857,b2c3,True,0.9950000047683716,True,-1,2,12.111849300010363,
3065,1051,advantage endgame short trappedPiece,59,26,a6f6,True,0.7245892520107607,1,-0.48405739665031433,a6f6,True,0.9912499785423279,True,-1,2,12.382771100004902,
3066,1408,crushing deflection endgame long rookEndgame,112,14,g1f1,True,0.9008799916440239,1,-0.9202653169631958,g1f1,True,0.9962499737739563,True,-1,3,19.397176800004672,
3067,1007,endgame mate mateIn2 rookEndgame short,93,27,c5c4,False,0.2031239283251772,2,0.22656917572021484,g8h8,True,0.9200000166893005,True,-1,2,0.37020410000695847,
3068,1328,endgame mate mateIn1 oneMove,86,16,g7h7,True,0.6380888013224584,1,-0.28083541989326477,g7h7,True,0.987500011920929,True,-1,1,0.09374219999881461,
3069,1414,advantage capturingDefender master masterVsMaster middlegame short,45,36,b5b7,False,0.02104447099944995,9,-0.7572252750396729,b5d5,True,0.7787500023841858,True,-1,2,11.374634000007063,
3070,1045,advantage opening short trappedPiece,18,36,c1g5,True,0.8779649539094153,1,-0.23444359004497528,c1g5,True,0.9950000047683716,True,-1,2,11.396583800000371,
3071,1181,mate mateIn1 middlegame oneMove,29,32,g4e5,False,0.04553389757376118,4,0.03624908626079559,e8e3,True,0.9312499761581421,True,-1,1,0.40539909998187795,
3072,1277,endgame master masterVsMaster mate mateIn1 oneMove,77,43,e4g2,True,0.5517044674381729,1,0.9619542956352234,e4g2,True,0.9787499904632568,True,-1,1,0.1482368999859318,
3073,1184,crushing deflection endgame long master,80,34,d2h6,True,0.6954304915426965,1,0.4397357702255249,d2h6,True,0.9800000190734863,True,-1,3,13.819945399998687,
3074,1031,clearance mate mateIn2 middlegame short,52,34,g5f7,True,0.6861396880274839,1,0.4693247377872467,g5f7,True,0.987500011920929,True,-1,2,0.2984825999883469,
3075,1430,endgame mate mateIn2 short,85,30,f7f2,True,0.4114141541397193,1,-0.05993473529815674,f7f2,True,0.9825000166893005,True,-1,2,0.22891919998801313,
3076,1139,advantage long middlegame pin queensideAttack,47,34,a2a1,True,0.21477035892419868,1,-0.986914336681366,a2a1,True,0.9412500262260437,True,-1,3,17.608256100007566,
3077,1176,endgame long mate mateIn3,70,29,e5e7,True,0.6563214053911127,1,-0.1524505615234375,e5e7,True,0.9900000095367432,True,-1,3,0.2593641999992542,
3078,1306,kingsideAttack mate mateIn2 middlegame short,54,33,d5f6,True,0.756746899124905,1,0.06837018579244614,d5f6,True,0.9887499809265137,True,-1,2,0.1424074999813456,
3079,1383,crushing discoveredAttack kingsideAttack middlegame short,41,34,f4e6,False,0.06380030821775377,6,-0.2193688601255417,f4h3,True,0.9512500166893005,True,-1,2,12.162455000012415,
3080,1031,endgame mate mateIn1 oneMove,59,35,e8e1,True,0.8258922120454202,1,0.9796973466873169,e8e1,True,0.9912499785423279,True,-1,1,0.07316519998130389,
3081,1223,endgame mate mateIn1 oneMove pillsburysMate,77,27,b3e6,False,0.13572460715169932,2,-0.2958417236804962,c8c1,True,0.9700000286102295,True,-1,1,0.18892990000313148,
3082,1025,crushing middlegame pin short,36,37,e4f5,True,0.5452180045082585,1,-0.4692082107067108,e4f5,True,0.9700000286102295,True,-1,2,12.169858799985377,
3083,1088,crushing fork middlegame short,30,34,e5c6,True,0.9954461996869836,1,0.19514800608158112,e5c6,True,0.9987499713897705,True,-1,2,12.344718900014414,
3084,1135,endgame master mate mateIn2 short,78,32,g6e8,False,0.20172705403447033,2,-0.3301473557949066,e1e8,True,0.9762499928474426,True,-1,2,0.20873830001801252,
3085,1442,advantage hangingPiece middlegame veryLong,71,39,f3d2,True,0.9598663480399401,1,0.6318617463111877,f3d2,True,0.9975000023841858,True,-1,4,24.00823110001511,
3086,1247,advantage endgame fork short,123,26,b1a1,False,0.039935231121021784,3,-0.9828271865844727,d3c5,True,0.9175000190734863,True,-1,2,12.9459618999972,
3087,1257,backRankMate endgame long mate mateIn3 sacrifice,64,35,d3d7,True,0.31198517301454465,1,-0.20488646626472473,d3d7,True,0.9424999952316284,True,-1,3,0.7056722000124864,
3088,1308,advantage attraction endgame short,75,25,d3f4,True,0.678469464465961,1,-0.21427340805530548,d3f4,True,0.9775000214576721,True,-1,2,10.928270500007784,
3089,1332,crushing deflection endgame long,59,32,b2f2,True,0.3894222951563101,1,-0.012545380741357803,b2f2,True,0.9775000214576721,True,-1,3,18.509004699997604,
3090,1250,crushing endgame fork long,54,23,e1e6,True,0.952970509441238,1,-0.440100759267807,e1e6,True,0.9975000023841858,True,-1,3,17.748372899979586,
3091,1009,mate mateIn1 middlegame oneMove,64,31,e5d5,True,0.4987956386462406,1,-0.35660505294799805,e5d5,True,0.9837499856948853,True,-1,1,0.12610649998532608,
3092,1402,mate mateIn1 middlegame oneMove,42,44,f7e8,True,0.477956629553799,1,0.0605800487101078,f7e8,True,0.96875,True,-1,1,0.2099436999997124,
3093,1245,fork hangingPiece mate mateIn2 middlegame short,48,31,e6e8,True,0.7918561626763457,1,0.8961466550827026,e6e8,True,0.987500011920929,True,-1,2,0.14634509998722933,
3094,1118,master mate mateIn1 middlegame oneMove,53,49,e5g3,True,0.9256088654715648,1,0.4846551716327667,e5g3,True,0.9975000023841858,True,-1,1,0.02710879998630844,
3095,1260,endgame long mate mateIn3,53,32,g4g3,True,0.43740687994896765,1,-0.13312886655330658,g4g3,True,0.9837499856948853,True,-1,3,0.6597583999973722,
3096,1160,crushing endgame fork short,78,41,c1c7,True,0.34300365370647656,1,0.6752203702926636,c1c7,True,0.96875,True,-1,2,11.9410861999786,
3097,1404,advancedPawn endgame mate mateIn2 promotion short,74,28,d2b4,False,0.08983766996508676,3,0.5006107091903687,d4c6,True,0.9487500190734863,True,-1,2,0.909175700013293,
3098,1315,advantage deflection fork long middlegame,62,52,a1a8,True,0.3803271789197044,1,-0.010737921111285686,b4a5,False,0.042500000447034836,False,0,1,6.2072447999962606,
3099,1149,endgame mate mateIn2 short,62,33,e6g6,True,0.5323759372623541,1,-0.8280609250068665,e6g6,True,0.9825000166893005,True,-1,2,0.2649256000004243,
3100,1087,endgame hangingPiece mate mateIn2 short,92,30,e7f8,True,0.41148743998076304,1,-0.9894657135009766,e7f8,True,0.9800000190734863,True,-1,2,0.24923399998806417,
3101,1429,crushing defensiveMove hangingPiece master middlegame short,84,32,g5d8,True,0.9830062037912859,1,-0.08558367192745209,g5d8,True,0.9987499713897705,True,-1,2,6.582142200000817,
3102,1102,master mate mateIn1 middlegame oneMove,46,37,g6f7,True,0.5935465553816629,1,0.7119084596633911,g6f7,True,0.8450000286102295,True,-1,1,0.1368056999926921,
3103,1447,endgame mate mateIn2 queensideAttack short,73,29,e7b4,True,0.4511844000538,1,-0.9741572737693787,e7b4,True,0.9837499856948853,False,2,2,0.22834810000495054,
3104,1030,advantage endgame fork short,60,29,e4d6,False,0.3657190924844106,2,0.3958185911178589,e4f6,True,0.9712499976158142,True,-1,2,12.344566800020402,
3105,1167,crushing endgame fork short,102,21,e1d2,False,0.09688915904239537,3,-0.8380436301231384,c5d6,True,0.9700000286102295,True,-1,2,12.27054350002436,
3106,1078,crushing fork middlegame short,55,33,e5g3,True,0.48393406046437676,1,-0.4448142349720001,e5g3,True,0.9787499904632568,True,-1,2,11.877185999997891,
3107,1085,kingsideAttack mate mateIn1 middlegame oneMove,34,43,e7g6,True,0.6850478792411179,1,0.8945640325546265,e7g6,True,0.9800000190734863,True,-1,1,0.1471118000044953,
3108,1429,mate mateIn1 middlegame oneMove,72,31,e6f7,True,0.9466815149962706,1,0.021209897473454475,e6f7,True,0.9962499737739563,True,-1,1,0.0430468000122346,
3109,1095,kingsideAttack mate mateIn2 middlegame short,56,45,g5g7,True,0.8586955078557069,1,-0.050880931317806244,g5g7,True,0.9925000071525574,True,-1,2,0.13233649998437613,
3110,1416,advantage opening short trappedPiece,16,35,e1g1,False,0.26480649468612183,2,-0.8390750885009766,d2c3,True,0.9574999809265137,True,-1,2,12.120399700012058,
3111,1177,advantage long middlegame skewer,40,23,g3e5,True,0.5417321146599835,1,-0.6259269714355469,g3e5,True,0.9825000166893005,True,-1,3,18.349908400006825,
3112,1168,crushing fork middlegame short,54,32,g5f3,False,0.07207477076662305,4,-0.20726066827774048,f1c4,True,0.9537500143051147,True,-1,2,12.200590899999952,
3113,1215,deflection endgame mate mateIn2 short,69,24,f5g5,True,0.9221588231294083,1,-0.9327811598777771,f5g5,True,0.9962499737739563,True,-1,2,0.21188079999410547,
3114,1374,attraction crushing endgame fork long sacrifice,52,32,d5e7,False,0.008256875217876351,7,0.19808588922023773,d5e7,False,0.0,False,0,1,6.242284499981906,
3115,1149,mate mateIn2 middlegame queensideAttack short,35,34,b4e1,True,0.4005346743179021,1,0.02072499319911003,b4e1,True,0.9775000214576721,True,-1,2,0.21886110000195913,
3116,1334,mate mateIn2 middlegame short,42,44,g5e6,True,0.8275442104809728,1,0.04053081199526787,g5e6,True,0.9925000071525574,True,-1,2,0.19747939999797381,
3117,1297,advantage endgame fork long,85,30,d8c8,False,9.651220919970747e-05,27,-0.5369864106178284,e4e3,False,0.0,False,0,1,5.079974899999797,
3118,1439,endgame mate mateIn2 short,79,34,e3g1,True,0.47099428062974674,1,0.6403768062591553,e3g1,True,0.9662500023841858,True,-1,2,0.4440416000143159,
3119,1315,crushing endgame interference long rookEndgame,119,16,b7b6,True,0.5207379530716105,1,0.013677186332643032,b7b6,True,0.96875,True,-1,3,16.93709829999716,
3120,1387,advantage discoveredAttack discoveredCheck endgame master short,115,15,f4e6,False,0.0013997935299121223,10,-0.11358034610748291,f4d5,False,0.0,False,0,1,5.71123109999462,
3121,1213,mate mateIn1 middlegame oneMove,37,30,e7f5,True,0.6439554260532467,1,-0.051390983164310455,e7f5,True,0.9850000143051147,True,-1,1,0.15793720001238398,
3122,1084,kingsideAttack mate mateIn1 middlegame oneMove,46,30,d4g7,True,0.933527983880109,1,-0.8837817907333374,d4g7,True,0.9950000047683716,True,-1,1,0.053030300012324005,
3123,1297,kingsideAttack mate mateIn1 middlegame oneMove,23,47,e5h2,True,0.5967699969371292,1,0.6962363123893738,e5h2,True,0.96875,True,-1,1,0.24820589998853393,
3124,1367,endgame mate mateIn2 operaMate sacrifice short,62,47,d2f2,False,0.0010295314955446543,10,0.17653436958789825,d2e2,False,0.0,False,0,1,5.935538699995959,
3125,1113,advantage discoveredAttack endgame short,75,23,c7d6,True,0.7519477549755115,1,-0.13472481071949005,c7d6,True,0.9825000166893005,True,-1,2,12.166319900017697,
3126,1114,advantage fork middlegame short,46,38,e3e4,True,0.9303389328470524,1,-0.7311598062515259,e3e4,True,0.9950000047683716,True,-1,2,11.844132600002922,
3127,1042,endgame mate mateIn1 oneMove,67,27,h5g4,True,0.5439504518487841,1,-0.1790139377117157,h5g4,True,0.981249988079071,True,-1,1,0.1436497000104282,
3128,1332,endgame mate mateIn2 short,58,37,f1g1,False,0.12243042450240563,3,-0.1414726972579956,h8h7,True,0.9649999737739563,True,-1,2,0.49039160000393167,
3129,1106,backRankMate endgame long mate mateIn3 sacrifice,44,50,d3d8,True,0.44703433764618195,1,-0.03309996426105499,h2h3,False,0.14749999344348907,False,0,1,5.899404900002992,
3130,1017,attackingF2F7 mate mateIn1 oneMove opening,18,37,h4e7,False,0.2073631435215222,2,0.26260706782341003,f3f7,True,0.9437500238418579,True,-1,1,0.3518403999914881,
3131,1015,dovetailMate endgame mate mateIn2 short,64,22,a8g8,True,0.929092458127894,1,-0.6186550259590149,a8g8,True,0.9962499737739563,True,-1,2,0.17448859999421984,
3132,1410,endgame hookMate mate mateIn2 short,78,19,e6b6,False,0.1884292415082659,2,-0.13949626684188843,g3g4,True,0.9624999761581421,True,-1,2,0.47838259997661225,
3133,1212,kingsideAttack mate mateIn2 middlegame short,41,36,h3g2,True,0.6281045754119015,1,-0.906347930431366,h3g2,True,0.9900000095367432,True,-1,2,0.13171410001814365,
3134,1128,kingsideAttack mate mateIn2 middlegame short,47,28,f8f1,True,0.8952652884044668,1,0.26389798521995544,f8f1,True,0.9962499737739563,True,-1,2,0.11055700000724755,
3135,1039,endgame mate mateIn2 short,64,35,h2b8,True,0.6942844375930908,1,-0.32362017035484314,h2b8,True,0.987500011920929,True,-1,2,0.19809640001039952,
3136,1186,kingsideAttack mate mateIn2 middlegame short triangleMate,54,32,h6g6,False,0.24611389148121068,2,0.5024800896644592,h6h8,True,0.9787499904632568,True,-1,2,0.23453809999045916,
3137,1141,crushing endgame fork long,81,22,b6d7,True,0.7710103951631795,1,-0.8140129446983337,b6d7,True,0.987500011920929,True,-1,3,18.23557200000505,
3138,1140,mate mateIn2 middlegame short,27,40,c7g3,True,0.9268797367155568,1,-0.07710250467061996,c7g3,True,0.9962499737739563,True,-1,2,0.21786380000412464,
3139,1146,crushing discoveredAttack kingsideAttack middlegame short,28,45,a1d1,False,0.008790132838375085,10,-0.6623504161834717,a1d1,False,0.03750000149011612,False,0,1,6.161264099995606,
3140,1183,mate mateIn2 middlegame short,58,44,d5f7,True,0.6536737248550842,1,-0.050682105123996735,d5f7,True,0.9887499809265137,True,-1,2,0.20208599997567944,
3141,1197,mate mateIn2 middlegame short,49,39,g4h3,True,0.9827072926155938,1,-0.9853839874267578,g4h3,True,0.9987499713897705,True,-1,2,0.07946609999635257,
3142,1354,kingsideAttack long mate mateIn3 middlegame sacrifice,47,53,g6g3,True,0.5374649079015028,1,0.05979281663894653,g6g3,True,0.987500011920929,True,-1,3,2.0441350000037346,
3143,1306,kingsideAttack mate mateIn2 middlegame short,48,45,g4h6,True,0.5021160832100908,1,-0.7217646837234497,g4h6,True,0.9887499809265137,True,-1,2,0.18688659998588264,
3144,1178,endgame mate mateIn2 short triangleMate,76,31,e1e8,True,0.9013129992146349,1,0.11689790338277817,e1e8,True,0.9962499737739563,True,-1,2,0.41397150000557303,
3145,1307,clearance crushing deflection endgame long,54,30,f3b7,False,0.33632360694124286,2,0.29351577162742615,c3c8,True,0.8987500071525574,True,-1,3,18.380235900025582,
3146,1040,crushing fork master middlegame short,69,48,e6e2,True,0.7192781899076967,1,-0.36982908844947815,e6e2,True,0.9900000095367432,True,-1,2,12.325703600014094,
3147,1059,mate mateIn1 middlegame oneMove,35,44,d8h4,True,0.8419675527927648,1,-0.07501093298196793,d8h4,True,0.9925000071525574,True,-1,1,0.06491109999478795,
3148,1261,crushing fork middlegame short,18,28,f2f3,True,0.8621585079166749,1,0.19759272038936615,f2f3,True,0.9937499761581421,True,-1,2,12.649996799998917,
3149,1318,crushing fork long middlegame,82,32,e4d6,False,0.21773868270498192,2,-0.3588202893733978,h7h8,True,0.9674999713897705,True,-1,3,17.172607599990442,
3150,1157,endgame mate mateIn2 short,86,22,c4f1,False,0.2155989156729759,4,-0.9664172530174255,e7d8,True,0.9800000190734863,True,-1,2,0.20162800000980496,
3151,1159,mate mateIn1 middlegame oneMove pillsburysMate,71,28,f4f1,True,0.901001867915083,1,-0.723295271396637,f4f1,True,0.9950000047683716,True,-1,1,0.04936309999902733,
3152,1251,crushing endgame fork short,89,17,g3g2,False,0.34696577547258084,2,-0.0884939655661583,d2c3,True,0.9412500262260437,True,-1,2,12.029290600010427,
3153,1215,kingsideAttack mate mateIn2 middlegame sacrifice short,34,47,h3g3,False,0.13699325943226864,4,-0.338387131690979,e4f6,True,0.9712499976158142,True,-1,2,0.32649800000945106,
3154,1366,advantage endgame skewer veryLong,64,34,c1c4,True,0.4575424071590926,1,-0.5380478501319885,c1c4,True,0.981249988079071,True,-1,4,24.319964899972547,
3155,1007,advantage endgame fork short,55,37,g3e2,True,0.467660793934579,1,-0.7996843457221985,g3e2,True,0.9837499856948853,True,-1,2,12.473858099983772,
3156,1360,advantage deflection master middlegame short,47,28,f7d5,False,0.0005711629047557059,17,-0.11608178168535233,f7d5,False,0.0,False,0,1,6.257830200018361,
3157,1021,crushing middlegame short trappedPiece,20,37,h2h4,False,0.2548175437475288,2,-0.0994049608707428,c1g5,True,0.9674999713897705,True,-1,2,12.254398399993079,
3158,1207,endgame mate mateIn1 oneMove,66,36,h3h4,False,0.1865577562000918,2,-0.659173309803009,g4g5,True,0.9762499928474426,True,-1,1,0.17373700000462122,
3159,1447,crushing deflection endgame rookEndgame short,119,15,d1e1,False,0.27328645356967407,2,-0.9721493124961853,d1d7,True,0.9787499904632568,True,-1,2,12.038048300019,
3160,1143,endgame mate mateIn1 oneMove,60,34,f7h7,False,0.3537558363767732,2,0.9310510754585266,f7h7,False,0.42625001072883606,False,0,1,0.14943799999309704,
3161,1083,kingsideAttack mate mateIn2 middlegame short,41,41,c6e4,False,0.06757383156214873,4,-0.37258604168891907,g5e3,True,0.9549999833106995,True,-1,2,3.2340503000013996,
3162,1069,mate mateIn1 middlegame oneMove,47,37,f3f5,False,0.2707133872735568,2,-0.7569550275802612,f3h5,True,0.9800000190734863,True,-1,1,0.13831879998906516,
3163,1369,crushing fork middlegame short,17,37,g8e7,False,0.004109102910326989,11,-0.08409254252910614,g8e7,False,0.0,False,0,1,6.189937100018142,
3164,1298,endgame mate mateIn2 short,60,37,h7h8,True,0.5596964014476011,1,-0.2630090117454529,h7h8,True,0.9850000143051147,True,-1,2,0.287564400001429,
3165,1072,endgame long master mate mateIn3 operaMate,84,23,a4a5,False,0.043096586387674635,4,-0.039781730622053146,d7d8,True,0.8824999928474426,True,-1,3,1.4782900999998674,
3166,1389,crushing deflection fork long middlegame,37,35,h4g3,True,0.5465322369929068,1,-0.2342546135187149,h4g3,True,0.9825000166893005,True,-1,3,9.693603599997004,
3167,1033,endgame long mate mateIn3 queenRookEndgame,75,25,f8h8,True,0.835102854252114,1,-0.9960737228393555,f8h8,True,0.9912499785423279,True,-1,3,0.3265376999916043,
3168,1232,crushing deflection endgame short,70,26,f4f6,False,0.32379423791841233,2,-0.41761431097984314,b6b7,True,0.9712499976158142,True,-1,2,11.902130100002978,
3169,1305,deflection endgame mate mateIn2 queenEndgame short,62,28,f6f7,False,0.06199489159882733,2,0.046273455023765564,g2g4,True,0.9574999809265137,True,-1,2,0.33264380000764504,
3170,1036,kingsideAttack mate mateIn1 middlegame oneMove,32,50,d3h7,True,0.9566133733954353,1,0.10405751317739487,d3h7,True,0.9975000023841858,True,-1,1,0.03506409999681637,
3171,1112,kingsideAttack mate mateIn2 middlegame sacrifice short,48,55,e4f6,True,0.32437529775680785,1,-0.5511756539344788,e4f6,True,0.981249988079071,True,-1,2,0.31595210000523366,
3172,1158,endgame fork mate mateIn2 short,58,29,d2e1,False,0.19886154220814758,2,-0.49485817551612854,d2h6,True,0.9750000238418579,True,-1,2,0.33748170000035316,
3173,1398,mate mateIn1 middlegame oneMove,30,46,g4h6,True,0.6098866689403277,1,0.2140398919582367,g4h6,True,0.9750000238418579,True,-1,1,0.17817890000878833,
3174,1298,endgame mate mateIn1 oneMove queenEndgame,75,35,d5a2,False,0.3203852442400327,2,0.3635324537754059,d5h1,True,0.9637500047683716,True,-1,1,0.23251709999749437,
3175,1086,endgame mate mateIn2 queensideAttack short,54,41,f4d5,False,0.24884768199141397,2,-0.571983814239502,b4f8,True,0.9700000286102295,True,-1,2,0.3523282999813091,
3176,1057,endgame hangingPiece master mate mateIn1 oneMove,59,37,d3f1,True,0.7156997226139098,1,-0.9664288759231567,d3f1,True,0.9900000095367432,True,-1,1,0.09014029998797923,
3177,1031,crushing endgame fork master masterVsMaster short,100,12,e7d5,False,0.2648372143840175,3,0.027075806632637978,e7g8,True,0.949999988079071,True,-1,2,12.308639900002163,
3178,1009,crushing endgame fork short,117,22,g4e3,True,0.41635222721459925,1,0.001990565098822117,g4e3,True,0.9662500023841858,True,-1,2,12.074254100007238,
3179,1167,advantage discoveredAttack opening short,20,39,d3h7,True,0.4532812726964832,1,-0.04568760469555855,d3h7,True,0.9825000166893005,True,-1,2,11.645210099988617,
3180,1286,endgame master mate mateIn1 oneMove,88,23,f7f8,True,0.60203574998015,1,0.04852914810180664,f7f8,True,0.9862499833106995,True,-1,1,0.10685780001222156,
3181,1278,endgame hookMate mate mateIn1 oneMove,84,27,a7g7,True,0.28487425341671646,1,-0.9532433152198792,a7g7,True,0.981249988079071,True,-1,1,0.1362770999839995,
3182,1072,crushing endgame interference short,59,27,a5a4,True,0.5508491769962887,1,-0.89202481508255,a5a4,True,0.9887499809265137,True,-1,2,12.858866399998078,
3183,1187,crushing middlegame pin short,62,34,b3e6,True,0.34446349898618916,1,-0.4464600682258606,b3e6,True,0.9487500190734863,True,-1,2,8.617734400002519,
3184,1315,crushing endgame long quietMove skewer,68,24,d3h3,True,0.6789603132282112,1,0.2734549343585968,d3h3,True,0.9850000143051147,True,-1,3,14.779244999983348,
3185,1409,advantage fork opening short,20,44,d4d5,True,0.445146363693085,1,0.08539387583732605,d4d5,True,0.9674999713897705,True,-1,2,12.06000219998532,
3186,1118,endgame mate mateIn1 oneMove,64,46,d8d7,False,0.15484644830759547,2,0.8622103929519653,g4d7,True,0.9637500047683716,True,-1,1,0.2036826999974437,
3187,1394,kingsideAttack mate mateIn2 middlegame pin sacrifice short smotheredMate,36,43,h6f7,False,0.0005237147544615221,18,0.08863479644060135,h6f7,False,0.0,False,0,1,5.530968900013249,
3188,1232,backRankMate long mate mateIn3 middlegame sacrifice,39,44,c6e4,False,0.001150913338217861,21,-0.6293914914131165,c6e4,False,0.0,False,0,1,6.227946700004395,
3189,1069,endgame mate mateIn1 oneMove operaMate,80,30,a7f7,True,0.43008739143591346,1,-0.9843844771385193,a7f7,True,0.981249988079071,True,-1,1,0.13579899998148903,
3190,1008,backRankMate endgame mate mateIn2 short,65,15,e8d8,False,0.02552236497109183,6,-0.9948889017105103,e8e1,True,0.8500000238418579,True,-1,2,1.3255625999881886,
3191,1208,backRankMate mate mateIn2 middlegame sacrifice short,37,42,h7h6,False,0.002612320327651232,31,-0.8752526044845581,c6b5,False,0.0,False,0,1,6.18729020000319,
3192,1072,hangingPiece kingsideAttack mate mateIn1 middlegame oneMove,26,32,h5e8,True,0.9878695484088181,1,-0.8094532489776611,h5e8,True,0.9987499713897705,True,-1,1,0.028936699993209913,
3193,1072,endgame long mate mateIn3,86,19,g5g6,True,0.3339795212303986,1,-0.8254492878913879,g5g6,True,0.9787499904632568,True,-1,3,0.45616429997608066,
3194,1050,advantage endgame pin short,70,29,c5c7,True,0.46726941859224036,1,-0.8130327463150024,c5c7,True,0.9825000166893005,True,-1,2,12.809031799988588,
3195,1115,advantage fork opening short,18,39,d1a4,True,0.6740381286290067,1,-0.16211849451065063,d1a4,True,0.987500011920929,True,-1,2,12.165786199999275,
3196,1186,crushing deflection endgame short,86,39,e4g6,False,0.043141424490287406,8,0.1706048846244812,e8h8,True,0.9300000071525574,True,-1,2,11.638298699981533,
3197,1387,endgame mate mateIn1 oneMove,63,23,b5b2,True,0.8074766685632644,1,0.2025092989206314,b5b2,True,0.9925000071525574,True,-1,1,0.06637829999090172,
3198,1027,crushing endgame fork long,103,11,d6c5,True,0.36919357900862604,1,-0.5633148550987244,d6c5,True,0.9762499928474426,True,-1,3,18.040793799998937,
3199,1405,advancedPawn kingsideAttack mate mateIn2 middlegame short,46,42,f6f7,True,0.5812135770617564,1,-0.08508660644292831,f6f7,True,0.981249988079071,True,-1,2,0.5306997000006959,
3200,1256,backRankMate long mate mateIn3 middlegame sacrifice,52,35,a5c7,True,0.6038866601988432,1,0.6077762246131897,a5c7,True,0.7774999737739563,True,-1,3,2.718120999983512,
3201,1106,mate mateIn1 middlegame oneMove,34,52,d3h7,True,0.9806967725522004,1,-0.3931850492954254,d3h7,True,0.9987499713897705,True,-1,1,0.03268390000448562,
3202,1043,crushing fork middlegame short,37,28,h5g3,True,0.680330221845705,1,-0.8011218309402466,h5g3,True,0.9912499785423279,True,-1,2,12.45258409998496,
3203,1319,advantage middlegame short trappedPiece,37,42,f6h5,True,0.3822338362509107,1,-0.9129410982131958,f6h5,True,0.981249988079071,True,-1,2,12.437257400015369,
3204,1160,crushing endgame rookEndgame short skewer,115,18,f6e5,False,0.3216040806095349,2,-0.031371381133794785,a1e1,True,0.981249988079071,True,-1,2,11.424097200011602,
3205,1039,crushing endgame fork master rookEndgame short,78,19,h2h4,False,0.3251426117092229,2,0.0039533390663564205,f3f4,True,0.9649999737739563,True,-1,2,12.463908600009745,
3206,1080,endgame mate mateIn1 oneMove rookEndgame,84,16,a7a8,True,0.4909507867991371,1,0.42335861921310425,a7a8,True,0.9599999785423279,True,-1,1,0.24909240001579747,
3207,1247,master mate mateIn1 middlegame oneMove,47,41,a7f2,True,0.49339559620146817,1,0.3345203697681427,a7f2,True,0.9624999761581421,True,-1,1,0.22223400001530536,
3208,1080,crushing endgame hangingPiece short,57,33,f5b1,True,0.33376284996893857,1,-0.4045642912387848,f5b1,True,0.9825000166893005,True,-1,2,12.217570100008743,
3209,1439,backRankMate deflection long mate mateIn3 middlegame,44,32,e7e8,True,0.8207300543595868,1,-0.10977242887020111,e7e8,True,0.9937499761581421,True,-1,3,0.3323435999918729,
3210,1083,crushing endgame fork short,97,15,d6b5,True,0.4402368926246204,1,-0.0736200362443924,d6b5,True,0.9762499928474426,True,-1,2,11.60341189999599,
3211,1247,crushing discoveredAttack kingsideAttack middlegame short,21,46,d6h2,True,0.7461800969408691,1,-0.5498602986335754,d6h2,True,0.9900000095367432,True,-1,2,11.564274500007741,
3212,1201,endgame mate mateIn1 oneMove,63,33,d5h1,True,0.7673540211069603,1,-0.6301813125610352,d5h1,True,0.9937499761581421,True,-1,1,0.06009060001815669,
3213,1191,crushing kingsideAttack middlegame sacrifice short,43,30,g4g3,True,0.2185379532890905,1,0.029589183628559113,g4g3,True,0.7200000286102295,True,-1,2,2.992647400009446,
3214,1216,advantage hangingPiece long opening,19,27,e7e6,True,0.8014489255808918,1,-0.33164340257644653,e7e6,True,0.9925000071525574,True,-1,3,18.093805600015912,
3215,1254,crushing discoveredAttack middlegame short,52,32,g1g4,False,0.03825103338789687,2,-0.29506292939186096,f4g4,True,0.9112499952316284,True,-1,2,9.050837799994042,
3216,1406,endgame long mate mateIn3,91,28,c1h1,True,0.9419424308061066,1,-0.10095135867595673,c1h1,True,0.9962499737739563,True,-1,3,0.35096069998689927,
3217,1272,crushing endgame fork short,122,10,g3e4,True,0.8731522218455614,1,0.0222163088619709,g3e4,True,0.9925000071525574,True,-1,2,11.71071309997933,
3218,1312,attraction kingsideAttack mate mateIn2 middlegame sacrifice short,40,42,b2c3,False,0.0916079074156068,2,0.5108546018600464,h5h7,True,0.9399999976158142,True,-1,2,0.64643100000103,
3219,1304,mate mateIn1 middlegame oneMove,35,36,e4c3,True,0.803629985771508,1,0.703687310218811,e4c3,True,0.9937499761581421,True,-1,1,0.06553900000290014,
3220,1264,endgame mate mateIn2 short,70,35,c7c8,False,0.2254609900200792,2,0.2937290072441101,c5f8,True,0.96875,True,-1,2,0.30162459998973645,
3221,1191,crushing fork master middlegame short,51,39,e5c6,False,0.23914869004598294,2,-0.2250083088874817,d5d4,True,0.9537500143051147,True,-1,2,11.795855300006224,
3222,1056,mate mateIn2 middlegame queensideAttack short,55,31,f7f6,False,0.21929756558508176,2,-0.9976707100868225,a6d3,True,0.981249988079071,True,-1,2,0.2476965000096243,
3223,1333,mate mateIn1 middlegame oneMove,40,43,e1e8,True,0.47730157915461113,1,0.6260367631912231,e1e8,True,0.9700000286102295,True,-1,1,0.20133750000968575,
3224,1060,mate mateIn1 middlegame oneMove,36,40,f7g7,True,0.9397939928421253,1,-0.3291553854942322,f7g7,True,0.9962499737739563,True,-1,1,0.042002700007287785,
3225,1132,capturingDefender crushing middlegame short,49,37,f7c4,True,0.83239282947229,1,-0.3215363323688507,f7c4,True,0.9925000071525574,True,-1,2,12.315099499974167,
3226,1284,crushing endgame queenEndgame short skewer,78,26,b5a5,False,0.054488183497251604,4,0.017257459461688995,b5b6,False,0.019999999552965164,False,0,1,6.161050399998203,
3227,1024,backRankMate long mate mateIn3 middlegame,35,48,c5f2,True,0.6911291063687288,1,0.38964134454727173,c5f2,True,0.9912499785423279,True,-1,3,0.5791748999909032,
3228,1323,advancedPawn advantage deflection endgame promotion rookEndgame short,102,22,c7h7,False,0.004612046557052432,14,-0.9146292209625244,c7h7,False,0.0,False,0,1,5.988575600000331,
3229,1244,endgame mate mateIn2 pin short,53,29,c8h3,True,0.5527705258931763,1,-0.5679494738578796,c8h3,True,0.9862499833106995,True,-1,2,0.18278919998556376,
3230,1256,endgame mate mateIn2 pin short,66,21,e7f6,True,0.9052949475100294,1,-0.945975661277771,e7f6,True,0.9937499761581421,True,-1,2,0.2515936999989208,
3231,1167,crushing fork middlegame short,77,27,f5e3,True,0.2621459086669018,1,-0.9816187620162964,f5e3,True,0.9762499928474426,True,-1,2,12.045949599996675,
3232,1301,crushing defensiveMove discoveredAttack fork middlegame veryLong,43,40,d5d4,False,0.1275150335772425,4,-0.9968782663345337,e5f3,True,0.9762499928474426,True,-1,4,24.37548320001224,
3233,1299,crushing opening short trappedPiece,14,41,b2g7,True,0.9675038802010767,1,0.2689225673675537,b2g7,True,0.9987499713897705,True,-1,2,12.228419599996414,
3234,1065,mate mateIn2 middlegame short,76,36,g2e4,True,0.5357952422676939,1,-0.9580376744270325,g2e4,True,0.9862499833106995,True,-1,2,0.16608979998272844,
3235,1123,mate mateIn1 middlegame oneMove,31,52,g4f2,True,0.5980031295634451,1,-0.8712653517723083,g4f2,True,0.987500011920929,True,-1,1,0.09718500002054498,
3236,1250,advantage defensiveMove endgame hangingPiece short,50,5,g1f2,True,0.7288142812470225,1,-0.14595849812030792,g1f2,True,0.9837499856948853,True,-1,2,11.842114600003697,
3237,1201,kingsideAttack mate mateIn2 middlegame short,38,40,b3f7,True,0.6854935063807422,1,0.22252070903778076,b3f7,True,0.9862499833106995,True,-1,2,0.25311920000240207,
3238,1030,endgame mate mateIn2 short,68,30,e5d5,False,0.3238635313449898,2,-0.9076713919639587,e5e8,True,0.9775000214576721,True,-1,2,0.2568071999994572,
3239,1413,advantage endgame pin short,62,24,h2h4,False,0.07628179373365931,4,-0.060372743755578995,e3c4,True,0.9612500071525574,True,-1,2,11.880743200017605,
3240,1267,advantage deflection endgame short,59,42,d5c4,False,0.05410020246110113,3,-0.29728633165359497,d1g1,True,0.9487500190734863,True,-1,2,11.425239500007592,
3241,1400,advancedPawn crushing endgame long pawnEndgame quietMove sacrifice,93,4,h7g8,False,0.14627571943763448,3,0.046687133610248566,f5f4,True,0.9287499785423279,True,-1,3,17.889528300001984,
3242,1432,crushing middlegame short skewer,61,33,e4f5,False,0.06324797568523913,5,-0.18241241574287415,h2h1,True,0.956250011920929,True,-1,2,12.057725800026674,
3243,1432,advantage discoveredAttack long middlegame,46,39,f5h5,True,0.9738796376062852,1,-0.07578619569540024,f5h5,True,0.9987499713897705,True,-1,3,14.712676199997077,
3244,1117,kingsideAttack mate mateIn2 middlegame short,34,37,d1h5,True,0.9544587846721538,1,0.9052073359489441,d1h5,True,0.9975000023841858,True,-1,2,0.07078069998533465,
3245,1232,hangingPiece mate mateIn1 middlegame oneMove,50,32,e2h5,False,0.4338274681627716,2,0.9426807165145874,h1h5,True,0.9787499904632568,True,-1,1,0.15507950002211146,
3246,1395,discoveredAttack kingsideAttack mate mateIn2 middlegame sacrifice short,26,45,d3c4,False,0.016888782218951452,2,-0.3946095108985901,e4f6,True,0.6762499809265137,True,-1,2,2.0548448999761604,
3247,1202,advantage discoveredAttack endgame short,58,31,g2e4,False,0.01720714006007601,7,-0.738755464553833,c2b2,True,0.6912500262260437,True,-1,2,12.082127200003015,
3248,1056,crushing endgame fork short,102,20,f3d1,False,0.04636226146774212,5,0.020134422928094864,f4h5,True,0.9312499761581421,True,-1,2,11.820911899994826,
3249,1433,advantage discoveredAttack middlegame short,31,30,h7h6,False,0.0007460803547398436,17,-0.03573109209537506,h7h6,False,0.0,False,0,1,6.1523531999846455,
3250,1175,advantage middlegame short trappedPiece,53,41,e7c5,True,0.529152056009362,1,-0.9064970016479492,e7c5,True,0.987500011920929,True,-1,2,12.63853310002014,
3251,1447,mate mateIn2 middlegame short,20,47,d5h5,True,0.7560106268301425,1,0.8369578719139099,d5h5,True,0.9825000166893005,True,-1,2,0.26920749997952953,
3252,1101,backRankMate endgame long mate mateIn3 sacrifice,51,32,c6c2,True,0.5521019339230511,1,-0.8363453149795532,c6c2,True,0.9900000095367432,True,-1,3,0.5542929999937769,
3253,1449,advantage long middlegame pin,39,38,a4c3,True,0.612058161376735,1,-0.8275114297866821,a4c3,True,0.987500011920929,True,-1,3,15.542975299991667,
3254,1316,advancedPawn advantage endgame exposedKing fork long,56,27,g5e4,False,0.1297447732695655,3,-0.6071814298629761,h6h7,True,0.9750000238418579,True,-1,3,17.690445000014734,
3255,1409,advancedPawn attraction crushing endgame exposedKing long promotion,72,33,f3g3,True,0.5433003918689893,1,-0.2744113802909851,f3g3,True,0.8224999904632568,True,-1,3,17.243362299981527,
3256,1149,mate mateIn2 middlegame short,38,46,d1f3,True,0.8505056999227667,1,0.03463120386004448,d1f3,True,0.9925000071525574,True,-1,2,0.17270690001896583,
3257,1280,crushing fork middlegame short,34,35,d4d7,True,0.7739637499700556,1,-0.7033000588417053,d4d7,True,0.9912499785423279,True,-1,2,12.135646799986716,
3258,1061,endgame mate mateIn1 oneMove,91,19,d6d1,True,0.5018228027200607,1,-0.9850797653198242,d6d1,True,0.9862499833106995,True,-1,1,0.09832840002491139,
3259,1252,kingsideAttack master mate mateIn1 middlegame oneMove,45,38,g6g2,True,0.6933450165155994,1,-0.2587025761604309,g6g2,True,0.9900000095367432,True,-1,1,0.093148400017526,
3260,1083,endgame mate mateIn4 sacrifice veryLong,58,28,e3f3,False,0.003948359032548054,19,-0.48088234663009644,g3f3,False,0.0,False,0,1,4.700143499998376,
3261,1150,advancedPawn kingsideAttack mate mateIn2 middlegame short,62,26,d1b1,False,0.030047435091881142,7,-0.48785829544067383,g6g7,True,0.6912500262260437,True,-1,2,1.9950549000059254,
3262,1197,endgame mate mateIn1 oneMove,56,31,e7e2,True,0.8792091485865146,1,-0.36938199400901794,e7e2,True,0.9962499737739563,True,-1,1,0.04491810000035912,
3263,1291,crushing deflection fork middlegame short,33,50,c4a2,False,0.24067932734905428,2,0.0702243447303772,e8e2,True,0.9712499976158142,True,-1,2,12.025459800002864,
3264,1172,discoveredCheck doubleCheck kingsideAttack mate mateIn1 oneMove opening,28,41,d5f6,True,0.9374770820064252,1,-0.8751165866851807,d5f6,True,0.9950000047683716,True,-1,1,0.04855700000189245,
3265,1060,crushing endgame fork master short,95,21,f3g3,True,0.6254531432802225,1,-0.14949174225330353,f3g3,True,0.9862499833106995,True,-1,2,12.341450300009456,
3266,1040,crushing discoveredAttack kingsideAttack middlegame short,33,47,g7g6,False,0.015025317391368868,4,-0.24280938506126404,g7g6,False,0.0012499999720603228,False,0,1,6.13640079999459,
3267,1088,mate mateIn2 middlegame short,29,44,h2g3,False,0.46474051274114103,2,0.06105613708496094,h2g1,True,0.9662500023841858,True,-1,2,0.29037949998746626,
3268,1038,crushing endgame fork short,86,30,f4f1,False,0.3941259448259699,2,-0.6324202418327332,f4d6,True,0.9787499904632568,True,-1,2,12.278784199996153,
3269,1041,advantage discoveredAttack middlegame short,31,33,f8d6,False,0.0010187456863217797,26,-0.5711185932159424,d8d7,False,0.0,False,0,1,5.813244500022847,
3270,1355,advantage endgame master short trappedPiece,48,28,f4f5,True,0.6616777697175155,1,-0.8873931765556335,f4f5,True,0.9900000095367432,True,-1,2,11.702452400000766,
3271,1015,crushing endgame pin short,87,12,f6g5,True,0.2882098402192728,1,-0.1779954880475998,f6g5,True,0.9737499952316284,True,-1,2,12.166816799988737,
3272,1358,mate mateIn1 oneMove opening,18,47,c1g5,True,0.5493490574727646,1,-0.18818320333957672,c1g5,True,0.9700000286102295,True,-1,1,0.15814159999717958,
3273,1343,advantage attraction discoveredAttack endgame long,49,24,e7f5,True,0.8893807283272346,1,-0.9395349621772766,e7f5,True,0.9925000071525574,True,-1,3,18.303696399991168,
3274,1037,endgame mate mateIn2 short,67,34,f8f2,True,0.8100710318605439,1,0.126800537109375,f8f2,True,0.9925000071525574,True,-1,2,0.13030159997288138,
3275,1178,mate mateIn1 middlegame oneMove,42,34,h5h7,True,0.6196322715854053,1,-0.5431128740310669,h5h7,True,0.987500011920929,True,-1,1,0.10444709999137558,
3276,1320,advancedPawn master mate mateIn2 middlegame sacrifice short,55,42,e6e5,False,0.10867162132246283,3,-0.1360945999622345,g6g3,True,0.9674999713897705,True,-1,2,0.2552559000032488,
3277,1440,advantage fork long opening trappedPiece,21,31,c7c5,True,0.5408662731354159,1,0.021601123735308647,c7c5,True,0.9587500095367432,True,-1,3,18.44505010001012,
3278,1275,kingsideAttack mate mateIn1 middlegame oneMove,42,31,c7g7,False,0.23389693928125832,2,-0.4401811957359314,g3g7,True,0.9725000262260437,True,-1,1,0.20047849998809397,
3279,1426,advantage middlegame short trappedPiece,37,37,h7h6,False,0.15574467120533106,3,-0.15307193994522095,c8a8,True,0.9712499976158142,True,-1,2,11.949926300003426,
3280,1408,endgame mate mateIn2 short,64,33,f5e6,False,0.07235991064528326,5,0.7244059443473816,e1e8,True,0.9362499713897705,True,-1,2,0.5311946000147145,
3281,1048,mate mateIn2 middlegame short,52,39,f1f7,True,0.9116527838579909,1,0.1575639247894287,f1f7,True,0.9962499737739563,True,-1,2,0.2065848000056576,
3282,1245,advantage endgame fork short,46,27,h1h7,False,0.21839883033399307,2,0.06238819286227226,g5e6,True,0.9725000262260437,True,-1,2,12.211097899999004,
3283,1132,advantage hangingPiece middlegame short,31,31,d8g5,True,0.8774583861305972,1,-0.3339703679084778,d8g5,True,0.9962499737739563,True,-1,2,12.870770099980291,
3284,1330,kingsideAttack mate mateIn1 oneMove opening,26,44,c7a8,False,0.18463398509173196,2,0.5648637413978577,b3f7,True,0.956250011920929,True,-1,1,0.2867561000166461,
3285,1011,crushing endgame short trappedPiece,67,11,g8g7,True,0.5935513113499272,1,-0.9784393310546875,g8g7,True,0.9900000095367432,True,-1,2,12.404479799995897,
3286,1242,mate mateIn2 middlegame short,54,41,f7f8,True,0.8775020923335655,1,0.44438475370407104,f7f8,True,0.9950000047683716,False,2,2,0.1023968999797944,
3287,1394,endgame mate mateIn1 oneMove,56,38,f2f3,False,0.07293997411197004,5,-0.4242021441459656,c8h8,True,0.9574999809265137,True,-1,1,0.2524678999907337,
3288,1417,advantage attraction endgame fork long,62,44,f7g6,True,0.9102565912717937,1,-0.074570432305336,f7g6,True,0.9950000047683716,True,-1,3,18.32250199999544,
3289,1077,crushing endgame master pin short,64,35,h4g5,True,0.7878021835261034,1,-0.31597068905830383,h4g5,True,0.9887499809265137,True,-1,2,11.529114100005245,
3290,1390,crushing endgame master masterVsMaster short skewer,110,24,f8g7,False,0.008270730161626924,6,0.8064001798629761,f8c5,False,0.0,False,0,1,6.0865984999982174,
3291,1359,mate mateIn2 middlegame short,33,42,c8a6,True,0.6871277765061679,1,-0.5376175045967102,c8a6,True,0.9887499809265137,True,-1,2,0.22724809998180717,
3292,1324,mate mateIn1 middlegame oneMove,33,30,f8b4,True,0.5050603182942094,1,-0.9059895277023315,f8b4,True,0.9850000143051147,True,-1,1,0.11489409999921918,
3293,1052,mate mateIn1 middlegame oneMove,55,34,h1e1,True,0.44334583666289124,1,0.024991372600197792,h1e1,True,0.981249988079071,True,-1,1,0.13589380000485107,
3294,1090,endgame mate mateIn1 oneMove,55,42,g2h2,True,0.848250407981929,1,0.5906195044517517,g2h2,True,0.9937499761581421,True,-1,1,0.062401599978329614,
3295,1429,advantage long middlegame pin,54,2,b1b2,False,0.32138927760443814,2,-0.9658133387565613,e4d4,True,0.981249988079071,True,-1,3,18.231426800019108,
3296,1033,endgame mate mateIn2 queenRookEndgame short,79,15,g6g5,True,0.7776409961663062,1,-0.46714404225349426,g6g5,True,0.9912499785423279,True,-1,2,0.4879434000176843,
3297,1063,endgame kingsideAttack mate mateIn2 short,49,35,d3d1,True,0.8176290372147198,1,0.5062363743782043,d3d1,True,0.9912499785423279,True,-1,2,0.12416029997984879,
3298,1333,mate mateIn2 middlegame queensideAttack short,42,40,h2h3,False,0.2131934017975523,2,-0.5639932751655579,e1e8,True,0.9737499952316284,True,-1,2,0.22990150001714937,
3299,1275,crushing deflection endgame short,58,33,b1b8,False,0.1458322944955507,4,0.5570687055587769,a6a7,True,0.9424999952316284,True,-1,2,12.536420700023882,
3300,1172,mate mateIn1 oneMove opening,22,42,e8b5,True,0.24476966620459234,1,0.4265274703502655,e8b5,True,0.9624999761581421,True,-1,1,0.2525510999839753,
3301,1422,advantage deflection endgame master short,61,44,d5c6,False,0.009266052012240417,11,-0.31547248363494873,d5f5,False,0.15625,False,0,1,6.12658179999562,
3302,1059,endgame master mate mateIn1 oneMove operaMate,60,35,a2a4,False,0.24343317241289725,2,0.9186691641807556,a8d8,True,0.9049999713897705,True,-1,1,0.5904993999865837,
3303,1214,mate mateIn2 middlegame short,57,36,c5f2,True,0.41728879045604134,1,0.029225626960396767,c5f2,True,0.9787499904632568,True,-1,2,0.4276674999855459,
3304,1186,crushing middlegame short trappedPiece,36,36,f4f5,True,0.5913040060861016,1,0.1627308577299118,f4f5,True,0.9750000238418579,True,-1,2,11.521477700007381,
3305,1342,anastasiaMate attraction endgame mate mateIn2 sacrifice short,48,35,e7d5,False,0.010130752413646974,4,-0.1306479573249817,e7d5,False,0.0024999999441206455,False,0,1,5.491794400004437,
3306,1137,crushing endgame fork short,67,20,h6f4,True,0.9016374712464055,1,-0.6127324104309082,h6f4,True,0.9962499737739563,True,-1,2,11.923303099989425,
3307,1258,advantage fork middlegame short,29,30,e8g8,False,0.055194076881032963,4,-0.30353808403015137,c7f4,True,0.9125000238418579,True,-1,2,11.86220420000609,
3308,1102,endgame fork mate mateIn2 short,58,36,f3f8,False,0.11494709298695006,2,0.3147551119327545,f3f7,True,0.9612500071525574,True,-1,2,0.5222208999912255,
3309,1148,crushing fork middlegame short,23,35,g6h4,True,0.4441636679768483,1,-0.18031878769397736,g6h4,True,0.9750000238418579,True,-1,2,12.384411599981831,
3310,1282,crushing discoveredAttack kingsideAttack middlegame short,39,41,d4d3,False,0.039032649001702766,6,-0.41809722781181335,e5f3,True,0.918749988079071,True,-1,2,11.70295239999541,
3311,1353,advantage hangingPiece opening short,27,24,g7f6,False,0.444862085665861,2,-0.1701427400112152,e7f6,True,0.9775000214576721,True,-1,2,11.942353400023421,
3312,1237,mate mateIn2 middlegame sacrifice short,56,50,f1f8,True,0.2577962397403971,1,-0.9726232886314392,f1f8,True,0.9800000190734863,True,-1,2,0.25160479999613017,
3313,1403,endgame long mate mateIn3 sacrifice,54,53,h2h4,False,0.10586955406360224,2,0.28564324975013733,g5g6,True,0.9549999833106995,True,-1,3,0.8169751999957953,
3314,1163,advantage endgame master pin short,74,35,a6d6,True,0.48642145797860364,1,-0.8625468015670776,a6d6,True,0.9850000143051147,True,-1,2,11.945113499998115,
3315,1123,blindSwineMate endgame master mate mateIn1 oneMove rookEndgame,68,29,f7f6,False,0.3107874780480129,2,0.6233425140380859,f1f6,True,0.9624999761581421,True,-1,1,0.2074336000077892,
3316,1179,mate mateIn2 middlegame queensideAttack short,44,36,b3b4,False,0.008957002796878758,17,-0.8980134725570679,b3b4,False,0.07374999672174454,False,0,1,5.314646100014215,
3317,1425,endgame mate mateIn2 short triangleMate,54,28,f7h7,True,0.6714472470474437,1,-0.7533737421035767,f7h7,True,0.9900000095367432,True,-1,2,0.1702023999823723,
3318,1027,endgame mate mateIn1 oneMove,73,25,f3h1,True,0.9256060763411953,1,-0.7391370534896851,f3h1,True,0.9950000047683716,True,-1,1,0.04950669998652302,
3319,1304,advantage endgame exposedKing fork long,83,3,f5g5,True,0.619400726800352,1,-0.961224377155304,f5g5,True,0.9887499809265137,True,-1,3,18.234355199994752,
3320,1268,crushing deflection endgame veryLong,50,35,d1h1,True,0.37777210093141883,1,-0.1221691444516182,d1h1,True,0.9737499952316284,True,-1,4,23.073816400021315,
3321,1052,endgame mate mateIn2 short,61,29,h6h2,True,0.9377449096044809,1,-0.8250184655189514,h6h2,True,0.9950000047683716,True,-1,2,0.16064270000788383,
3322,1071,advantage middlegame pin short,53,34,c6d4,True,0.4545558059005178,1,-0.9983536005020142,c6d4,True,0.981249988079071,True,-1,2,12.360591800010297,
3323,1064,endgame mate mateIn2 short,67,29,e6e1,True,0.5459535518981361,1,-0.5336397290229797,e6e1,True,0.9862499833106995,True,-1,2,0.14126120001310483,
3324,1125,endgame mate mateIn2 short,54,30,a4a8,True,0.8581982531198434,1,-0.396864116191864,a4a8,True,0.9937499761581421,True,-1,2,0.20383600000059232,
3325,1304,crushing endgame pin short,60,30,c5f8,False,0.27440899740167907,2,0.32605981826782227,c5d4,True,0.9624999761581421,True,-1,2,12.231135799986077,
3326,1081,mate mateIn2 middlegame queensideAttack short,48,35,c2c7,True,0.9721504282006668,1,-0.5912057757377625,c2c7,True,0.9975000023841858,True,-1,2,0.21296569998958148,
3327,1444,kingsideAttack long mate mateIn3 middlegame sacrifice,41,40,e5g5,False,0.000597013988750904,24,-0.8730469346046448,e5g5,False,0.0,False,0,1,6.086982199980412,
3328,1448,advantage attraction deflection long middlegame,46,33,h5h4,False,0.09846133709555059,4,-0.800313413143158,d1d7,True,0.9587500095367432,True,-1,3,17.867497100000037,
3329,1295,mate mateIn2 middlegame short,73,28,g5g2,True,0.7325555522435243,1,-0.05319371446967125,g5g2,True,0.9900000095367432,True,-1,2,0.26163890000316314,
3330,1225,endgame mate mateIn2 queensideAttack short,74,19,e7e8,True,0.4545894581712273,1,-0.5766103863716125,e7e8,True,0.9837499856948853,True,-1,2,0.20620869999402203,
3331,1232,advantage attraction endgame fork long sacrifice,64,27,e4c5,False,0.0017483502475460194,16,-0.10949261486530304,e4c5,False,0.0,False,0,1,6.0679090000048745,
3332,1097,crushing fork opening short,18,34,f1d3,False,0.0014087016365637874,11,0.20012067258358002,f1d3,False,0.0,False,0,1,6.111686799995368,
3333,1195,mate mateIn2 middlegame short,28,42,d5b3,False,0.1607836838735043,2,0.23537933826446533,f3h5,True,0.9387500286102295,True,-1,2,1.1261608000204433,
3334,1275,crushing discoveredAttack endgame short,51,23,f6e5,True,0.5456185799839088,1,-0.37765786051750183,f6e5,True,0.9737499952316284,True,-1,2,12.124337299988838,
3335,1381,advantage deflection endgame long,71,37,e8e4,True,0.34171492907489254,1,-0.3980657458305359,e8e4,True,0.9775000214576721,True,-1,3,18.21955889998935,
3336,1186,endgame mate mateIn2 short,92,27,b8f4,True,0.5658852980297855,1,-0.39642080664634705,b8f4,True,0.9850000143051147,True,-1,2,0.35657249999349006,
3337,1395,crushing long master middlegame pin,71,48,e3e1,False,0.2617458630833186,2,0.4746420383453369,d2f2,True,0.887499988079071,True,-1,3,18.877566300012404,
3338,1159,endgame long mate mateIn3 rookEndgame,72,23,g5g6,True,0.3924144964893383,1,-0.29251259565353394,g5g6,True,0.9775000214576721,True,-1,3,0.6030554999888409,
3339,1115,endgame mate mateIn1 oneMove pin,84,42,g6h6,True,0.23484340670195103,1,0.08357632160186768,g6h6,True,0.96875,True,-1,1,0.22591989999637008,
3340,1180,crushing endgame queenEndgame short skewer,78,28,d5a5,False,0.0316464428841409,4,0.02726839669048786,d5d8,True,0.8849999904632568,True,-1,2,12.435464700014563,
3341,1417,fork long mate mateIn3 middlegame,56,41,h4g5,True,0.6943824740235012,1,-0.3854711949825287,h4g5,True,0.9900000095367432,True,-1,3,0.4707240000134334,
3342,1409,endgame mate mateIn2 short,74,28,g8h7,True,0.38107009368511957,1,-0.5814046263694763,g8h7,True,0.9725000262260437,False,2,2,0.2768056000059005,
3343,1135,advancedPawn kingsideAttack mate mateIn2 middlegame sacrifice short,48,43,f3g2,False,0.11967083292975056,3,-0.8563070297241211,g1g6,True,0.9787499904632568,True,-1,2,0.2523321000044234,
3344,1169,crushing endgame fork short,61,35,g5f4,False,0.23214316871146512,2,-0.6297403573989868,g5d2,True,0.949999988079071,True,-1,2,10.625324299995555,
3345,1351,advantage endgame fork short,54,31,d7e6,True,0.6355099387387848,1,-0.9502056837081909,d7e6,True,0.9900000095367432,True,-1,2,12.14488770000753,
3346,1270,advantage deflection endgame pin short,58,43,b1c1,False,0.25512155776938183,2,-0.2616878151893616,f5h6,True,0.9712499976158142,True,-1,2,8.739779199997429,
3347,1032,mate mateIn1 middlegame oneMove,20,37,b7c6,False,0.1428633901349241,2,0.8797804117202759,b7c8,True,0.9599999785423279,True,-1,1,0.26641579999704845,
3348,1424,crushing hangingPiece master middlegame short,59,38,d8d5,False,0.16671313353072825,3,0.7520459294319153,f5b1,True,0.9512500166893005,True,-1,2,11.994403499993496,
3349,1283,advantage endgame fork long,91,20,h5h1,True,0.7985174605791943,1,-0.5783973932266235,h5h1,True,0.9900000095367432,True,-1,3,17.377416100003757,
3350,1035,kingsideAttack mate mateIn2 middlegame pillsburysMate short,49,38,d8e8,False,0.01352615186711607,4,0.2649199962615967,d8d1,True,0.5212500095367432,True,-1,2,2.983351799979573,
3351,1109,crushing discoveredAttack discoveredCheck endgame rookEndgame short,86,7,f4e3,True,0.48795238164129334,1,-0.521658182144165,f4e3,True,0.9800000190734863,True,-1,2,12.586124099994777,
3352,1007,mate mateIn2 middlegame short,71,45,d4f2,True,0.5485719554731346,1,-0.9354007244110107,d4f2,True,0.9887499809265137,True,-1,2,0.16226300000562333,
3353,1104,mate mateIn1 middlegame oneMove,51,34,b7g2,True,0.4342827252542999,1,0.25075992941856384,b7g2,True,0.9825000166893005,True,-1,1,0.1400114999851212,
3354,1385,attraction endgame kingsideAttack long mate mateIn3 sacrifice,51,32,g8g6,False,0.0010160265721169226,22,0.4126945436000824,h5h6,False,0.0,False,0,1,6.125134099973366,
3355,1040,crushing endgame short skewer,50,27,g2c6,False,0.15270501166007172,2,-0.6975690126419067,d7f7,True,0.9712499976158142,True,-1,2,12.289871900022263,
3356,1200,crushing endgame fork short,76,28,f2e4,True,0.49769354961440554,1,-0.14356166124343872,f2e4,True,0.9825000166893005,True,-1,2,12.502346600027522,
3357,1332,crushing defensiveMove endgame hangingPiece short,82,3,e3e2,True,0.8427531124656898,1,0.5074176788330078,e3e2,True,0.9887499809265137,True,-1,2,12.01966999997967,
3358,1052,endgame mate mateIn2 short,62,27,e4h7,True,0.9456678957944576,1,-0.3488916754722595,e4h7,True,0.9975000023841858,True,-1,2,0.3242536000034306,
3359,1293,mate mateIn1 middlegame oneMove,50,45,c3b5,True,0.5666452569257736,1,-0.8723905682563782,c3b5,True,0.9850000143051147,True,-1,1,0.10443740000482649,
3360,1237,mate mateIn2 middlegame short,26,41,a3a4,True,0.4385231932284987,1,-0.7612090110778809,a3a4,True,0.9862499833106995,True,-1,2,0.14050330000463873,
3361,1057,kingsideAttack mate mateIn2 middlegame sacrifice short,55,30,h6h3,True,0.7096011866613331,1,-0.9325678944587708,h6h3,True,0.9887499809265137,True,-1,2,0.1334995999932289,
3362,1061,advantage fork opening short,13,26,d8d4,True,0.9214344747906651,1,-0.47506800293922424,d8d4,True,0.9950000047683716,True,-1,2,11.41441220001434,
3363,1286,crushing deflection endgame veryLong,63,30,e2b2,False,0.05940817501671772,5,0.1722811460494995,e2b2,False,0.013749999925494194,False,0,1,6.063798100018175,
3364,1071,mate mateIn1 middlegame oneMove,56,33,d5f4,False,0.20676460081421705,2,-0.5293803215026855,d5e7,True,0.9762499928474426,True,-1,1,0.17728610002086498,
3365,1185,endgame long mate mateIn3 sacrifice,47,41,d2f2,True,0.7252567747352511,1,0.35847043991088867,d2f2,True,0.9887499809265137,True,-1,3,0.6002684999839403,
3366,1374,endgame mate mateIn1 oneMove,90,26,g5g8,True,0.9747138864361693,1,0.39483898878097534,g5g8,True,0.9975000023841858,True,-1,1,0.03541179999592714,
3367,1409,endgame mate mateIn1 oneMove pillsburysMate,47,30,f7f5,False,0.06344475906641661,6,-0.7136554718017578,d5d1,True,0.9587500095367432,True,-1,1,0.2691497999767307,
3368,1151,deflection endgame mate mateIn2 short,71,34,f6d4,True,0.7507933575405952,1,0.25662246346473694,f6d4,True,0.9900000095367432,True,-1,2,0.11701069999253377,
3369,1034,crushing long middlegame sacrifice,68,41,b1f1,False,0.07424683961107281,4,-0.7264031767845154,b7b8,True,0.7262499928474426,True,-1,3,17.5019111999718,
3370,1258,crushing fork middlegame short,64,32,g5e6,True,0.4771070037286992,1,-0.26086029410362244,g5e6,True,0.9837499856948853,True,-1,2,11.812635599984787,
3371,1198,endgame mate mateIn1 oneMove,183,19,g2h2,False,0.15872295571573797,2,-0.0855276808142662,g2g3,True,0.9700000286102295,True,-1,1,0.21038720000069588,
3372,1282,endgame mate mateIn1 oneMove pin,73,29,e3e1,False,0.18739364148765605,3,0.015751611441373825,e3h3,True,0.96875,True,-1,1,0.24893520001205616,
3373,1025,backRankMate endgame hangingPiece mate mateIn2 short,59,33,b3a2,False,0.22803582259827526,2,0.5161631107330322,b3d1,True,0.96875,True,-1,2,0.29366749999462627,
3374,1114,advantage discoveredAttack middlegame short,30,31,f3d4,True,0.7857845294500728,1,-0.2394881546497345,f3d4,True,0.9312499761581421,True,-1,2,12.287845199985895,
3375,1086,advantage bishopEndgame endgame fork long,60,20,c3c4,True,0.29550240052317134,1,0.06023566424846649,c3c4,True,0.9612500071525574,True,-1,3,18.555351399991196,
3376,1375,endgame long mate mateIn3 rookEndgame,86,14,h5g6,True,0.6358067243806242,1,-0.1536572277545929,h5g6,True,0.9837499856948853,True,-1,3,0.7429694999882486,
3377,1158,attraction crushing deflection endgame short,70,24,e4e7,True,0.6527040033347595,1,-0.8948508501052856,e4e7,True,0.9900000095367432,True,-1,2,10.905790699995123,
3378,1065,crushing endgame rookEndgame short skewer,125,16,g7g5,True,0.42532218919234227,1,0.00518377311527729,g7g5,True,0.96875,True,-1,2,11.726678000006359,
3379,1253,mate mateIn2 middlegame short,38,38,e2e7,True,0.6299954077408241,1,-0.542678952217102,e2e7,True,0.9900000095367432,False,2,2,0.1196199000114575,
3380,1415,mate mateIn1 middlegame oneMove pin,30,37,a2a3,False,0.1854702428591421,3,0.1530963033437729,c3b5,True,0.9599999785423279,True,-1,1,0.25723019998986274,
3381,1092,crushing discoveredAttack middlegame short,32,36,c4d3,False,0.10647639516586194,3,0.23494090139865875,c4b5,True,0.9574999809265137,True,-1,2,12.252937099983683,
3382,1264,endgame exposedKing long mate mateIn3,73,27,b1g1,True,0.5167621433812682,1,-0.936896026134491,b1g1,True,0.9862499833106995,True,-1,3,0.33163790000253357,
3383,1242,endgame mate mateIn1 oneMove,81,27,b5f1,True,0.7831921156062593,1,-0.019678471609950066,b5f1,True,0.9912499785423279,True,-1,1,0.08219859999371693,
3384,1077,advancedPawn crushing endgame long promotion rookEndgame sacrifice,84,17,b4g4,False,0.11400251919363356,2,0.006749291904270649,b5b6,True,0.7275000214576721,True,-1,3,18.592141100001754,
3385,1338,epauletteMate mate mateIn1 middlegame oneMove,60,39,f1f7,True,0.5945259000478565,1,-0.9700743556022644,f1f7,True,0.8899999856948853,True,-1,1,0.09266070000012405,
3386,1188,advantage middlegame short skewer,57,35,d5h1,True,0.8611191425229849,1,-0.39536088705062866,d5h1,True,0.9950000047683716,True,-1,2,12.281052300008014,
3387,1164,crushing fork middlegame short,42,37,b5d6,False,0.3751111540099767,2,0.5307173728942871,b5c7,True,0.9700000286102295,True,-1,2,12.275954599987017,
3388,1035,crushing endgame rookEndgame short skewer,105,22,g7f6,False,0.3179659058964453,2,-0.8007433414459229,f1f4,True,0.9787499904632568,True,-1,2,12.304990300006466,
3389,1445,advancedPawn crushing deflection endgame promotion short,99,17,f5f4,False,0.20496615862257905,2,-0.4700392186641693,g4g3,True,0.96875,True,-1,2,10.500191800005268,
3390,1112,advancedPawn crushing discoveredAttack endgame short,92,12,f6g6,False,0.044345107694453934,5,-0.4793102741241455,c6c7,True,0.9312499761581421,True,-1,2,11.22455829998944,
3391,1125,endgame mate mateIn2 short,67,46,c3e5,True,0.8859221236740303,1,0.6099278926849365,c3e5,True,0.9925000071525574,True,-1,2,0.20355939998989925,
3392,1192,advantage capturingDefender endgame exposedKing fork long,40,34,g1g5,True,0.7170412727735623,1,-0.4098186194896698,g1g5,True,0.9912499785423279,True,-1,3,17.815118400001666,
3393,1259,crushing middlegame pin short,24,34,d3c4,True,0.7127283539971205,1,0.31238624453544617,d3c4,True,0.9887499809265137,True,-1,2,12.194357300002594,
3394,1387,clearance kingsideAttack long mate mateIn3 middlegame sacrifice,66,35,h4f4,False,0.08055702668453087,3,-0.5174556970596313,h4h8,True,0.9712499976158142,True,-1,3,0.7601243999961298,
3395,1148,crushing endgame kingsideAttack long master masterVsMaster sacrifice,62,36,f6f4,False,0.22689316552975175,2,0.32848435640335083,f6f4,False,0.3499999940395355,False,0,1,5.798922699992545,
3396,1107,mate mateIn1 oneMove opening,19,53,h4h3,True,0.5168599949141284,1,0.7943018674850464,h4h3,True,0.9775000214576721,True,-1,1,0.16305770000326447,
3397,1152,advantage deflection discoveredAttack middlegame short,18,38,d5f6,True,0.7708865933949831,1,-0.6417788863182068,d5f6,True,0.9912499785423279,True,-1,2,12.3758450000023,
3398,1005,mate mateIn1 middlegame oneMove,37,41,d8d2,True,0.7546626176718579,1,0.4194503426551819,d8d2,True,0.987500011920929,True,-1,1,0.0971688000136055,
3399,1326,mate mateIn1 middlegame oneMove,56,37,f1f4,True,0.5011581656684619,1,-0.8790916800498962,f1f4,True,0.9850000143051147,True,-1,1,0.13996359999873675,
3400,1189,crushing deflection fork middlegame sacrifice veryLong,47,36,g7g3,True,0.3335270932990643,1,0.02881191484630108,g7g3,True,0.9737499952316284,True,-1,4,10.487160699995002,
3401,1007,advantage discoveredAttack middlegame short,38,34,h2h3,False,0.007816760936205352,16,-0.14079205691814423,h2h3,False,0.0,False,0,1,6.136853700008942,
3402,1053,mate mateIn2 middlegame short,54,34,f1f8,True,0.7749043349143526,1,0.20643021166324615,f1f8,True,0.9937499761581421,True,-1,2,0.09728719998383895,
3403,1012,crushing endgame fork long,59,28,f8g7,False,0.06620443481856815,2,-0.02327355369925499,g3g1,True,0.9325000047683716,True,-1,3,18.521185900026467,
3404,1115,mate mateIn1 middlegame oneMove,59,35,e5h5,True,0.9371073752400336,1,0.577497124671936,e5h5,True,0.9975000023841858,True,-1,1,0.03614690000540577,
3405,1254,mate mateIn2 middlegame queensideAttack short,45,29,b4a3,True,0.6090209081257707,1,-0.9722169637680054,b4a3,True,0.9900000095367432,True,-1,2,0.13413850002689287,
3406,1335,advantage endgame long pin,60,44,c3f6,False,0.2321608469314184,2,-0.29796355962753296,h5h6,True,0.9612500071525574,True,-1,3,18.09362470000633,
3407,1111,crushing opening pin short,19,36,g8f6,False,0.0059614011421195105,4,-0.12951356172561646,g8f6,False,0.0,False,0,1,6.0338339000009,
3408,1331,backRankMate fork master mate mateIn2 opening short,24,40,b5c7,True,0.976092497738037,1,-0.5535110831260681,b5c7,True,0.9975000023841858,True,-1,2,0.07199089997448027,
3409,1421,advantage discoveredAttack opening short,19,24,f6d5,True,0.3584172339204158,1,-0.017006708309054375,f6d5,True,0.9725000262260437,True,-1,2,12.108950399997411,
3410,1318,advantage endgame rookEndgame short skewer,95,23,b2f2,True,0.5611959373945042,1,0.11592593789100647,b2f2,True,0.9862499833106995,True,-1,2,12.276761699991766,
3411,1085,advantage discoveredAttack discoveredCheck endgame short,73,15,e6e5,True,0.37694192513726815,1,-0.3666470944881439,e6e5,True,0.9662500023841858,True,-1,2,12.233972799993353,
3412,1152,mate mateIn1 middlegame morphysMate oneMove,26,39,c3b4,True,0.6227304649676141,1,0.48345884680747986,c3b4,True,0.9762499928474426,True,-1,1,0.17835159998503514,
3413,1097,mate mateIn2 middlegame short,18,36,c4d5,False,0.05357953214367956,3,0.1102626845240593,f3h5,True,0.6349999904632568,True,-1,2,2.5823647000070196,
3414,1446,crushing endgame long pin,56,38,f2e3,False,0.369647295295179,2,0.5289457440376282,d8f6,True,0.9599999785423279,True,-1,3,16.268731799995294,
3415,1102,backRankMate hangingPiece mate mateIn2 middlegame short,41,39,d4a1,True,0.7031730430774051,1,-0.4430121183395386,d4a1,True,0.9887499809265137,True,-1,2,0.14179250001325272,
3416,1226,mate mateIn1 middlegame oneMove,54,36,h5h7,False,0.2856768105492819,2,-0.6389141082763672,h5h8,True,0.9800000190734863,True,-1,1,0.14734920000773855,
3417,1342,crushing endgame fork short,68,30,f5h6,False,0.2427798279416391,2,-0.10093489289283752,f5e7,True,0.9700000286102295,True,-1,2,12.437441899994155,
3418,1027,master mate mateIn1 middlegame oneMove,60,42,h5h7,True,0.4691989711317575,1,0.6295302510261536,h5h7,True,0.9825000166893005,True,-1,1,0.15839590001269244,
3419,1257,deflection mate mateIn2 middlegame short,36,36,h7h8,True,0.6705991149781904,1,0.26526767015457153,h7h8,True,0.9887499809265137,True,-1,2,0.16554339998401701,
3420,1009,endgame master mate mateIn1 oneMove,64,28,f5h7,True,0.8979581404874246,1,-0.35556432604789734,f5h7,True,0.9962499737739563,True,-1,1,0.053978299984009936,
3421,1033,long mate mateIn3 middlegame sacrifice,49,30,h3g3,False,0.0732265483245086,5,-0.9630936980247498,d4f2,True,0.9674999713897705,False,4,3,0.3451573000056669,
3422,1070,advantage attraction deflection endgame long,61,26,f5e4,True,0.7459947084998223,1,-0.6020350456237793,f5e4,True,0.9912499785423279,True,-1,3,18.390766800002893,
3423,1053,crushing endgame fork short,119,20,e4f4,True,0.5067996289756636,1,-0.12469833344221115,e4f4,True,0.9837499856948853,True,-1,2,12.24045670000487,
3424,1375,advantage capturingDefender endgame long pin,66,21,a1e1,True,0.7003753269645827,1,-0.933504581451416,a1e1,True,0.9887499809265137,True,-1,3,17.714123599987943,
3425,1221,mate mateIn2 middlegame sacrifice short,87,42,h5g3,True,0.838961922335266,1,0.45783674716949463,h5g3,True,0.9937499761581421,True,-1,2,0.17855250000138767,
3426,1148,attackingF2F7 mate mateIn1 middlegame oneMove,34,33,b3f7,True,0.9340016889664513,1,0.8788981437683105,b3f7,True,0.9962499737739563,True,-1,1,0.0410107999923639,
3427,1264,endgame master mate mateIn1 oneMove,70,23,h3g4,True,0.7488659913230064,1,0.43217894434928894,h3g4,True,0.7487499713897705,True,-1,1,0.021531700011109933,
3428,1396,deflection mate mateIn4 middlegame veryLong,41,42,e6h3,False,0.19874323418351766,2,-0.9698010683059692,c7c1,True,0.918749988079071,True,-1,4,1.2400511000014376,
3429,1314,advantage discoveredAttack discoveredCheck long opening,22,42,e4d6,True,0.8907972826229618,1,-0.5457088947296143,e4d6,True,0.9962499737739563,True,-1,3,18.320294499979354,
3430,1220,kingsideAttack mate mateIn2 middlegame short,53,38,g3h3,True,0.44195372389223336,1,0.8389579057693481,g3h3,True,0.9787499904632568,False,2,2,0.29622099999687634,
3431,1085,mate mateIn1 middlegame oneMove,47,45,h4h1,True,0.7242592183748181,1,0.9751073122024536,h4h1,True,0.9800000190734863,True,-1,1,0.1461894999956712,
3432,1110,crushing endgame fork short,61,23,e4d2,True,0.4334154643602471,1,0.16483157873153687,e4d2,True,0.9725000262260437,True,-1,2,12.52263540000422,
3433,1102,advantage attraction kingsideAttack opening short,21,44,d4f2,True,0.5458652231650971,1,0.10419434309005737,d4f2,True,0.9862499833106995,True,-1,2,12.263189099990996,
3434,1441,endgame mate mateIn2 operaMate short,47,28,c3d4,False,0.10084734115457171,4,-0.45806145668029785,d2d1,True,0.699999988079071,True,-1,2,2.058598899981007,
3435,1013,backRankMate endgame mate mateIn2 short,79,16,a2e2,False,0.07118976729180103,2,-0.7164466381072998,a2a1,True,0.8912500143051147,True,-1,2,0.6812001000216696,
3436,1252,endgame mate mateIn1 oneMove rookEndgame,116,15,c7c2,False,0.2736755196760996,2,0.30968984961509705,c7c8,True,0.9424999952316284,True,-1,1,0.3749223999911919,
3437,1177,advantage fork middlegame short,27,43,f7f6,False,0.18971898819690708,3,-0.9647016525268555,b4a2,True,0.9775000214576721,True,-1,2,12.193101700016996,
3438,1389,endgame mate mateIn2 queenEndgame short,141,30,e5b8,True,0.8675867802782118,1,-0.32740285992622375,e5b8,True,0.9937499761581421,True,-1,2,0.12456620001466945,
3439,1411,fork mate mateIn2 opening short,23,36,b4c2,True,0.9491604555978167,1,-0.8433423638343811,b4c2,True,0.9950000047683716,True,-1,2,0.25154669999028556,
3440,1078,crushing endgame fork short,56,33,f3f5,True,0.3593158489359479,1,-0.2747824788093567,f3f5,True,0.9737499952316284,True,-1,2,11.743560999981128,
3441,1275,crushing master middlegame pin short,43,34,c8f5,True,0.4017749114811844,1,-0.8759236335754395,c8f5,True,0.9762499928474426,True,-1,2,11.858197800000198,
3442,1206,endgame mate mateIn2 short,62,27,a5d8,True,0.9168437532561071,1,-0.2400304526090622,a5d8,True,0.9925000071525574,True,-1,2,0.14716210000915453,
3443,1333,advantage deflection endgame long master,79,27,g2f4,False,0.26594077452546655,2,-0.057827144861221313,e8e3,True,0.8675000071525574,True,-1,3,17.95449699999881,
3444,1392,crushing deflection endgame long master rookEndgame,70,28,c8c5,False,0.059623216733920306,3,-0.43670761585235596,c8c5,False,0.011250000447034836,False,0,1,6.210137200017925,
3445,1220,advantage fork opening short,14,39,e2b5,True,0.725476932126815,1,-0.6021833419799805,e2b5,True,0.9887499809265137,True,-1,2,12.324081099999603,
3446,1309,crushing fork middlegame short,29,33,g4f5,False,0.3561965597243414,2,0.0028661631513386965,d8d4,True,0.9662500023841858,True,-1,2,11.649551900016377,
3447,1230,mate mateIn1 middlegame oneMove,40,42,g4g7,True,0.6496552295568264,1,0.44221365451812744,g4g7,True,0.981249988079071,True,-1,1,0.13643780001439154,
3448,1384,crushing hangingPiece long middlegame,49,27,e8e1,True,0.6289301344152792,1,0.15604859590530396,e8e1,True,0.9887499809265137,True,-1,3,18.70001489997958,
3449,1048,crushing discoveredAttack endgame interference long pin,76,29,a4a8,True,0.5502000795670636,1,-0.11597920954227448,a4a8,True,0.981249988079071,True,-1,3,18.341011499986053,
3450,1174,mate mateIn1 oneMove opening,14,37,d5f6,True,0.8777408199797242,1,-0.07530391961336136,d5f6,True,0.9937499761581421,True,-1,1,0.05910290000610985,
3451,1093,endgame mate mateIn1 oneMove,108,19,h7h8,True,0.7097613043943612,1,0.08411552011966705,h7h8,True,0.987500011920929,True,-1,1,0.09467100002802908,
3452,1146,advantage attraction kingsideAttack long opening sacrifice,20,35,d3h7,True,0.7981229356954839,1,0.07110632956027985,d3h7,True,0.9862499833106995,True,-1,3,17.783090899989475,
3453,1364,endgame mate mateIn2 short,71,14,b2b1,True,0.4431338902395376,1,-0.9036157131195068,b2b1,True,0.9850000143051147,True,-1,2,0.2731906999833882,
3454,1289,kingsideAttack mate mateIn1 middlegame oneMove,40,42,h6h7,True,0.7438505333001632,1,0.8980296850204468,h6h7,True,0.9887499809265137,True,-1,1,0.0798748999950476,
3455,1037,cornerMate endgame mate mateIn2 short,37,30,g6d3,True,0.6770529089860243,1,-0.9673418998718262,g6d3,True,0.9925000071525574,True,-1,2,0.11176679999334738,
3456,1447,advantage discoveredAttack intermezzo long middlegame,48,28,c2g6,True,0.9833402521431176,1,-0.42470476031303406,c2g6,True,0.9987499713897705,True,-1,3,18.437517499987734,
3457,1397,endgame mate mateIn2 short,62,32,f1f8,True,0.2597967904852266,1,-0.6515769958496094,f1f8,True,0.9787499904632568,True,-1,2,0.19699240001500584,
3458,1099,crushing endgame fork short,63,32,e4f2,True,0.5805785644129248,1,-0.7599546313285828,e4f2,True,0.9887499809265137,True,-1,2,12.03320539998822,
3459,1087,advantage endgame pin short,44,31,d1g1,True,0.4265215226855783,1,-0.4468979835510254,d1g1,True,0.9750000238418579,True,-1,2,12.215358099987498,
3460,1010,advantage fork long middlegame,52,33,d1d8,True,0.8481220527335851,1,-0.7489851713180542,d1d8,True,0.9962499737739563,True,-1,3,18.53510120001738,
3461,1317,backRankMate endgame long mate mateIn3 xRayAttack,52,33,c1c5,False,0.14588828445615207,2,-0.9915188550949097,b7c8,True,0.9762499928474426,True,-1,3,0.616298300010385,
3462,1364,advantage fork master middlegame short,40,44,f5e4,False,0.04178006582168393,5,-0.5762316584587097,f4e6,True,0.9200000166893005,True,-1,2,11.381889599986607,
3463,1385,endgame mate mateIn1 oneMove queenEndgame,82,26,b4e7,False,0.16130192646929295,2,-0.15285830199718475,b4f4,True,0.9737499952316284,True,-1,1,0.16696890001185238,
3464,1265,kingsideAttack mate mateIn2 middlegame short,64,41,f7g7,True,0.5488557451273658,1,0.1436515897512436,f7g7,True,0.9862499833106995,True,-1,2,0.25890460002119653,
3465,1060,endgame mate mateIn2 short,72,27,h4h7,True,0.5835657644942666,1,0.5193161964416504,h4h7,True,0.9787499904632568,True,-1,2,0.2830790000152774,
3466,1015,crushing defensiveMove endgame hangingPiece master short,78,31,d6e8,True,0.914221012309679,1,0.4455655515193939,d6e8,True,0.9950000047683716,True,-1,2,10.065433300012955,
3467,1447,advantage fork middlegame short,77,34,e4e3,False,0.0895616321641155,4,-0.18920451402664185,d4d1,True,0.9337499737739563,True,-1,2,11.135073400015244,
3468,1169,crushing deflection middlegame short skewer,60,37,g3f4,False,0.2441628158635919,2,0.3595942556858063,d5a8,True,0.9612500071525574,True,-1,2,11.612650199997006,
3469,1218,mate mateIn1 middlegame oneMove,35,39,b5e2,True,0.8073874480043748,1,-0.3623277246952057,b5e2,True,0.9912499785423279,True,-1,1,0.08333500000298955,
3470,1145,blindSwineMate endgame mate mateIn1 oneMove,64,28,f7f8,False,0.30691408123303376,2,0.2932383418083191,b8f8,True,0.9624999761581421,True,-1,1,0.2460674000030849,
3471,1135,kingsideAttack master mate mateIn1 middlegame oneMove,48,41,f1f2,False,0.16352958342589513,2,0.912549614906311,g4g7,True,0.9624999761581421,True,-1,1,0.25344549998408183,
3472,1334,endgame mate mateIn1 oneMove rookEndgame,156,9,g7g8,False,0.05251831049814154,2,0.9757955074310303,g7g8,False,0.05375000089406967,False,0,1,0.02158240001881495,
3473,1394,advantage discoveredAttack exposedKing middlegame sacrifice veryLong,34,30,d5f6,True,0.27296932292365333,1,-0.1759539097547531,d5f6,True,0.9612500071525574,True,-1,5,30.972577300010016,
3474,1437,attraction endgame mate mateIn2 sacrifice short,53,45,c8c7,False,0.0020114099750290814,16,-0.4003046751022339,f4e6,False,0.0,False,0,1,5.391900099988561,
3475,1131,crushing endgame fork short,80,27,b6d7,True,0.8042850822483618,1,-0.3823511302471161,b6d7,True,0.9912499785423279,True,-1,2,12.173072300007334,
3476,1301,discoveredAttack discoveredCheck mate mateIn2 middlegame queensideAttack short,38,28,b5c3,False,0.08822074508012488,3,-0.461508184671402,b5d6,True,0.9712499976158142,True,-1,2,0.4806494000076782,
3477,1140,mate mateIn1 middlegame oneMove,62,32,h4h5,True,0.44137459108441324,1,0.003294552443549037,h4h5,True,0.9800000190734863,True,-1,1,0.15007699999841861,
3478,1154,mate mateIn2 middlegame operaMate short,39,37,e5h5,True,0.946095779126077,1,-0.05279745161533356,e5h5,True,0.9975000023841858,True,-1,2,0.2047211999888532,
3479,1396,crushing fork middlegame short,49,34,e7d7,False,0.05344149893963284,4,0.027161037549376488,f4g3,False,0.18125000596046448,False,0,1,5.6848649000166915,
3480,1030,attraction kingsideAttack mate mateIn2 middlegame sacrifice short,34,43,f3h5,False,0.07686462750500717,3,-0.6261852979660034,h4h7,True,0.9674999713897705,True,-1,2,0.2554165000037756,
3481,1378,backRankMate long mate mateIn3 middlegame sacrifice xRayAttack,43,30,d8d7,False,0.0030627768070742,9,-0.9996141195297241,d8d7,False,0.0,False,0,1,3.1969987000047695,
3482,1231,crushing middlegame short skewer,45,38,h1g2,False,0.14510967887623358,3,0.1041775494813919,h1h4,True,0.856249988079071,True,-1,2,10.741937999991933,
3483,1254,endgame mate mateIn2 short,56,32,d1d7,False,0.32161941636545316,2,0.5803688764572144,g4d7,True,0.9737499952316284,True,-1,2,0.4252822999842465,
3484,1061,advantage hangingPiece middlegame short,27,47,h8h4,True,0.9248586300374109,1,0.04630068689584732,h8h4,True,0.9950000047683716,True,-1,2,12.022358199988957,
3485,1318,fork mate mateIn2 middlegame short,44,44,g5h6,True,0.8398125202563067,1,0.8214867115020752,g5h6,True,0.9925000071525574,True,-1,2,0.12239979999139905,
3486,1266,crushing master middlegame pin short,38,54,d5f5,False,0.02303496136002018,3,0.4653628468513489,e2g4,True,0.8137500286102295,True,-1,2,11.744943099998636,
3487,1195,endgame mate mateIn2 short,106,22,f8f6,True,0.5471319461179455,1,-0.03666625916957855,f8f6,True,0.9800000190734863,True,-1,2,0.17089469998609275,
3488,1012,advantage fork middlegame short,50,30,g5f7,True,0.7134991498525293,1,-0.3382101058959961,g5f7,True,0.9900000095367432,True,-1,2,11.907146899990039,
3489,1313,kingsideAttack mate mateIn2 middlegame short,49,28,d6h2,True,0.4732518488361721,1,-0.2653598487377167,d6h2,True,0.9825000166893005,True,-1,2,0.24939959999755956,
3490,1145,mate mateIn1 oneMove opening,20,45,h5f7,True,0.36892081260622267,1,0.817741334438324,h5f7,True,0.9524999856948853,True,-1,1,0.29423339999630116,
3491,1278,endgame long mate mateIn3 sacrifice,65,41,b4b3,False,8.741586785159567e-05,38,0.3990424871444702,f6b6,False,0.0,False,0,1,6.1463197999983095,
3492,1392,endgame mate mateIn2 short,47,41,f6f2,True,0.7340343731404506,1,0.2757798135280609,f6f2,True,0.9862499833106995,True,-1,2,0.1599419999984093,
3493,1284,crushing endgame fork short,82,35,e4e5,False,0.2845838261711301,2,-0.034093063324689865,f6f5,True,0.96875,True,-1,2,12.216690200002631,
3494,1019,crushing discoveredAttack opening short,19,38,d6c5,True,0.780921727966482,1,-0.10615245252847672,d6c5,True,0.9900000095367432,True,-1,2,12.099740900011966,
3495,1196,crushing deflection middlegame short,45,33,f4h4,False,0.10249153786643267,2,0.32969921827316284,d7h3,True,0.9624999761581421,True,-1,2,10.210523499990813,
3496,1160,endgame master mate mateIn1 oneMove,85,40,a6a2,False,0.33195771938297525,2,-0.39457401633262634,d5a2,True,0.9787499904632568,True,-1,1,0.16311789999599569,
3497,1077,kingsideAttack mate mateIn1 oneMove opening,21,36,h4h2,True,0.7039489631161809,1,-0.12417201697826385,h4h2,True,0.9862499833106995,True,-1,1,0.10446470000897534,
3498,1113,mate mateIn2 middlegame operaMate sacrifice short,40,39,e2f3,False,0.03740328636576561,3,-0.21588796377182007,e2e8,True,0.5237500071525574,True,-1,2,2.9040994999813847,
3499,1215,crushing discoveredAttack kingsideAttack opening short,19,33,d6h2,True,0.44556637571535496,1,-0.03399403393268585,d6h2,True,0.9762499928474426,True,-1,2,12.088774600008037,
3500,1051,crushing fork middlegame short,23,32,c8b7,False,0.034927717142664204,4,-0.031454961746931076,c7c5,True,0.9012500047683716,True,-1,2,11.98511830001371,
3501,1242,advantage endgame fork short,65,35,e8e6,False,0.21568002832101957,3,-0.5458675026893616,h5e5,True,0.9750000238418579,True,-1,2,11.64998149999883,
3502,1152,endgame master mate mateIn1 oneMove,50,25,g5g7,False,0.0933577218462687,2,-0.7576643228530884,g5h5,True,0.9762499928474426,True,-1,1,0.15729060000739992,
3503,1179,advantage endgame short skewer,57,25,h5d1,False,0.153500432448487,2,-0.9392938017845154,d5c5,True,0.9762499928474426,True,-1,2,12.11139030000777,
3504,1295,endgame master masterVsMaster mate mateIn1 oneMove,86,34,e8h8,True,0.6217956509148616,1,0.22614958882331848,e8h8,True,0.981249988079071,True,-1,1,0.1383804999932181,
3505,1081,endgame long mate mateIn3,62,30,e8f8,True,0.9819316605789449,1,-0.618333637714386,e8f8,True,0.9987499713897705,True,-1,3,0.21353629999794066,
3506,1177,advantage discoveredAttack master middlegame short,38,43,d4g7,True,0.7572537817218948,1,-0.08749622851610184,d4g7,True,0.9862499833106995,True,-1,2,12.43913860002067,
3507,1111,crushing deflection endgame rookEndgame short,166,17,c1c4,True,0.3731446398257613,1,-0.9826467037200928,c1c4,True,0.9712499976158142,True,-1,2,12.201104400010081,
3508,1116,master masterVsMaster mate mateIn1 middlegame oneMove,72,37,d4g7,True,0.9253043858274128,1,0.523190438747406,d4g7,True,0.9950000047683716,True,-1,1,0.050760400015860796,
3509,1400,endgame exposedKing long mate mateIn3,63,43,d4e5,False,0.19357586448826827,3,0.25791218876838684,f4f1,True,0.7737500071525574,True,-1,3,5.5709851999999955,
3510,1064,advancedPawn mate mateIn2 middlegame promotion short,30,32,d2d8,True,0.5143928827172678,1,0.14055708050727844,d2d8,True,0.9800000190734863,True,-1,2,0.1960646999941673,
3511,1116,advantage fork long middlegame,42,44,d4e6,True,0.8561234154683338,1,-0.7660682201385498,d4e6,True,0.9925000071525574,True,-1,3,18.26818800001638,
3512,1133,crushing kingsideAttack middlegame sacrifice short,35,40,e7f8,False,0.08578470081412472,3,-0.13869605958461761,e7e1,True,0.6812499761581421,True,-1,2,11.988096000015503,
3513,1018,backRankMate endgame mate mateIn2 sacrifice short,51,42,f2f1,True,0.3143685569360271,1,-0.5358836650848389,f2f1,True,0.9800000190734863,True,-1,2,0.1897987000120338,
3514,1316,mate mateIn1 middlegame oneMove,42,48,b7c7,True,0.9716183306304695,1,0.7787380814552307,b7c7,True,0.9975000023841858,True,-1,1,0.034566399990580976,
3515,1168,endgame mate mateIn2 short,57,45,d6h2,True,0.9879291456475731,1,0.024263586848974228,d6h2,True,0.9987499713897705,True,-1,2,0.16779909998876974,
3516,1129,kingsideAttack long mate mateIn3 middlegame,48,40,e1e8,True,0.9285390964204739,1,-0.2509766221046448,e1e8,True,0.9950000047683716,True,-1,3,0.27711850000196137,
3517,1297,mate mateIn1 middlegame oneMove,73,28,e4g2,True,0.485941840793549,1,-0.7642807364463806,e4g2,True,0.8512499928474426,True,-1,1,0.09763269999530166,
3518,1428,endgame mate mateIn2 queenEndgame short swallowstailMate,80,25,f8f4,True,0.39235103839884744,1,-0.20009839534759521,f8f4,True,0.9750000238418579,True,-1,2,0.3646711999899708,
3519,1029,crushing endgame fork short,89,18,b2g2,False,0.22235680457014512,2,-0.543228805065155,g7f5,True,0.9800000190734863,True,-1,2,11.846940199990058,
3520,1447,advantage endgame fork long,72,36,h7g6,False,0.07828303917282114,5,0.10523034632205963,f5g7,True,0.9012500047683716,True,-1,3,11.82873379997909,
3521,1007,kingsideAttack mate mateIn2 middlegame short,46,35,e2h5,True,0.9456184329420374,1,-0.9356605410575867,e2h5,True,0.9975000023841858,True,-1,2,0.14542899999651127,
3522,1149,advantage fork middlegame short,39,34,g5c5,True,0.8049563617754264,1,-0.9101792573928833,g5c5,True,0.9950000047683716,True,-1,2,12.177993099991,
3523,1154,crushing discoveredAttack discoveredCheck endgame short,77,4,h8g7,False,0.011258068632140652,3,-0.756449818611145,g4g8,True,0.5412499904632568,True,-1,2,12.25249939999776,
3524,1301,crushing fork middlegame short,55,29,h4g3,True,0.8630543705584669,1,-0.07789768278598785,h4g3,True,0.9962499737739563,True,-1,2,12.133175099996151,
3525,1138,crushing endgame fork long,62,36,c3c8,True,0.74683524999597,1,-0.264053612947464,c3c8,True,0.9900000095367432,True,-1,3,17.823415699996985,
3526,1235,crushing endgame fork long,65,36,e6b6,False,0.08669195300048428,5,-0.24817800521850586,f6a1,True,0.9574999809265137,True,-1,3,17.608190700004343,
3527,1100,endgame mate mateIn1 oneMove operaMate queensideAttack,50,33,c1c8,True,0.9677969089981306,1,-0.013960801996290684,c1c8,True,0.9975000023841858,True,-1,1,0.03563889997894876,
3528,1016,crushing endgame hangingPiece short,87,16,h1d1,True,0.9947063835386256,1,-0.3076671063899994,h1d1,True,0.9987499713897705,True,-1,2,11.92322029999923,
3529,1166,endgame mate mateIn1 oneMove,75,20,c7c1,True,0.9745480522138542,1,0.022153690457344055,c7c1,True,0.9975000023841858,True,-1,1,0.03476979999686591,
3530,1171,mate mateIn2 middlegame operaMate queensideAttack sacrifice short,39,50,c3c1,True,0.19361869668534215,1,-0.864743709564209,c3c1,True,0.9712499976158142,True,-1,2,0.32229340000776574,
3531,1325,advantage endgame short skewer,65,29,d5c4,True,0.4124511356375382,1,-0.3347702622413635,d5c4,True,0.9787499904632568,True,-1,2,12.186767300008796,
3532,1003,advancedPawn crushing endgame hangingPiece master masterVsMaster short,114,4,h7g6,True,0.7658178634262871,1,0.06406570971012115,h7g6,True,0.9900000095367432,True,-1,2,12.013122200005455,
3533,1247,mate mateIn1 middlegame oneMove pin,54,38,f3h3,False,0.15478422215152604,2,0.33997076749801636,f3h3,False,0.15625,False,0,1,0.027998500008834526,
3534,1253,advantage middlegame short trappedPiece,36,37,g1h1,True,0.3346979474490323,1,-0.8985454440116882,g1h1,True,0.9750000238418579,True,-1,2,12.045952899992699,
3535,1396,crushing fork long middlegame,30,52,f3g4,True,0.8651098066092688,1,0.07274095714092255,f3g4,True,0.9937499761581421,True,-1,3,18.250188099977095,
3536,1419,endgame mate mateIn2 pin short,71,28,f3d1,False,0.15389406637547712,3,-0.10667645186185837,f5e3,True,0.96875,True,-1,2,0.40110550000099465,
3537,1300,mate mateIn1 middlegame oneMove,28,44,b5d3,False,0.0998941554304916,4,0.4113122522830963,a4a5,True,0.9474999904632568,True,-1,1,0.3334037999738939,
3538,1036,attackingF2F7 mate mateIn1 middlegame oneMove,32,44,d5f7,True,0.9528492425419705,1,0.9590537548065186,d5f7,True,0.9937499761581421,True,-1,1,0.05545010001515038,
3539,1006,attackingF2F7 mate mateIn1 middlegame oneMove,25,44,d4f2,True,0.792680398163716,1,-0.13515110313892365,d4f2,True,0.9900000095367432,True,-1,1,0.08030729999882169,
3540,1126,discoveredAttack kingsideAttack long mate mateIn3 middlegame pillsburysMate,32,43,e1a1,False,0.010526622726575506,10,-0.773864209651947,e1a1,False,0.0012499999720603228,False,0,1,5.55571630000486,
3541,1046,advancedPawn attraction exposedKing long mate mateIn3 middlegame promotion queensideAttack,68,34,b3b6,False,0.001219364838747421,15,-0.31541651487350464,b3b6,False,0.0,False,0,1,6.152371400006814,
3542,1090,deflection discoveredAttack discoveredCheck doubleCheck kingsideAttack mate mateIn2 middlegame pin short,51,35,f2h3,True,0.5636542727744583,1,0.4571884870529175,f2h3,True,0.9837499856948853,True,-1,2,0.17835329999797978,
3543,1015,endgame master mate mateIn1 oneMove rookEndgame,139,17,f8h8,True,0.5951200236266933,1,-0.7441897392272949,f8h8,True,0.987500011920929,True,-1,1,0.09864179999567568,
3544,1397,endgame mate mateIn4 sacrifice veryLong,41,42,d8d1,False,9.817343949989025e-05,37,0.042743030935525894,d8d2,False,0.0,False,0,1,6.16455750001478,
3545,1088,mate mateIn1 oneMove opening,24,49,c3b5,True,0.5614316347516849,1,-0.06958582252264023,c3b5,True,0.9825000166893005,True,-1,1,0.1256180000200402,
3546,1261,clearance crushing discoveredAttack discoveredCheck endgame long pin,59,20,f7g7,False,0.3531394217199681,2,-0.18252170085906982,e5e4,True,0.9712499976158142,True,-1,3,18.591346500004875,
3547,1195,kingsideAttack mate mateIn1 middlegame oneMove pillsburysMate,32,43,h1h7,True,0.3502157032164721,1,0.7256606221199036,h1h7,True,0.96875,True,-1,1,0.19793979998212308,
3548,1357,advancedPawn advantage endgame promotion sacrifice veryLong,115,15,c4c3,True,0.6844257666239181,1,-0.07647082209587097,c4c3,True,0.9825000166893005,True,-1,4,23.344489999988582,
3549,1071,kingsideAttack mate mateIn2 middlegame short,34,50,g5h6,True,0.964138642681055,1,-0.9471712112426758,g5h6,True,0.9975000023841858,True,-1,2,0.10437290000845678,
3550,1014,mate mateIn2 middlegame queensideAttack short,40,43,b5a6,True,0.4645166139482228,1,-0.011262409389019012,b5a6,True,0.9800000190734863,True,-1,2,0.3311282999929972,
3551,1323,mate mateIn1 middlegame oneMove,74,30,c6e8,True,0.4464150301414569,1,-0.9257604479789734,c6e8,True,0.9862499833106995,True,-1,1,0.10595710002235137,
3552,1114,fork mate mateIn2 middlegame short,39,35,d3c3,True,0.9743591196540926,1,-0.13087719678878784,d3c3,True,0.9975000023841858,True,-1,2,0.0940480999997817,
3553,1192,crushing deflection endgame long skewer,99,15,c6c8,True,0.8642280082808224,1,-0.6148878335952759,c6c8,True,0.9937499761581421,True,-1,3,14.296725799998967,
3554,1328,advantage endgame fork long,52,33,d1d8,True,0.7240049839888782,1,-0.3393579423427582,d1d8,True,0.9900000095367432,True,-1,3,18.3488763999776,
3555,1015,advantage hangingPiece middlegame short,49,2,g8g7,True,0.8982323298456231,1,-0.20650772750377655,g8g7,True,0.9975000023841858,True,-1,2,12.028002900013234,
3556,1086,endgame kingsideAttack mate mateIn2 short,66,28,h6h7,True,0.515850975056992,1,0.9725499749183655,h6h7,True,0.9674999713897705,True,-1,2,0.3017742999945767,
3557,1349,endgame mate mateIn2 short,57,34,c8c1,True,0.4521071787333408,1,-0.48190030455589294,c8c1,True,0.9825000166893005,True,-1,2,0.16625670000212267,
3558,1139,advantage endgame fork short,66,38,d5e5,True,0.8509086443521773,1,-0.9578171968460083,d5e5,True,0.9925000071525574,True,-1,2,11.659434100001818,
3559,1233,endgame mate mateIn2 short,71,33,d8d1,True,0.7954372502777846,1,0.4549747705459595,d8d1,True,0.9900000095367432,True,-1,2,0.12877079998725094,
3560,1409,crushing discoveredAttack long middlegame,27,47,g4f6,False,0.00414850068699312,7,-0.30467918515205383,g4f6,False,0.0,False,0,1,5.681928100006189,
3561,1326,crushing fork middlegame short,44,43,e4f6,True,0.9009507236106613,1,-0.5696209073066711,e4f6,True,0.9962499737739563,True,-1,2,11.89647049998166,
3562,1011,advantage clearance middlegame pin short,64,44,h2h3,False,0.3188324457442519,2,-0.3542800545692444,e7f7,True,0.9737499952316284,True,-1,2,12.261016900010873,
3563,1044,crushing endgame fork short,43,35,e5f3,True,0.6628732357501819,1,0.3821793496608734,e5f3,True,0.9787499904632568,True,-1,2,11.03428089999943,
3564,1024,backRankMate endgame long mate mateIn3 sacrifice,62,24,f3f7,True,0.9237736980983927,1,-0.36482447385787964,f3f7,True,0.9962499737739563,True,-1,3,0.37268409997341223,
3565,1389,deflection fork long mate mateIn3 middlegame pillsburysMate,52,35,f3f7,True,0.9778888695751156,1,-0.19853757321834564,f3f7,True,0.9975000023841858,True,-1,3,0.286821499990765,
3566,1001,crushing endgame fork short,90,14,d4c6,False,0.13726030665788208,2,-0.21391092240810394,d4f5,True,0.9587500095367432,True,-1,2,12.50583129998995,
3567,1323,advantage endgame fork short,57,26,c2b4,True,0.9604062245422983,1,-0.4525274634361267,c2b4,True,0.9987499713897705,True,-1,2,12.348580499994569,
3568,1279,defensiveMove endgame long mate mateIn3 rookEndgame,64,3,g5g6,True,0.6795727766809784,1,-0.4239453673362732,g5g6,True,0.9912499785423279,True,-1,3,0.6337419000046793,
3569,1327,crushing endgame pin short,91,15,a4c4,False,0.21227269743666072,2,-0.39230260252952576,a4a3,True,0.9624999761581421,True,-1,2,12.561358899984043,
3570,1120,advantage fork middlegame short,34,31,d2d5,True,0.8595205862566819,1,0.008908884599804878,d2d5,True,0.9950000047683716,True,-1,2,12.642315999983111,
3571,1124,mate mateIn1 oneMove opening smotheredMate,31,42,a5b6,False,0.22125910275914176,2,-0.7075595259666443,e5d3,True,0.9787499904632568,True,-1,1,0.1471917000017129,
3572,1023,crushing endgame fork master short,94,44,e5f7,True,0.6950249657703265,1,0.06288892030715942,e5f7,True,0.9837499856948853,True,-1,2,11.163639000005787,
3573,1333,mate mateIn1 middlegame oneMove,85,32,b2b1,False,0.2697310499915053,2,-0.8906101584434509,c2h2,True,0.9762499928474426,True,-1,1,0.1587303999986034,
3574,1122,endgame mate mateIn2 short,69,20,g1f2,True,0.5800319224782549,1,-0.996597170829773,g1f2,True,0.9850000143051147,True,-1,2,0.2659515000123065,
3575,1267,advancedPawn crushing endgame promotion sacrifice veryLong,108,5,a7b5,False,0.13022055078198824,3,0.10235527157783508,a7b5,False,0.14249999821186066,False,0,1,5.864568399993004,
3576,1180,mate mateIn1 oneMove opening,15,31,b2c1,True,0.7075652406057628,1,-0.5807673931121826,b2c1,True,0.9925000071525574,True,-1,1,0.06271139997988939,
3577,1082,advantage discoveredAttack endgame master short,78,32,e4f5,True,0.6739461283363232,1,-0.10343194752931595,e4f5,True,0.9887499809265137,True,-1,2,11.990187299990794,
3578,1111,advantage endgame knightEndgame sacrifice short,102,10,c1e2,True,0.5428681179302797,1,-0.7879007458686829,c1e2,True,0.9862499833106995,True,-1,2,12.234080299997004,
3579,1166,endgame long mate mateIn3,68,49,f1g1,False,0.39632426856407166,2,-0.22948399186134338,g4f5,True,0.9750000238418579,True,-1,3,0.43434040001011454,
3580,1100,kingsideAttack mate mateIn1 middlegame oneMove,35,31,c7h2,True,0.9668746194147111,1,0.47934356331825256,c7h2,True,0.9962499737739563,True,-1,1,0.052683399990200996,
3581,1371,advantage attraction middlegame short,42,41,g1g7,True,0.235548736419566,1,0.22606626152992249,g1g7,True,0.9649999737739563,True,-1,2,12.329395600012504,
3582,1415,advantage exposedKing fork long middlegame,44,39,f6e5,False,0.21367707044643638,2,0.06509096175432205,h4h8,True,0.9624999761581421,True,-1,3,18.70119560000603,
3583,1234,advancedPawn backRankMate endgame mate mateIn2 promotion short,49,36,d8d1,True,0.8034933724600162,1,-0.9548496007919312,d8d1,True,0.9937499761581421,True,-1,2,0.16339800000423566,
3584,1317,endgame mate mateIn1 oneMove,89,30,e1h1,True,0.9379746754082683,1,-0.3605833947658539,e1h1,True,0.9962499737739563,True,-1,1,0.04337249998934567,
3585,1284,mate mateIn1 middlegame oneMove,34,37,c7a6,False,0.18302302584607327,2,-0.23917628824710846,e1e8,True,0.9762499928474426,True,-1,1,0.16207209997810423,
3586,1043,advantage endgame hangingPiece short,82,31,b3d4,True,0.7313587756802626,1,-0.5728881359100342,b3d4,True,0.9912499785423279,True,-1,2,12.386290300026303,
3587,1099,endgame long mate mateIn3,77,32,b1g1,True,0.7809041105851219,1,-0.8606747984886169,b1g1,True,0.9075000286102295,False,2,2,11.557896199985407,
3588,1295,endgame mate mateIn2 short vukovicMate,59,27,f2g2,False,0.388470441530494,2,-0.963380753993988,h5g3,True,0.981249988079071,True,-1,2,0.20256600002176128,
3589,1435,kingsideAttack mate mateIn2 opening sacrifice short,23,32,h4e4,False,0.014157444350609004,4,0.3024388551712036,e5f3,True,0.5512499809265137,True,-1,2,2.8340072999999393,
3590,1243,kingsideAttack mate mateIn1 middlegame oneMove,35,45,d5g2,True,0.7629686288970478,1,0.7693612575531006,d5g2,True,0.9887499809265137,True,-1,1,0.08932309999363497,
3591,1079,deflection kingsideAttack mate mateIn2 middlegame short,24,48,e4h7,True,0.5105036322694244,1,0.11713007837533951,e4h7,True,0.9775000214576721,True,-1,2,0.23350289999507368,
3592,1290,endgame mate mateIn1 oneMove,81,28,f4c4,False,0.13773473528704158,2,-0.20414496958255768,e2f1,True,0.9674999713897705,True,-1,1,0.21144129999447614,
3593,1189,endgame mate mateIn2 short,54,36,d1d7,False,0.26212288452921084,2,-0.8359894752502441,d1d6,True,0.9750000238418579,True,-1,2,0.3319195999938529,
3594,1077,cornerMate kingsideAttack master mate mateIn1 middlegame oneMove,52,41,d6f7,True,0.6832668406501045,1,0.28919869661331177,d6f7,True,0.9887499809265137,True,-1,1,0.08797249998315237,
3595,1344,mate mateIn1 middlegame oneMove,43,39,f3f2,True,0.4995354930438184,1,0.6112484335899353,f3f2,True,0.9674999713897705,True,-1,1,0.20292360000894405,
3596,1220,crushing endgame fork short,69,43,d4f2,True,0.8461123752597619,1,-0.6455878019332886,d4f2,True,0.9950000047683716,True,-1,2,9.684775800007628,
3597,1438,advancedPawn kingsideAttack mate mateIn1 middlegame oneMove,26,39,e6f7,True,0.48690886328355976,1,0.06660784780979156,e6f7,True,0.793749988079071,True,-1,1,0.22760169999673963,
3598,1243,advantage discoveredCheck doubleCheck master middlegame short,28,44,h4h5,True,0.6040637629424832,1,0.3774714767932892,h4h5,True,0.96875,True,-1,2,6.255261600017548,
3599,1191,crushing deflection long middlegame sacrifice,51,35,h4g5,False,0.011317892813548688,4,-0.45733529329299927,h4g5,False,0.39250001311302185,False,0,1,6.150178100011544,
3600,1058,attackingF2F7 mate mateIn1 middlegame oneMove,32,43,f3f7,True,0.7302207467249096,1,0.17470717430114746,f3f7,True,0.9900000095367432,True,-1,1,0.07964640000136569,
3601,1268,backRankMate endgame long mate mateIn3 sacrifice,78,46,c1c8,True,0.7185816698901755,1,-0.9384269714355469,c1c8,True,0.9925000071525574,True,-1,3,0.5405971000145655,
3602,1019,master mate mateIn1 middlegame oneMove queensideAttack,31,40,c7c2,True,0.8267434342621461,1,-0.07217805832624435,c7c2,True,0.9950000047683716,True,-1,1,0.04802499999641441,
3603,1052,mate mateIn1 middlegame oneMove,26,44,d7f5,True,0.4085693692488374,1,-0.039268817752599716,d7f5,True,0.9775000214576721,True,-1,1,0.1561502999975346,
3604,1070,epauletteMate mate mateIn1 middlegame oneMove,38,53,g1g7,True,0.7099351072504123,1,-0.8123998045921326,g1g7,True,0.9925000071525574,True,-1,1,0.06726400001207367,
3605,1222,endgame mate mateIn2 short,57,31,d2g2,True,0.5735580446057525,1,-0.642390787601471,d2g2,True,0.9825000166893005,True,-1,2,0.4238402000046335,
3606,1165,endgame mate mateIn2 short,62,33,a2f7,True,0.7354717810488548,1,-0.07685115933418274,a2f7,True,0.9887499809265137,True,-1,2,0.44996810000156984,
3607,1375,endgame mate mateIn2 short,57,24,d2f4,True,0.4020662700775204,1,-0.3232475519180298,d2f4,True,0.9837499856948853,True,-1,2,0.25165660001221113,
3608,1012,endgame master mate mateIn1 oneMove,78,25,b5b7,True,0.5859279536535892,1,0.46317657828330994,b5b7,True,0.9800000190734863,True,-1,1,0.18065140000544488,
3609,1137,mate mateIn1 middlegame oneMove,30,49,h6h7,True,0.5625252222783971,1,0.5834792256355286,h6h7,True,0.9649999737739563,True,-1,1,0.27016710001043975,
3610,1137,endgame long mate mateIn3 operaMate,53,28,d8d1,True,0.8194227144951993,1,-0.695274829864502,d8d1,True,0.9925000071525574,True,-1,3,0.4834567999932915,
3611,1432,endgame mate mateIn1 oneMove,74,37,b3f7,True,0.6417657526818591,1,0.4912687838077545,b3f7,True,0.9900000095367432,True,-1,1,0.0668186999973841,
3612,1031,kingsideAttack master mate mateIn1 middlegame oneMove,55,35,d5g2,True,0.4038088445666348,1,0.6245222687721252,d5g2,True,0.9624999761581421,True,-1,1,0.26787479998893104,
3613,1249,endgame mate mateIn1 oneMove,56,30,e4h4,True,0.7896821537155606,1,0.48994535207748413,e4h4,True,0.9912499785423279,True,-1,1,0.07768459999351762,
3614,1202,fork long mate mateIn3 middlegame pin,62,37,e1e8,True,0.6458383420411836,1,0.3966929614543915,e1e8,True,0.987500011920929,True,-1,3,1.171400299994275,
3615,1068,endgame mate mateIn1 oneMove,69,34,d4a1,True,0.7460583997230531,1,-0.4167546033859253,d4a1,True,0.9937499761581421,True,-1,1,0.06034699999145232,
3616,1177,endgame mate mateIn1 oneMove,65,21,d4f5,True,0.5273756305674673,1,-0.984391450881958,d4f5,True,0.9887499809265137,True,-1,1,0.08653030000277795,
3617,1048,crushing endgame short skewer,74,18,a7b7,False,0.03236043703743337,8,0.03038424625992775,a7a8,True,0.7925000190734863,True,-1,2,12.088814200018533,
3618,1128,endgame mate mateIn1 oneMove,49,27,d8g8,True,0.7572901951288741,1,-0.8016841411590576,d8g8,True,0.9925000071525574,True,-1,1,0.06319660000735894,
3619,1393,advantage endgame long sacrifice,58,31,d2e2,False,0.009113031421200107,21,-0.7281091809272766,g3g4,False,0.07999999821186066,False,0,1,5.802761699975235,
3620,1199,crushing fork long middlegame,43,37,a8c6,False,0.1031111722062106,4,-0.6490135192871094,g5f3,True,0.9750000238418579,True,-1,3,17.088209899986396,
3621,1410,deflection kingsideAttack mate mateIn2 opening short,21,47,d6h2,True,0.6499776284833719,1,-0.12266597151756287,d6h2,True,0.987500011920929,True,-1,2,0.14287400001194328,
3622,1348,advantage attackingF2F7 deflection opening short,14,49,d1d8,False,0.11773743595100741,3,0.2645273506641388,c4f7,True,0.9725000262260437,True,-1,2,11.695329700014554,
3623,1423,advancedPawn mate mateIn2 middlegame promotion short,77,29,e4e2,False,0.3211675935300856,2,-0.950356662273407,e4e1,True,0.9800000190734863,True,-1,2,0.30573270001332276,
3624,1128,master mate mateIn1 middlegame oneMove,46,35,g4g7,True,0.9118804818605885,1,0.9136092066764832,g4g7,True,0.9925000071525574,True,-1,1,0.05979889997979626,
3625,1429,advantage fork middlegame short,40,40,e1e5,True,0.6622379163278383,1,0.3661687672138214,e1e5,True,0.9800000190734863,True,-1,2,12.104417299997294,
3626,1010,advantage discoveredAttack endgame short,49,19,h6g7,False,0.14746740310043663,4,-0.9961519241333008,d8b6,True,0.9737499952316284,True,-1,2,11.907066699990537,
3627,1416,advantage discoveredAttack middlegame queensideAttack short,27,34,g5h4,False,0.0026557102590411474,7,-0.837782084941864,g5h5,False,0.0,False,0,1,6.113371899991762,
3628,1405,advantage long master middlegame skewer,45,36,b4b2,False,0.20600904880541068,2,0.45131680369377136,f6c3,True,0.9750000238418579,True,-1,3,18.28372869998566,
3629,1384,crushing discoveredAttack discoveredCheck endgame short,44,23,c3d5,True,0.6834832286897919,1,0.03664708137512207,c3d5,True,0.9775000214576721,False,2,2,12.505882600002224,
3630,1102,attraction mate mateIn4 middlegame pillsburysMate sacrifice veryLong,41,39,h8h2,True,0.19503211234605525,1,-0.9709637761116028,h8h2,True,0.9712499976158142,True,-1,4,1.3263865000044461,
3631,1099,endgame long mate mateIn3,73,14,a3a1,True,0.5045191484399993,1,-0.9958052635192871,a3a1,True,0.7912499904632568,True,-1,3,5.517106300016167,
3632,1345,advantage deflection endgame short,73,41,d3d1,False,0.03083917128696023,4,-0.8319459557533264,a1f1,True,0.8824999928474426,True,-1,2,12.54618509998545,
3633,1385,endgame mate mateIn2 morphysMate short,74,27,g3g8,True,0.9937034929913341,1,0.6866008639335632,g3g8,True,0.9987499713897705,True,-1,2,0.19854089998989366,
3634,1274,advantage hangingPiece intermezzo master middlegame short,35,33,d4e3,True,0.5587918302378497,1,-0.30929088592529297,d4e3,True,0.9862499833106995,True,-1,2,11.263384300022153,
3635,1181,mate mateIn1 middlegame oneMove,34,51,d1d8,False,0.33476250679475095,2,0.7824797630310059,f6d8,True,0.9674999713897705,True,-1,1,0.2093849999946542,
3636,1062,kingsideAttack master mate mateIn1 middlegame oneMove,45,40,d6h2,True,0.858389817734044,1,0.5869076251983643,d6h2,True,0.9912499785423279,True,-1,1,0.07576120001613162,
3637,1121,advancedPawn long mate mateIn3 middlegame,60,33,f3e4,False,0.25284140710348535,2,-0.8485307693481445,e3g5,True,0.9775000214576721,True,-1,3,0.7402450000226963,
3638,1133,backRankMate endgame long mate mateIn3,65,16,b3b1,True,0.4051854790667004,1,-0.9822165966033936,b3b1,True,0.981249988079071,True,-1,3,0.23496529998374172,
3639,1270,endgame mate mateIn1 oneMove,96,34,d7d8,False,0.160371957642748,2,0.04872731491923332,h3h8,True,0.9712499976158142,True,-1,1,0.19157019999693148,
3640,1036,backRankMate endgame mate mateIn2 sacrifice short,95,42,c2c1,True,0.6151489504742719,1,-0.3033750355243683,c2c1,True,0.9837499856948853,True,-1,2,0.14801920001627877,
3641,1200,crushing discoveredAttack fork middlegame short,41,34,a7a6,False,0.01164373194045977,12,-0.1345130056142807,b7b5,False,0.011250000447034836,False,0,1,5.915592999983346,
3642,1209,mate mateIn2 middlegame short,60,40,c7d8,True,0.9141648345923731,1,-0.3142212927341461,c7d8,True,0.9950000047683716,True,-1,2,0.08559349999995902,
3643,1007,advantage opening short skewer,28,38,c1g5,True,0.6163065231862109,1,-0.6486914753913879,c1g5,True,0.9862499833106995,True,-1,2,11.535406099981628,
3644,1037,advantage discoveredAttack master middlegame short,50,34,c6e7,True,0.43290894637305266,1,-0.03242556005716324,c6e7,True,0.9775000214576721,True,-1,2,11.989799000002677,
3645,1116,endgame mate mateIn2 queenEndgame short,90,17,h8d8,True,0.8533541563683665,1,-0.526755154132843,h8d8,True,0.9900000095367432,True,-1,2,0.3871826999820769,
3646,1429,endgame mate mateIn4 sacrifice veryLong,53,47,a2b2,False,0.0015949443840196159,14,-0.716672420501709,a2a8,False,0.0,False,0,1,6.1587173999869265,
3647,1064,discoveredAttack discoveredCheck master mate mateIn1 middlegame oneMove pillsburysMate,65,28,a3c5,False,0.06927224569357784,3,-0.07262176275253296,a3c1,True,0.9587500095367432,True,-1,1,0.26180450001265854,
3648,1011,advantage hangingPiece long middlegame,28,33,d3f5,True,0.7440820905709217,1,0.060022711753845215,d3f5,True,0.9887499809265137,True,-1,3,16.480000799987465,
3649,1114,crushing fork middlegame short,48,48,e4f5,False,0.10518233685720692,2,-0.6264252662658691,d5e7,True,0.9649999737739563,True,-1,2,11.759345900005428,
3650,1040,endgame mate mateIn1 morphysMate oneMove,80,30,a6d6,False,0.3916122771747272,2,0.11818193644285202,c5e7,True,0.96875,True,-1,1,0.20610860001761466,
3651,1099,crushing discoveredAttack discoveredCheck middlegame short,44,29,e3d4,True,0.8489366344153324,1,-0.9759820699691772,e3d4,True,0.9937499761581421,True,-1,2,11.975422699993942,
3652,1405,endgame mate mateIn2 short,67,29,h7h6,False,0.13603534802744568,3,-0.3958059549331665,h2h1,True,0.9649999737739563,True,-1,2,0.22814760002074763,
3653,1215,deflection discoveredAttack endgame kingsideAttack mate mateIn2 short,53,35,f8f7,False,0.26391783260909407,2,-0.15508411824703217,f4h2,True,0.9662500023841858,True,-1,2,0.2609050000028219,
3654,1442,crushing endgame fork long,46,37,g5f3,False,0.04719085426898712,4,0.27603885531425476,e4c4,True,0.7537500262260437,True,-1,3,18.644844599999487,
3655,1190,advantage fork opening short,24,42,g4g7,True,0.964429667605011,1,-0.7553317546844482,g4g7,True,0.9975000023841858,True,-1,2,12.243603599985363,
3656,1207,advantage fork opening short,21,42,d8a5,True,0.17653644905229554,1,-0.07149083912372589,d8a5,True,0.9524999856948853,True,-1,2,12.307280899985926,
3657,1392,crushing discoveredAttack endgame rookEndgame short,88,13,h3h7,False,0.01626909418867556,2,0.030599385499954224,h3h7,False,0.0037499999161809683,False,0,1,5.958913900016341,
3658,1289,crushing endgame fork short,95,21,e7f5,False,0.11557523020103526,3,-0.4500780999660492,e7d5,True,0.96875,True,-1,2,12.198777699988568,
3659,1426,endgame mate mateIn1 oneMove,77,24,h2e2,True,0.9065864560307937,1,0.5337291955947876,h2e2,True,0.9950000047683716,True,-1,1,0.05700319999596104,
3660,1317,crushing endgame fork master short,81,31,g5f4,True,0.7394140720798779,1,-0.5006940364837646,g5f4,True,0.9900000095367432,True,-1,2,12.49587350001093,
3661,1020,mate mateIn1 middlegame oneMove,24,43,c2g6,True,0.8808889325180109,1,0.056328870356082916,c2g6,True,0.9937499761581421,True,-1,1,0.05768530000932515,
3662,1366,crushing deflection endgame exposedKing master veryLong,75,39,e3c3,False,0.13638118894397078,3,-0.4003150165081024,h6f4,True,0.9624999761581421,True,-1,4,23.404254299995955,
3663,1319,crushing endgame fork short,74,34,h4h2,False,0.13089042657313915,3,0.48247089982032776,c5e6,True,0.9399999976158142,True,-1,2,11.246089400025085,
3664,1117,advantage middlegame pin short,44,29,h4f5,True,0.932163476389149,1,-0.9394340515136719,h4f5,True,0.9950000047683716,True,-1,2,11.778507899987744,
3665,1430,attraction kingsideAttack mate mateIn2 middlegame sacrifice short,59,22,g7g4,False,0.06487595272753176,4,-0.5424786806106567,g2h2,True,0.9537500143051147,True,-1,2,0.3090698999876622,
3666,1191,crushing fork middlegame short,43,33,e2g3,True,0.6687447607715338,1,-0.8265752792358398,e2g3,True,0.9887499809265137,True,-1,2,11.646530600002734,
3667,1128,endgame master mate mateIn1 oneMove,68,44,e6g8,True,0.7444439331764571,1,0.5650463104248047,e6g8,True,0.9837499856948853,True,-1,1,0.11403519997838885,
3668,1444,advancedPawn crushing deflection endgame exposedKing long,89,20,f8f1,False,0.3562455164574066,2,-0.5082260370254517,h4h3,True,0.9612500071525574,True,-1,3,18.27902630000608,
3669,1383,advantage discoveredAttack endgame short,59,31,f6f3,False,0.1617701175825635,3,0.044552240520715714,f6d4,True,0.9762499928474426,True,-1,2,11.880004400009057,
3670,1170,endgame mate mateIn2 pillsburysMate short,66,29,h3f5,True,0.6884313073763454,1,-0.6724671721458435,h3f5,True,0.9912499785423279,True,-1,2,0.15363119999528863,
3671,1299,crushing endgame exposedKing long skewer,54,35,e7a7,True,0.6914837660095075,1,-0.9454225301742554,e7a7,True,0.987500011920929,True,-1,3,18.639239899988752,
3672,1143,mate mateIn2 middlegame short,32,50,e5h5,True,0.6970423090178866,1,0.09500136971473694,e5h5,True,0.9887499809265137,True,-1,2,0.17248030001064762,
3673,1381,advancedPawn crushing endgame knightEndgame long sacrifice,86,24,f6f7,True,0.5990993482859689,1,0.11667356640100479,f6f7,True,0.8812500238418579,True,-1,3,15.176054999988992,
3674,1424,endgame master mate mateIn1 oneMove,109,25,d2d1,True,0.36308742270297906,1,0.28125572204589844,d2d1,True,0.9674999713897705,True,-1,1,0.20388939999975264,
3675,1272,endgame mate mateIn1 oneMove rookEndgame,93,32,c8c1,True,0.6307034090786553,1,-0.7955259084701538,c8c1,True,0.9887499809265137,True,-1,1,0.09013699999195524,
3676,1282,endgame hookMate mate mateIn1 oneMove,52,32,e7d7,True,0.42156853078433326,1,-0.30650565028190613,e7d7,True,0.9850000143051147,True,-1,1,0.11183380000875331,
3677,1190,endgame mate mateIn2 short,57,28,f8f1,True,0.9741228122670922,1,0.018345888704061508,f8f1,True,0.9975000023841858,True,-1,2,0.13679779999074526,
3678,1304,advantage endgame fork short,87,23,g5d2,True,0.8740846010356244,1,-0.4855154752731323,g5d2,True,0.9937499761581421,True,-1,2,12.421336200000951,
3679,1216,kingsideAttack mate mateIn2 middlegame short,44,43,f1g1,False,0.16355401183402993,2,-0.24675361812114716,d6e6,True,0.9737499952316284,True,-1,2,0.3958480999863241,
3680,1103,endgame mate mateIn1 oneMove,70,32,b6b7,True,0.5797253071566134,1,-0.28485235571861267,b6b7,True,0.9887499809265137,True,-1,1,0.09156979998806491,
3681,1043,advantage middlegame pin short,39,37,d6f4,True,0.5932067751543584,1,-0.4624130129814148,d6f4,True,0.987500011920929,True,-1,2,12.029040800000075,
3682,1422,crushing endgame pin short,96,21,c6c7,True,0.6297486242789999,1,0.2733559012413025,c6c7,True,0.9800000190734863,True,-1,2,12.084652099991217,
3683,1325,crushing endgame fork short,85,20,e2c3,True,0.41065099524103593,1,0.20375539362430573,e2c3,True,0.9787499904632568,True,-1,2,12.143823999998858,
3684,1083,bishopEndgame crushing endgame short skewer,72,15,h3h4,False,0.01739598623373603,8,-0.3838151693344116,d2c3,True,0.7012500166893005,True,-1,2,12.12377330000163,
3685,1089,crushing endgame fork short,71,22,e5f3,True,0.5627606270841897,1,0.03499925881624222,e5f3,True,0.9837499856948853,True,-1,2,12.264911699981894,
3686,1244,crushing fork middlegame short,47,35,e7e3,True,0.5866713709271979,1,-0.7138818502426147,e7e3,True,0.9837499856948853,True,-1,2,12.712998699978925,
3687,1096,crushing discoveredCheck doubleCheck master middlegame short,81,27,a8a5,False,0.06971408745745789,5,-0.23271402716636658,d5e3,True,0.9487500190734863,True,-1,2,12.111088000005111,
3688,1393,long mate mateIn3 middlegame,59,29,b8h2,True,0.6453277581563356,1,-0.45091918110847473,b8h2,True,0.9800000190734863,True,-1,3,0.4328174999973271,
3689,1294,advantage endgame long pin,39,26,f8c8,False,0.18008524603130863,3,-0.7918742299079895,c6c5,True,0.9725000262260437,True,-1,3,19.005459500011057,
3690,1019,crushing fork middlegame short,19,27,f8e7,False,0.37163733012471734,2,-0.04123019799590111,d8a5,True,0.9725000262260437,True,-1,2,12.745506499981275,
3691,1145,crushing discoveredAttack long opening,26,46,e1g1,False,0.04919061001874665,5,0.022161098197102547,d3h7,True,0.9375,True,-1,3,18.87892550000106,
3692,1049,crushing defensiveMove endgame hangingPiece long,81,9,f6g5,True,0.7981232249437943,1,-0.5874552726745605,f6g5,True,0.9912499785423279,True,-1,3,16.955549000005703,
3693,1407,crushing fork long middlegame sacrifice,66,34,d4f5,False,0.013127485912725638,13,-0.9935801029205322,f4g4,True,0.5287500023841858,True,-1,3,16.483290300006047,
3694,1203,crushing endgame fork short,81,27,e4e8,True,0.5783811693940805,1,0.024972030892968178,e4e8,True,0.9800000190734863,True,-1,2,12.170225100009702,
3695,1327,advancedPawn crushing endgame fork veryLong,117,12,c5e4,False,0.29553144235414147,2,0.08125294744968414,c5a4,True,0.9037500023841858,True,-1,4,12.989931899996009,
3696,1347,advantage clearance long middlegame trappedPiece,47,46,a8c6,True,0.32923336974571543,1,-0.6457722783088684,a8c6,True,0.9775000214576721,True,-1,3,17.39053539998713,
3697,1170,mate mateIn2 opening short,20,36,g7e6,True,0.38838170796327864,1,-0.22566936910152435,g7e6,True,0.9737499952316284,True,-1,2,0.3963989999901969,
3698,1099,crushing fork middlegame short,41,43,e5f3,True,0.30377136478815203,1,-0.21444851160049438,e5f3,True,0.9725000262260437,True,-1,2,10.598604200000409,
3699,1126,dovetailMate mate mateIn2 middlegame short,62,33,d1d8,True,0.81331392073419,1,-0.8460580706596375,d1d8,True,0.9937499761581421,True,-1,2,0.19876040000235662,
3700,1368,kingsideAttack mate mateIn2 middlegame sacrifice short,24,50,h1h6,True,0.7652253328441263,1,0.39698919653892517,h1h6,True,0.987500011920929,True,-1,2,0.13575779998791404,
3701,1153,advantage endgame fork short,58,22,g5h7,False,0.35769759620413677,2,-0.5315343737602234,g5e4,True,0.9712499976158142,True,-1,2,12.24659339999198,
3702,1426,mate mateIn1 middlegame oneMove pin smotheredMate,34,40,e4c5,False,0.10412103753258202,3,-0.5609636306762695,e4d6,True,0.9725000262260437,True,-1,1,0.18478669997421093,
3703,1448,advantage fork middlegame short,28,36,d3c4,False,0.06173719042079453,3,0.13606758415699005,d1b3,True,0.9287499785423279,True,-1,2,12.031946500006597,
3704,1329,mate mateIn2 middlegame queensideAttack sacrifice short xRayAttack,56,45,c3b4,False,0.08739788956175919,3,-0.6311312913894653,a2a8,True,0.9662500023841858,False,2,2,0.2721346000034828,
3705,1069,advantage endgame fork short,82,22,d4f5,True,0.5708095547314569,1,-0.9923191666603088,d4f5,True,0.9850000143051147,True,-1,2,12.38309030001983,
3706,1115,discoveredAttack kingsideAttack mate mateIn2 middlegame pin sacrifice short,46,43,g5g3,False,0.0940158869023319,5,-0.8499584794044495,g6e7,True,0.9700000286102295,True,-1,2,0.3781666999857407,
3707,1102,mate mateIn1 middlegame oneMove,66,42,d1c1,False,0.13666414614551342,2,0.5780397057533264,h7b7,True,0.9524999856948853,True,-1,1,0.280839199986076,
3708,1056,mate mateIn2 middlegame short,75,25,h2h1,True,0.2977624754476981,1,-0.9634038805961609,h2h1,True,0.9787499904632568,True,-1,2,0.2464449999970384,
3709,1162,mate mateIn2 middlegame short,43,31,g4g3,True,0.9854959943483282,1,0.2737320363521576,g4g3,True,0.9987499713897705,True,-1,2,0.4352730000100564,
3710,1104,endgame kingsideAttack mate mateIn1 oneMove,73,26,f8f1,True,0.9858111993110652,1,0.3448297083377838,f8f1,True,0.9975000023841858,True,-1,1,0.03559970000060275,
3711,1235,crushing endgame fork master short,66,23,e8g6,True,0.8212874261435826,1,0.16809582710266113,e8g6,True,0.9900000095367432,True,-1,2,12.18054200001643,
3712,1014,crushing fork middlegame short,77,40,e4e2,True,0.4375785471401251,1,-0.7609901428222656,e4e2,True,0.9825000166893005,True,-1,2,12.297387700004037,
3713,1362,endgame mate mateIn2 short,65,32,h4f2,True,0.9567681702851069,1,-0.8793018460273743,h4f2,True,0.9975000023841858,True,-1,2,0.2623215999919921,
3714,1145,advantage fork middlegame short,33,37,g7e5,False,0.27891206222065984,2,0.1984204351902008,d4e2,True,0.9574999809265137,True,-1,2,12.336987299990142,
3715,1026,mate mateIn1 middlegame oneMove,35,41,e8e1,True,0.37839893911715283,1,-0.17917640507221222,e8e1,True,0.981249988079071,True,-1,1,0.1509799999766983,
3716,1295,crushing endgame fork short,53,32,d5d4,False,0.23145913859551526,2,0.021085083484649658,d5g5,True,0.9624999761581421,True,-1,2,12.350144900003215,
3717,1159,crushing deflection master middlegame short,45,57,e4f3,False,0.028624329437206848,6,-0.7133735418319702,e4d3,False,0.3512499928474426,False,0,1,5.6565278000198305,
3718,1109,advantage discoveredAttack middlegame short,30,36,f3g4,False,0.005005484045092154,11,-0.4262896180152893,f3f4,False,0.0,False,0,1,6.212042400002247,
3719,1328,backRankMate mate mateIn2 middlegame sacrifice short,44,35,e2e3,False,0.015458284275297628,6,-0.8689625859260559,e2e8,True,0.606249988079071,True,-1,2,2.452637100010179,
3720,1424,crushing endgame pin short,61,20,f8h8,True,0.4284630189660327,1,-0.18412311375141144,f8h8,True,0.9737499952316284,True,-1,2,12.288278399995761,
3721,1382,endgame hookMate mate mateIn2 short,67,31,d4d2,False,0.08269129949123719,3,-0.5668283700942993,f7f6,True,0.9712499976158142,True,-1,2,0.380586300016148,
3722,1080,endgame master mate mateIn1 oneMove queenEndgame,86,16,g4f4,False,0.3090053817637655,2,-0.21334202587604523,g4g5,True,0.9712499976158142,True,-1,1,0.1851246999867726,
3723,1162,advantage capturingDefender middlegame short,43,37,b7b5,True,0.688930469198306,1,-0.6207515001296997,b7b5,True,0.9925000071525574,True,-1,2,12.2669176000054,
3724,1171,endgame mate mateIn1 oneMove operaMate,86,24,d7d6,False,0.33893983259797367,2,-0.33946576714515686,d7f7,True,0.9787499904632568,True,-1,1,0.14149099998758174,
3725,1253,endgame mate mateIn1 oneMove,59,33,d4b2,False,0.02179449119715287,2,0.21883106231689453,d4d1,True,0.7837499976158142,True,-1,1,1.2625491000071634,
3726,1177,endgame mate mateIn2 short,72,36,b3g8,True,0.7686096422440931,1,-0.5968315005302429,b3g8,True,0.987500011920929,True,-1,2,0.20468999998411164,
3727,1044,mate mateIn2 opening short,30,44,e6d6,False,0.06779736980556071,3,-0.3799305260181427,c2g6,True,0.9549999833106995,True,-1,2,0.32130450001568533,
3728,1256,crushing middlegame pin short,39,39,e7c7,False,0.037500829737059815,9,-0.4005867540836334,e6f5,True,0.9137499928474426,True,-1,2,12.307624400011264,
3729,1011,endgame mate mateIn1 oneMove queenEndgame,85,21,f4g3,False,0.2989647786781878,2,-0.610723614692688,d7g4,True,0.96875,True,-1,1,0.17885630001546815,
3730,1177,backRankMate endgame mate mateIn2 short,54,31,c1c8,True,0.6201596965803756,1,0.004898888524621725,c1c8,True,0.9887499809265137,True,-1,2,0.12083229998825118,
3731,1220,attraction crushing deflection endgame exposedKing long,53,38,f6a1,True,0.22041632316665916,1,-0.4830288290977478,f6a1,True,0.9637500047683716,True,-1,3,14.277585199975874,
3732,1424,advantage fork long opening,31,41,e5f3,True,0.5289619824234727,1,0.2535826861858368,e5f3,True,0.9725000262260437,True,-1,3,18.42994030000409,
3733,1387,endgame mate mateIn1 oneMove,69,35,g1g4,True,0.7499209398074301,1,-0.16173069179058075,g1g4,True,0.9925000071525574,True,-1,1,0.09113260000594892,
3734,1307,crushing fork middlegame short,29,42,g5e3,True,0.9729413829249683,1,-0.5673311948776245,g5e3,True,0.9975000023841858,True,-1,2,12.519405800005188,
3735,1115,advantage endgame fork short,49,38,e4e5,True,0.6369739522681659,1,-0.8804522752761841,e4e5,True,0.9900000095367432,True,-1,2,12.115978799993172,
3736,1298,advantage endgame master short skewer,102,24,d4g7,False,0.16417312356664443,2,-0.378620982170105,d4e5,True,0.9700000286102295,True,-1,2,12.478866699995706,
3737,1093,advantage fork opening short,17,39,h4e4,True,0.9921394800193925,1,-0.307738721370697,h4e4,True,0.9987499713897705,True,-1,2,12.688951299991459,
3738,1396,advantage fork middlegame short,28,27,d1d4,True,0.6683493137358637,1,-0.6331338286399841,d1d4,True,0.9887499809265137,True,-1,2,12.719118099979823,
3739,1128,advancedPawn crushing discoveredAttack discoveredCheck endgame long,70,23,b2b8,True,0.7798605982346327,1,-0.15782977640628815,b2b8,True,0.9725000262260437,True,-1,3,17.306651999999303,
3740,1174,crushing endgame fork short,71,24,a3c1,False,0.07244623977689527,3,-0.5021132230758667,a3a1,True,0.9587500095367432,True,-1,2,13.558648200007156,
3741,1147,crushing endgame fork master short,127,18,e4c4,True,0.5202579057486022,1,0.020972352474927902,e4c4,True,0.9674999713897705,True,-1,2,12.091570299991872,
3742,1210,advantage exposedKing long middlegame pin skewer,39,5,d3d4,True,0.9885223762844253,1,-0.8557029366493225,d3d4,True,1.0,True,-1,3,18.249377600004664,
3743,1006,hangingPiece kingsideAttack mate mateIn1 middlegame oneMove pillsburysMate,30,44,e1e8,True,0.8728911317274134,1,-0.03223366662859917,e1e8,True,0.9937499761581421,True,-1,1,0.06231769997975789,
3744,1189,advantage fork middlegame short,46,39,e2f3,False,0.04177147821766951,4,-0.1639852672815323,f5e7,True,0.918749988079071,True,-1,2,12.23266280000098,
3745,1243,advantage endgame short trappedPiece,35,37,d8h8,True,0.49217663501252096,1,-0.7506369948387146,d8h8,True,0.9750000238418579,True,-1,2,11.884687399986433,
3746,1290,fork mate mateIn2 middlegame short,52,31,g3g7,True,0.9162623126199324,1,-0.948948860168457,g3g7,True,0.9950000047683716,True,-1,2,0.12461800000164658,
3747,1448,endgame mate mateIn2 short,56,33,f2h4,True,0.6829922509109971,1,0.5274742841720581,f2h4,True,0.9825000166893005,True,-1,2,0.15630880001117475,
3748,1285,advantage endgame fork short,101,21,f1f3,True,0.9750590579776773,1,-0.28321734070777893,f1f3,True,0.9987499713897705,True,-1,2,11.947764100012137,
3749,1251,crushing endgame fork short,54,27,f1h1,False,0.15745174711000182,2,-0.26607611775398254,d5e4,True,0.9474999904632568,True,-1,2,12.56733130000066,
3750,2495,crushing kingsideAttack master middlegame pin short,64,36,h5h6,True,0.39428183434603953,1,-0.5485714077949524,h5h6,True,0.8687499761581421,True,-1,2,9.82487549999496,
3751,2361,advantage fork middlegame veryLong,48,21,g6e4,False,0.1412661925534627,2,-0.9087895750999451,f7f8,True,0.9725000262260437,True,-1,4,19.02277630000026,
3752,2474,advantage discoveredAttack middlegame veryLong,46,38,f6f5,True,0.6444924298299346,1,-0.9303703308105469,f6f5,True,0.9862499833106995,True,-1,4,21.714534300001105,
3753,2506,crushing exposedKing middlegame pin veryLong,54,38,e7g6,False,0.10650847339978217,4,-0.32942450046539307,f1f7,True,0.9599999785423279,True,-1,4,15.688438899989706,
3754,2775,crushing discoveredAttack kingsideAttack middlegame veryLong,58,41,f4e5,True,0.5865374571849961,1,0.44763490557670593,c3e5,False,0.44624999165534973,False,0,1,5.743269400001736,
3755,2650,advantage master middlegame skewer veryLong,57,34,e6f5,True,0.6637678538239428,1,-0.7034406065940857,e6f5,True,0.9662500023841858,False,4,3,16.181085999996867,
3756,2490,crushing fork middlegame sacrifice veryLong,44,39,c5d7,False,0.013602674967951717,8,-0.21955576539039612,b5a6,True,0.550000011920929,False,2,2,10.859698099986417,
3757,2448,attraction crushing deflection long middlegame,64,45,b2c2,False,0.13309732907145286,3,-0.4335307776927948,b2b7,True,0.9549999833106995,True,-1,3,16.624030799983302,
3758,2653,advancedPawn crushing defensiveMove deflection endgame quietMove rookEndgame veryLong,92,12,a5a7,True,0.48388139833823496,1,0.1936192661523819,a5a7,True,0.9312499761581421,False,8,5,29.309829700010596,
3759,2582,advantage attraction interference middlegame queensideAttack veryLong,51,47,a8a2,True,0.8339371511368814,1,0.042623043060302734,a8a2,True,0.9800000190734863,False,2,2,12.217362000024877,
3760,2779,advantage middlegame sacrifice veryLong,44,35,c1e3,False,0.014401515446057875,6,-0.4162995219230652,c1e3,False,0.0012499999720603228,False,0,1,5.959058200009167,
3761,2504,advantage discoveredAttack discoveredCheck hangingPiece middlegame short,52,45,g5e4,True,0.8876361345833511,1,0.18635287880897522,g5e4,True,0.9950000047683716,True,-1,2,4.415482900018105,
3762,2411,crushing middlegame pin short,55,43,e8a8,False,0.04426042679619798,8,0.1851235032081604,e8e2,True,0.8075000047683716,True,-1,2,8.463230299996212,
3763,2444,advantage kingsideAttack long middlegame sacrifice,26,41,e5g4,False,0.0033318963679412855,9,-0.4773620665073395,c4e6,False,0.0,False,0,1,1.442879800015362,
3764,2727,advancedPawn crushing deflection endgame fork veryLong,82,16,g8f7,False,0.06529207217525643,4,-0.45266062021255493,h4h5,False,0.023749999701976776,False,0,1,5.642277799983276,
3765,2361,advancedPawn advantage discoveredAttack long middlegame,45,43,f3f2,True,0.6615015162678332,1,-0.03164518252015114,f3f2,True,0.9275000095367432,True,-1,3,9.346381099981954,
3766,2372,crushing kingsideAttack middlegame pin veryLong,28,55,g3h3,True,0.6357102961409137,1,-0.09360495209693909,g3h3,True,0.9825000166893005,True,-1,5,27.83455219998723,
3767,2470,advancedPawn attraction crushing defensiveMove discoveredCheck doubleCheck kingsideAttack long middlegame,46,48,h6g7,True,0.849048879770971,1,0.08150718361139297,h6g7,True,0.9925000071525574,True,-1,3,16.660402100009378,
3768,2484,crushing fork long middlegame,27,42,h4d4,True,0.49102903500641315,1,0.2521224617958069,h4d4,True,0.9649999737739563,True,-1,3,18.994418799993582,
3769,2415,crushing fork middlegame short,73,37,g8g1,False,0.04936520869583095,5,-0.3128783106803894,e3d1,True,0.48374998569488525,True,-1,2,11.786442699987674,
3770,2405,advantage middlegame sacrifice veryLong,41,48,d7a4,False,0.0041105275187975935,8,-0.1407470852136612,e4g3,False,0.0,False,0,1,5.884299899975304,
3771,2464,advantage middlegame pin quietMove veryLong,72,47,h4h5,False,0.18811531989831384,2,0.10794097185134888,f5h6,True,0.9100000262260437,False,4,3,14.229161700000986,
3772,2372,attraction mate mateIn4 middlegame sacrifice veryLong,49,31,h5h1,True,0.39133185115187386,1,-0.6622470021247864,b8b6,False,0.14124999940395355,False,0,1,5.0736884999787435,
3773,2630,advancedPawn crushing defensiveMove discoveredAttack endgame long,96,21,g6f7,True,0.7896399391714983,1,-0.7244341373443604,g6f7,True,0.9900000095367432,True,-1,3,17.189504600013606,
3774,2482,crushing discoveredAttack discoveredCheck endgame sacrifice skewer veryLong,81,19,a5a6,True,0.7149577109356745,1,-0.11201611161231995,a5a6,True,0.6412500143051147,False,2,2,11.9941947000043,
3775,2554,crushing endgame hangingPiece long master quietMove,82,19,c3c4,True,0.6940185510916749,1,-0.13063426315784454,c3c4,True,0.9837499856948853,True,-1,3,15.251417899999069,
3776,2705,advancedPawn advantage long master middlegame queensideAttack sacrifice,51,40,c8c2,False,0.06889265865028886,6,0.4812101125717163,c8c2,False,0.3499999940395355,False,0,1,4.918732599995565,
3777,2665,crushing deflection long middlegame queensideAttack,59,35,c6b4,False,0.31684116610283564,2,-0.6423728466033936,a7a1,True,0.4987500011920929,False,2,2,11.669013000006089,
3778,2432,crushing deflection endgame long master,81,28,g2h2,True,0.3896325971664134,1,0.04272906854748726,g2h2,True,0.956250011920929,True,-1,3,16.784984699974302,
3779,2690,advantage discoveredAttack endgame long sacrifice,48,36,f3f4,False,0.012796334773658227,7,0.02425895445048809,f5f6,False,0.023749999701976776,False,0,1,5.812685000011697,
3780,2614,crushing hangingPiece long middlegame,67,43,c3e1,True,0.9329679966455223,1,-0.006562443450093269,c3e1,True,0.9950000047683716,True,-1,3,18.46858690000954,
3781,2538,advantage attraction kingsideAttack middlegame pin sacrifice veryLong,37,45,d8f6,False,0.022514754556425192,6,-0.9165311455726624,d8f6,False,0.019999999552965164,False,0,1,6.234944199997699,
3782,2761,crushing fork hangingPiece middlegame quietMove veryLong,35,37,e5e3,True,0.8948408669543982,1,0.03659461438655853,e5e3,True,0.9937499761581421,True,-1,4,24.473316100018565,
3783,2520,crushing fork long middlegame,30,57,e5f7,True,0.47514666953367657,1,0.047490354627370834,e5f7,True,0.9487500190734863,True,-1,3,19.551541499997256,
3784,2446,advantage discoveredAttack discoveredCheck master middlegame short,41,2,f7g6,True,0.5131590966103922,1,-0.997370719909668,f7g6,True,0.9862499833106995,True,-1,2,11.64923879998969,
3785,2537,crushing long middlegame pin,58,36,g3g4,False,0.10882770164972687,4,-0.49851906299591064,h3h6,True,0.9637500047683716,True,-1,3,12.397354399989126,
3786,2561,advantage attraction deflection endgame veryLong,49,37,e6g4,True,0.5085923806059149,1,-0.004651930183172226,e6g4,True,0.9150000214576721,True,-1,5,27.838558799994644,
3787,2414,deflection endgame long mate mateIn3 operaMate,91,28,g3g4,False,0.00807128788205337,12,-0.03066929802298546,g3g4,False,0.0,False,0,1,5.536992800014559,
3788,2717,crushing fork master middlegame sacrifice veryLong,38,52,d6c8,False,0.09381207195670854,5,0.08897455781698227,f2f4,True,0.918749988079071,True,-1,4,24.425783500017133,
3789,2541,advantage endgame quietMove sacrifice veryLong,67,41,f5c2,True,0.9591993622395014,1,-0.6407412886619568,f5c2,True,0.9962499737739563,True,-1,4,23.63696859998163,
3790,2444,advancedPawn crushing endgame fork master pin sacrifice veryLong,68,40,f5g6,False,0.22103709956414294,2,0.5915588140487671,e3h6,False,0.30000001192092896,False,0,1,5.743034399987664,
3791,2371,crushing fork long middlegame,35,46,c8e6,False,0.05598587638983176,4,-0.5290427803993225,f5e3,True,0.9487500190734863,True,-1,3,16.95296860000235,
3792,2709,crushing discoveredAttack discoveredCheck middlegame sacrifice veryLong,63,4,d6c6,False,0.16797997370813467,4,-0.6243195533752441,c7c4,True,0.9725000262260437,False,2,2,6.531479700002819,
3793,2465,attraction mate mateIn4 middlegame pin queensideAttack sacrifice swallowstailMate veryLong,48,37,d1d3,False,0.02816950936900994,8,0.10273092240095139,g1g7,True,0.5687500238418579,False,4,3,17.857728200004203,
3794,2517,crushing deflection endgame long,59,43,e3h6,False,0.0817855187517184,2,-0.03596194088459015,e3e6,True,0.6499999761581421,False,4,3,18.001552499976242,
3795,2637,clearance crushing endgame long pin,55,34,d5e3,False,0.07161743780703132,6,-0.2623588740825653,f8f3,True,0.9212499856948853,True,-1,3,16.36900129998685,
3796,2557,advantage long middlegame pin trappedPiece,41,37,b8f4,False,0.26980567538716516,2,-0.5366663336753845,f8c8,True,0.9487500190734863,True,-1,3,18.20828300001449,
3797,2383,advantage clearance middlegame sacrifice veryLong,43,42,a7a5,False,0.21424120083020223,2,-0.6237860321998596,c6b4,True,0.9662500023841858,True,-1,4,20.358486300014192,
3798,2528,advantage deflection long middlegame pin,78,40,e2g3,False,0.11603180762890465,3,0.40961670875549316,c3c4,False,0.3050000071525574,False,0,1,5.776798200007761,
3799,2513,advancedPawn crushing discoveredAttack discoveredCheck endgame exposedKing veryLong,69,19,g7h7,False,0.16939707499094833,3,-0.14686092734336853,g4g3,True,0.5612499713897705,True,-1,7,36.3575678000052,
3800,2605,advancedPawn bishopEndgame crushing endgame exposedKing sacrifice veryLong,95,7,d4e5,False,0.2045127461261827,2,0.08087781071662903,d4d5,False,0.03750000149011612,False,0,1,5.672437500004889,
3801,2546,kingsideAttack mate mateIn4 middlegame sacrifice veryLong,52,34,g1g6,False,0.06549138949740704,2,0.4136297106742859,h6g6,True,0.956250011920929,True,-1,4,0.9506175999995321,
3802,2780,crushing defensiveMove fork middlegame sacrifice veryLong,52,6,g1h1,True,0.869427375008378,1,0.3442639112472534,g1h1,True,0.887499988079071,False,2,2,12.045595499977935,
3803,2421,discoveredAttack discoveredCheck mate mateIn5 middlegame operaMate veryLong,77,3,g7g6,False,0.013846700330684197,3,-0.24235068261623383,f2f7,True,0.45750001072883606,True,-1,6,7.484670399979223,
3804,2404,advantage middlegame pin sacrifice short,38,38,a3a4,False,0.04241716775476259,8,-0.03755175694823265,g3f5,False,0.0024999999441206455,False,0,1,4.982248099986464,
3805,2610,attraction crushing kingsideAttack middlegame sacrifice veryLong,43,41,g8g5,False,0.04622150527051393,5,-0.17373670637607574,a8e8,False,0.01875000074505806,False,0,1,6.00187539999024,
3806,2519,crushing master middlegame sacrifice short,50,55,d2d4,False,0.08947662183222464,2,0.15919692814350128,a6f6,True,0.9512500166893005,True,-1,2,10.905097400012892,
3807,2618,advantage clearance endgame pin veryLong,62,40,c6c8,True,0.6971219629877092,1,-0.8987164497375488,c6c8,True,0.987500011920929,True,-1,5,29.04410260001896,
3808,2380,advantage defensiveMove endgame long pawnEndgame sacrifice,97,8,c5c4,True,0.5691229751513165,1,0.3270900845527649,b5b4,False,0.3774999976158142,False,0,1,6.1755933000240475,
3809,2443,advancedPawn attraction crushing discoveredAttack discoveredCheck endgame sacrifice veryLong,59,29,b2c1,True,0.3308325831992589,1,-0.3665772080421448,b2b1,False,0.13750000298023224,False,0,1,6.1149808000191115,
3810,2522,clearance crushing fork long middlegame,60,38,b3d5,False,0.138343983039108,2,0.11449955403804779,d3f5,True,0.9599999785423279,True,-1,3,18.583904600003734,
3811,2421,mate mateIn4 middlegame sacrifice veryLong,46,49,g3f3,False,0.0291619440190034,7,-0.11943630129098892,g3b3,False,0.0024999999441206455,False,0,1,5.967690000019502,
3812,2610,crushing long middlegame pin,31,40,g2f3,False,0.3698565174736067,2,0.2722461521625519,f8b4,True,0.9662500023841858,True,-1,3,15.71593770000618,
3813,2713,advantage discoveredAttack middlegame veryLong,69,43,f6d5,False,0.04298103139066465,4,-0.09610751271247864,f6g4,True,0.8537499904632568,False,2,2,10.3491817000031,
3814,2528,crushing endgame hangingPiece veryLong,170,17,e2f1,True,0.914271597481669,1,-0.527432382106781,e2f1,True,0.9937499761581421,False,4,3,17.97815760000958,
3815,2392,advantage middlegame pin queensideAttack short,43,41,e4d3,False,0.06797262587534258,2,0.22043661773204803,e4d3,False,0.3474999964237213,False,0,1,5.124548699997831,
3816,2593,advantage defensiveMove endgame pin veryLong,66,50,c4g4,False,0.15386187339393476,3,-0.5097057819366455,d1d6,False,0.021250000223517418,False,0,1,6.027928499999689,
3817,2499,advantage hangingPiece long opening skewer,21,37,c5c1,True,0.5596055574450788,1,-0.412957102060318,c5c1,True,0.9775000214576721,True,-1,3,17.531767500011483,
3818,2379,advantage hangingPiece middlegame short,44,49,e3e6,False,0.15302918779171884,2,-0.6154659390449524,f5f4,True,0.9725000262260437,False,2,2,12.300219900003867,
3819,2515,crushing deflection endgame pawnEndgame veryLong,78,10,g4f5,False,0.1108712546718369,2,-0.08838773518800735,h4h5,True,0.875,False,4,3,18.252620899991598,
3820,2481,crushing middlegame sacrifice veryLong,46,37,e5c4,False,0.015253883452785912,5,-0.010577335022389889,e5c4,False,0.004999999888241291,False,0,1,6.218775900022592,
3821,2434,advantage hangingPiece master middlegame veryLong,39,40,e7f7,True,0.5314526406356119,1,-0.8753250241279602,e7f7,True,0.9837499856948853,True,-1,4,24.183276900002966,
3822,2441,advancedPawn attraction crushing discoveredAttack discoveredCheck enPassant kingsideAttack middlegame sacrifice veryLong,32,43,e7c5,False,0.0011768165718864204,22,0.4417542815208435,h3g3,False,0.0,False,0,1,5.743579400004819,
3823,2527,crushing endgame long pin,56,48,g5f6,False,0.006094815441835459,8,0.3310455083847046,g5f6,False,0.0,False,0,1,6.043466600007378,
3824,2469,advantage clearance long middlegame sacrifice,32,41,c3c4,False,0.07622394952167905,6,0.3705633878707886,b5d5,True,0.45249998569488525,True,-1,3,18.42778990001534,
3825,2483,crushing endgame long rookEndgame skewer,112,13,a6e6,False,0.0027171841904184094,6,-0.2519914209842682,a6e6,False,0.0,False,0,1,6.349512000015238,
3826,2518,advantage middlegame sacrifice veryLong,63,37,c8g4,True,0.9084054461160788,1,-0.6887750625610352,c8g4,True,0.9950000047683716,True,-1,4,12.210959700023523,
3827,2765,advantage endgame exposedKing fork intermezzo long quietMove,76,27,h5h1,False,0.04036442564806592,5,0.12051467597484589,h5h1,False,0.0024999999441206455,False,0,1,6.164360399998259,
3828,2555,crushing opening pin short,30,44,c3b5,False,0.006206895483536832,9,0.0037023473996669054,c3b5,False,0.0,False,0,1,6.123302799998783,
3829,2366,advantage deflection kingsideAttack middlegame short,52,53,c7f7,False,0.021791423946084073,9,-0.19452537596225739,g6f7,True,0.7149999737739563,True,-1,2,11.644561100023566,
3830,2398,advancedPawn crushing discoveredAttack discoveredCheck endgame exposedKing long quietMove sacrifice,55,41,d8b6,True,0.448442937612789,1,-0.09623004496097565,d8b6,True,0.9725000262260437,False,2,2,12.129949099995429,
3831,2541,advantage long middlegame pin quietMove,67,42,a4b3,True,0.2965122662477628,1,0.46446794271469116,a4b3,True,0.9012500047683716,True,-1,3,17.266083499998786,
3832,2357,advantage discoveredAttack kingsideAttack middlegame veryLong,69,35,g6g5,False,0.05646453287143592,3,-0.9092295169830322,e4g3,True,0.9512500166893005,True,-1,4,22.40481269999873,
3833,2725,advancedPawn advantage endgame skewer veryLong,82,26,e3d3,True,0.6702880454982895,1,-0.1535240262746811,e3d3,True,0.981249988079071,False,4,3,14.863953499996569,
3834,2799,advantage deflection endgame long pin,64,41,g4f5,False,0.11750231443844046,4,0.1551533341407776,h3d3,False,0.17374999821186066,False,0,1,5.460532500001136,
3835,2457,advantage discoveredAttack middlegame veryLong,51,34,c4d3,False,0.06507474816798692,4,-0.9418850541114807,c4c3,True,0.5987499952316284,True,-1,4,22.234673500002827,
3836,2734,crushing exposedKing middlegame pin veryLong,57,36,h1h2,True,0.6288390954649912,1,0.5561343431472778,h1h2,True,0.96875,True,-1,5,27.845165100006852,
3837,2400,advantage attraction fork master middlegame pin sacrifice veryLong,54,40,e3e4,False,0.009965164761864275,12,-0.12903273105621338,e3e4,False,0.007499999832361937,False,0,1,6.0965924999909475,
3838,2766,advantage discoveredAttack opening veryLong,35,43,d7b5,True,0.4291324280679281,1,-0.38551095128059387,f6d5,False,0.17374999821186066,False,0,1,6.070164500008104,
3839,2494,crushing middlegame pin sacrifice short,66,37,a6g6,True,0.46841782864216214,1,-0.9309998154640198,a6g6,True,0.9775000214576721,True,-1,2,5.270061200018972,
3840,2410,crushing deflection endgame veryLong,78,30,b1a1,False,0.03578034475461911,6,-0.1530914306640625,b1e1,True,0.4300000071525574,False,2,2,12.149322099983692,
3841,2578,advantage discoveredAttack middlegame veryLong,48,38,c4f7,False,0.12267047353532443,2,-0.06510388851165771,c4f7,False,0.0637499988079071,False,0,1,4.195658000011463,
3842,2392,advantage long opening trappedPiece,21,37,c6c7,True,0.5370429353395348,1,0.06880050897598267,c6c7,True,0.9424999952316284,False,2,2,12.63682209997205,
3843,2668,advantage fork middlegame short,25,38,h4e4,True,0.7485212437313259,1,-0.7217577695846558,h4e4,True,0.9912499785423279,True,-1,2,12.70589180002571,
3844,2437,advantage castling clearance defensiveMove long opening sacrifice,17,34,d8a5,False,0.2206469902282418,3,-0.18053466081619263,d8a5,False,0.012500000186264515,False,0,1,6.279109499999322,
3845,2788,crushing defensiveMove middlegame sacrifice veryLong,38,31,f1d3,False,0.3646430765025235,2,-0.9242335557937622,f4h5,True,0.9412500262260437,True,-1,4,15.76172989999759,
3846,2483,attraction crushing master middlegame veryLong,48,49,d3h7,False,0.015646255366163198,7,-0.17672836780548096,d3h7,False,0.007499999832361937,False,0,1,6.332224899990251,
3847,2761,advantage clearance defensiveMove middlegame sacrifice veryLong,58,3,e2d1,True,0.6397994856770441,1,-0.11004079133272171,e2d1,True,0.7712500095367432,False,4,3,17.792450999986613,
3848,2464,advancedPawn crushing endgame promotion sacrifice veryLong,83,13,b4b3,True,0.6152096952979852,1,-0.22518107295036316,b4b3,True,0.6899999976158142,False,2,2,12.385689800023101,
3849,2700,advantage long middlegame sacrifice,28,39,f3f4,False,0.21095930738511195,2,0.16059809923171997,f3f2,True,0.8887500166893005,True,-1,3,16.044183800026076,
3850,2752,crushing middlegame quietMove skewer veryLong,60,45,f4e2,False,0.16819251477659067,3,-0.2316095232963562,c2a2,True,0.9087499976158142,True,-1,4,21.09992130001774,
3851,2509,crushing deflection endgame veryLong,66,40,c1c8,True,0.42359116251008233,1,-0.18238544464111328,c1c8,True,0.8075000047683716,True,-1,5,28.851387900009286,
3852,2455,crushing defensiveMove endgame hangingPiece master rookEndgame short,108,19,g6h7,True,0.9817681491779465,1,0.07676040381193161,g6h7,True,0.9975000023841858,True,-1,2,12.55397430001176,
3853,2431,advancedPawn crushing endgame knightEndgame long sacrifice,100,15,d4c3,False,0.16469153299161743,3,0.35369861125946045,d4c3,False,0.12125000357627869,False,0,1,6.4398772999993525,
3854,2770,advancedPawn crushing defensiveMove deflection endgame veryLong,93,12,d4e3,False,0.009399028262929262,8,0.3558310568332672,d4e3,False,0.0,False,0,1,6.345394800009672,
3855,2405,advantage clearance defensiveMove endgame long pin,73,3,g8g7,False,0.2574352590194529,2,0.6379294395446777,g8g7,False,0.017500000074505806,False,0,1,6.291114499996183,
3856,2755,crushing defensiveMove long middlegame sacrifice,44,47,c4f7,False,0.011788643257976975,8,-0.07724078744649887,e1e6,False,0.0062500000931322575,False,0,1,5.861382199975196,
3857,2418,attraction crushing fork middlegame sacrifice veryLong,46,44,f4d3,False,0.027813809306586404,7,0.49041688442230225,f4d3,False,0.009999999776482582,False,0,1,6.25764630001504,
3858,2603,attraction crushing endgame kingsideAttack pin sacrifice veryLong,46,33,b3b6,False,0.013055464893650191,7,-0.2717898190021515,d1d8,False,0.0012499999720603228,False,0,1,3.7815419000107795,
3859,2679,advantage kingsideAttack middlegame pin veryLong,44,50,e8f8,True,0.473543873242992,1,0.24842795729637146,e8f8,True,0.9712499976158142,False,2,2,11.888354199996684,
3860,2385,crushing defensiveMove long middlegame sacrifice,24,41,e1g1,False,0.1150611042828445,3,0.057945240288972855,f3e5,False,0.009999999776482582,False,0,1,6.296771799999988,
3861,2361,advantage endgame sacrifice short,62,32,h4f5,False,0.2639831905089089,2,-0.2965054512023926,h3e6,True,0.5287500023841858,False,2,2,12.244325500010746,
3862,2454,crushing endgame pin quietMove veryLong,66,37,a6g6,True,0.8665927115124151,1,-0.0194533858448267,a6g6,True,0.9925000071525574,True,-1,4,23.391532600013306,
3863,2470,attraction crushing exposedKing long middlegame pin sacrifice,56,34,d2g5,False,0.11514580224573706,3,0.7474557161331177,d2g5,False,0.02250000089406967,False,0,1,7.269586199981859,
3864,2474,advantage endgame pin veryLong,72,32,d3g3,False,0.14456409500035527,3,-0.9093613028526306,d3g6,True,0.9637500047683716,True,-1,4,21.515377700008685,
3865,2517,crushing endgame fork short,73,36,f2f3,True,0.7500978578335349,1,-0.2685946524143219,f2f3,True,0.981249988079071,True,-1,2,10.297012299997732,
3866,2499,advantage capturingDefender middlegame short,44,41,e3e5,False,0.12295161866507467,3,-0.3276720345020294,d1d5,True,0.9612500071525574,True,-1,2,10.474908600008348,
3867,2649,advantage discoveredAttack discoveredCheck kingsideAttack middlegame veryLong,40,45,g4g5,False,0.04030513002020618,2,-0.2170659750699997,g4g5,False,0.0037499999161809683,False,0,1,3.2255492000258528,
3868,2522,crushing discoveredAttack endgame long,82,44,d8h8,True,0.6737941436323152,1,0.18577760457992554,d8h8,True,0.9862499833106995,True,-1,3,17.751378599990858,
3869,2685,crushing defensiveMove fork long middlegame,36,39,f1f4,False,0.02841255721627841,5,0.38525667786598206,f1f4,False,0.0024999999441206455,False,0,1,5.730450000002747,
3870,2351,advantage fork long middlegame,53,40,f2g2,True,0.33460392177478115,1,-0.11532572656869888,f2g2,True,0.9674999713897705,True,-1,3,13.310377099987818,
3871,2598,crushing endgame pin rookEndgame short,85,14,h3f3,False,0.007215553792476462,9,-0.025691773742437363,h3f3,False,0.0,False,0,1,6.310050300002331,
3872,2456,advantage attraction exposedKing middlegame quietMove veryLong,33,53,f8f1,True,0.6602159009904879,1,-0.3088054358959198,f8f1,True,0.9762499928474426,False,2,2,11.699706400017021,
3873,2426,crushing middlegame short trappedPiece,53,45,d4e5,False,0.07218000200549203,3,0.1847798228263855,a8a7,True,0.9537500143051147,True,-1,2,11.871239699976286,
3874,2682,crushing defensiveMove deflection endgame pawnEndgame veryLong zugzwang,95,7,g4g3,False,0.003657654525475686,6,0.11592718213796616,g4f5,False,0.0012499999720603228,False,0,1,5.1061983999970835,
3875,2432,clearance crushing middlegame quietMove sacrifice trappedPiece veryLong,33,2,f8f7,True,0.9720028623127154,1,-0.5041959285736084,f8f7,True,0.9987499713897705,False,2,2,12.518102500005625,
3876,2535,crushing long master middlegame sacrifice,63,25,a3b2,False,0.012842540503713726,5,0.33618980646133423,c5c4,True,0.47999998927116394,True,-1,3,17.399394600011874,
3877,2399,advantage endgame long pin quietMove,62,40,b3a4,False,0.007243133666419244,4,-0.21238280832767487,b3a4,False,0.0,False,0,1,5.743297300010454,
3878,2396,attraction crushing defensiveMove endgame fork quietMove veryLong zugzwang,76,19,b1a2,False,0.028152548833191647,11,-0.40655314922332764,d2d5,True,0.824999988079071,False,10,6,37.132897300005425,
3879,2493,exposedKing long mate mateIn3 middlegame,38,41,d1g1,False,0.24559617312253887,2,0.5624764561653137,h1h6,True,0.9599999785423279,True,-1,3,1.0319612000021152,
3880,2393,attraction crushing kingsideAttack long middlegame sacrifice,46,51,d2d5,False,0.05807252694301248,4,-0.9333370327949524,h1h7,True,0.8887500166893005,False,4,3,16.97530409999308,
3881,2669,advancedPawn crushing long middlegame sacrifice,61,38,e3e2,False,0.06696874077935945,4,0.08382158726453781,e5e4,False,0.012500000186264515,False,0,1,6.06367709999904,
3882,2423,crushing deflection enPassant endgame pawnEndgame veryLong zugzwang,96,6,f3f4,False,0.13283657597596304,2,0.10134284943342209,f3f4,False,0.07999999821186066,False,0,1,5.535430100018857,
3883,2394,crushing long middlegame skewer,54,43,h6g5,True,0.3238485561241101,1,0.10647318512201309,h6g5,True,0.9549999833106995,True,-1,3,16.69481459999224,
3884,2581,advancedPawn crushing discoveredAttack discoveredCheck middlegame sacrifice veryLong,58,44,e5e6,True,0.5097384940174207,1,-0.48084238171577454,e5e6,True,0.9775000214576721,False,2,2,12.176999000017531,
3885,2474,advancedPawn crushing discoveredAttack exposedKing fork middlegame veryLong,32,47,f7c7,False,0.28166468147562906,2,-0.019274871796369553,f3e5,True,0.9737499952316284,True,-1,4,24.239011099998606,
3886,2428,fork long mate mateIn3 middlegame sacrifice,44,46,h5f7,False,0.0508959388402613,2,0.10577639192342758,h5f7,False,0.4087499976158142,False,0,1,1.6020552999980282,
3887,2437,crushing master masterVsMaster middlegame short trappedPiece,58,44,e1e7,False,0.14440901916874696,3,0.7872762680053711,e1g1,True,0.925000011920929,True,-1,2,11.710755000007339,
3888,2423,crushing endgame pin sacrifice short,64,33,h4h5,False,0.03140121124075475,6,0.19855760037899017,d3g6,False,0.0062500000931322575,False,0,1,6.02542170000379,
3889,2572,crushing defensiveMove discoveredAttack endgame long,50,32,f5f7,False,0.22362616508590885,2,0.3608435094356537,d5f7,True,0.9300000071525574,True,-1,3,18.822844999987865,
3890,2670,crushing discoveredAttack discoveredCheck endgame exposedKing fork veryLong,52,32,d6f4,False,0.31666144145224984,2,-0.2781859040260315,h7c7,True,0.9712499976158142,False,4,3,18.289963399991393,
3891,2435,clearance crushing long master middlegame sacrifice,49,35,f6f4,True,0.5171288443329537,1,-0.5552783608436584,f6f4,True,0.9787499904632568,True,-1,3,14.551680500007933,
3892,2382,crushing endgame long trappedPiece,64,12,c4b5,True,0.6295323211261473,1,-0.38639596104621887,c4b5,True,0.9800000190734863,False,2,2,14.284913600014988,
3893,2413,advantage defensiveMove discoveredAttack long middlegame,49,5,d7c6,True,0.6584836100346939,1,-0.8523206114768982,d7c6,True,0.9800000190734863,False,2,2,11.670072799985064,
3894,2573,advantage endgame exposedKing pin quietMove veryLong,79,26,c3a3,False,0.00511764789031551,5,0.6709622144699097,c3a3,False,0.0,False,0,1,5.770339500013506,
3895,2366,crushing endgame hangingPiece veryLong,81,6,b1c2,True,0.9435517273124796,1,-0.8968048095703125,b1c2,True,0.9962499737739563,True,-1,4,24.371475799998734,
3896,2358,crushing endgame exposedKing fork long quietMove,79,33,b3c3,False,0.15879449383414795,3,-0.4311146140098572,b3e6,True,0.9674999713897705,True,-1,3,15.172415700013516,
3897,2403,crushing deflection endgame exposedKing rookEndgame veryLong,100,17,h2e2,False,0.22917507528965633,2,-0.3522561192512512,h2h6,True,0.5337499976158142,False,2,2,12.177687399991555,
3898,2391,crushing long middlegame sacrifice,34,26,d3f5,False,0.02639056218476013,4,0.4331671893596649,h2h4,True,0.5450000166893005,False,2,2,12.661005500005558,
3899,2443,advantage attraction long middlegame sacrifice,38,54,g4g5,False,0.288549419298333,2,-0.07538910955190659,c1g5,True,0.9037500023841858,True,-1,3,18.320507899974473,
3900,2779,advancedPawn advantage defensiveMove endgame pin veryLong,64,38,d5d6,True,0.8425872840736481,1,-0.4067702293395996,d5d6,True,0.9912499785423279,True,-1,4,21.50241250000545,
3901,2699,crushing deflection endgame skewer veryLong,78,28,e1e7,True,0.4429380847098736,1,0.1485350877046585,e1e7,True,0.78125,True,-1,6,31.80607679998502,
3902,2478,advantage endgame hangingPiece long,102,15,d7d6,True,0.5224525601308003,1,-0.09185948222875595,d7d8,False,0.03999999910593033,False,0,1,6.117471200006548,
3903,2376,advantage middlegame trappedPiece veryLong,31,47,a8b8,False,0.03735972527832658,4,-0.6329604983329773,f8b8,True,0.893750011920929,True,-1,6,36.574852799996734,
3904,2452,crushing endgame exposedKing hangingPiece master veryLong,139,4,f5e3,True,0.6510815455166207,1,-0.9705778360366821,f5e3,True,0.9912499785423279,True,-1,6,32.90071210000315,
3905,2369,advantage attraction middlegame veryLong,58,45,d6e7,True,0.7165501453913729,1,-0.6095353960990906,d6e7,True,0.9912499785423279,False,2,2,0.901556900003925,
3906,2459,advancedPawn crushing endgame hangingPiece quietMove veryLong,89,13,c2f5,True,0.3402527774681725,1,-0.9357504844665527,c2f5,True,0.9662500023841858,False,4,3,17.568831299984595,
3907,2717,advancedPawn crushing defensiveMove endgame pin rookEndgame veryLong,107,16,d3d2,True,0.8456025054030205,1,-0.14724190533161163,d3d2,True,0.9925000071525574,False,4,3,18.257955199980643,
3908,2464,advantage long middlegame pin,53,25,g7f7,False,0.04221998638171554,2,-0.9732714295387268,h8h1,True,0.9212499856948853,False,2,2,11.67202230001567,
3909,2517,advantage clearance middlegame pin short,55,34,g4f3,True,0.38895157660306606,1,-0.8133634328842163,g4f3,True,0.9775000214576721,True,-1,2,6.368871299986495,
3910,2531,crushing fork hangingPiece middlegame veryLong,39,39,d4c2,False,0.217663400727902,2,0.11376643180847168,d4c2,False,0.021250000223517418,False,0,1,3.1087750000006054,
3911,2564,crushing hangingPiece middlegame short,36,48,c6a8,True,0.8386945395030094,1,-0.4846043884754181,c6a8,True,0.9937499761581421,True,-1,2,11.132598199998029,
3912,2397,advantage middlegame pin short,32,30,f3e4,True,0.46325955746644726,1,0.28579896688461304,f3e4,True,0.9587500095367432,True,-1,2,12.179279199976008,
3913,2478,attraction crushing fork middlegame pin veryLong,41,45,g8g1,True,0.8599355073423683,1,0.04101526737213135,g8g1,True,0.9912499785423279,True,-1,4,24.88275240000803,
3914,2423,advancedPawn crushing endgame hangingPiece long,88,15,c6b7,True,0.7888614688959111,1,-0.708661675453186,c6b7,True,0.987500011920929,False,2,2,12.537412999983644,
3915,2351,crushing long middlegame pin,75,37,h7e7,False,0.21792132976533288,2,0.11906681954860687,b2c4,False,0.19625000655651093,False,0,1,6.091421899996931,
3916,2463,endgame equality fork long quietMove,75,35,g2h1,False,0.0027496671251876245,12,0.32476985454559326,g2g6,False,0.0,False,0,1,6.079514000011841,
3917,2572,advantage middlegame pin short,38,45,e6d7,False,0.02590151819044586,4,0.31166738271713257,e6d7,False,0.017500000074505806,False,0,1,6.186613400001079,
3918,2432,advancedPawn attraction crushing endgame exposedKing promotion veryLong,72,2,g1g2,False,0.18308871402726354,2,-0.7640414834022522,g1f1,True,0.512499988079071,False,4,3,17.627318799990462,
3919,2627,advantage endgame exposedKing fork veryLong,57,34,h7h6,False,0.10365161891050946,4,0.3998918831348419,c8e7,False,0.08250000327825546,False,0,1,5.659976299997652,
3920,2568,attraction crushing deflection exposedKing master middlegame sacrifice veryLong,54,50,e8d8,False,0.03221652274550191,6,0.6316344141960144,c5d7,False,0.017500000074505806,False,0,1,5.970222600008128,
3921,2491,crushing discoveredAttack discoveredCheck middlegame short,46,36,d1f1,False,0.0009907774883280266,25,-0.6924028992652893,f7a7,False,0.0,False,0,1,3.632085699995514,
3922,2471,advantage fork middlegame veryLong,54,28,h6h7,True,0.8101699794636733,1,-0.9518885612487793,h6h7,True,0.9912499785423279,True,-1,4,22.739916799997445,
3923,2479,crushing endgame hangingPiece long,102,13,d1a4,False,0.06897226501276942,3,-0.8241471648216248,e4d5,True,0.9549999833106995,False,2,2,11.532324600004358,
3924,2575,crushing endgame fork long master,77,35,a5c5,True,0.5011049984408606,1,-0.17008188366889954,a5a1,False,0.4112499952316284,False,0,1,4.666339500021422,
3925,2706,advancedPawn advantage discoveredAttack kingsideAttack long middlegame,54,40,e4f5,False,0.02921122800480692,3,0.3395783007144928,e4f5,False,0.3075000047683716,False,0,1,5.18863180000335,
3926,2771,advantage hangingPiece long middlegame,54,39,c4c6,True,0.41387492526366276,1,-0.46808627247810364,c4c6,True,0.9762499928474426,False,4,3,15.423668499977794,
3927,2494,advantage defensiveMove endgame fork short,40,30,d4c6,True,0.4226341984695868,1,-0.23473285138607025,d4c6,True,0.9725000262260437,True,-1,2,11.931937499990454,
3928,2727,advancedPawn crushing discoveredAttack discoveredCheck endgame exposedKing veryLong,63,31,h6h3,True,0.8943715612675391,1,-0.32010796666145325,h6h3,True,0.9937499761581421,True,-1,5,17.353493200003868,
3929,2781,advantage clearance defensiveMove middlegame pin quietMove veryLong,36,39,e2g4,True,0.903311021067575,1,-0.5162332653999329,e2g4,True,0.9962499737739563,False,4,3,14.901409599988256,
3930,2624,advantage hangingPiece middlegame pin short,51,40,b7c6,True,0.9213533442216637,1,0.49066025018692017,b7c6,True,0.9962499737739563,True,-1,2,11.916872300003888,
3931,2453,crushing deflection middlegame pin veryLong,59,46,b3b2,True,0.530025129802074,1,-0.04974543675780296,b3b2,True,0.9800000190734863,True,-1,4,12.66529669999727,
3932,2385,advantage kingsideAttack middlegame sacrifice veryLong,36,41,b3h3,False,0.13684493782437182,3,-0.38436079025268555,b3g3,False,0.026249999180436134,False,0,1,5.9318938000069465,
3933,2371,endgame long mate mateIn3,65,40,d1h1,False,0.12945519808136982,2,0.7478567957878113,d1f1,True,0.9587500095367432,True,-1,3,2.334361400018679,
3934,2359,crushing kingsideAttack middlegame pin short,38,47,d6e5,False,0.1346058133780243,3,-0.45927906036376953,d6g6,True,0.9649999737739563,True,-1,2,10.423833399981959,
3935,2539,crushing fork middlegame skewer veryLong,40,55,b1c1,False,0.37704598393066907,2,0.09570176154375076,b1b8,True,0.9312499761581421,True,-1,6,34.86425589999999,
3936,2448,advantage long middlegame pin quietMove sacrifice,40,46,a2a3,False,0.04629280493826242,8,-0.06453735381364822,f7g6,True,0.9337499737739563,True,-1,3,18.55974649998825,
3937,2378,advantage clearance defensiveMove fork middlegame sacrifice veryLong,51,54,d8d2,True,0.7282596376386875,1,-0.031875886023044586,d8d2,True,0.7462499737739563,True,-1,5,25.741391299990937,
3938,2521,advantage middlegame trappedPiece veryLong,48,46,f4c7,True,0.8121198842293493,1,0.17006535828113556,f4c7,True,0.831250011920929,True,-1,5,25.090419199987082,
3939,2749,advantage fork long middlegame,40,36,f3f6,False,0.2243344846567794,2,-0.5640884041786194,h6g7,True,0.9737499952316284,True,-1,3,16.651530299976002,
3940,2559,advancedPawn advantage discoveredAttack discoveredCheck endgame exposedKing fork master promotion veryLong,97,13,e3e2,True,0.6099280140932605,1,-0.9932653903961182,e3e2,True,0.9887499809265137,True,-1,4,24.397241600003326,
3941,2498,advantage master middlegame pin sacrifice short,48,30,f3e3,False,0.0010080324351560384,6,-0.2749660313129425,f3e3,False,0.0,False,0,1,6.169217299990123,
3942,2608,attraction crushing endgame master sacrifice veryLong,92,35,f6e7,False,0.014593705803694124,9,0.03733697533607483,f6h8,False,0.0024999999441206455,False,0,1,6.113747900002636,
3943,2691,advantage discoveredAttack fork middlegame short,66,46,e4e5,True,0.7762174919146451,1,-0.13445444405078888,e4e5,True,0.9837499856948853,True,-1,2,11.480861899995944,
3944,2683,crushing discoveredAttack fork long middlegame,47,40,c4e6,False,0.11338263834430662,3,-0.15845972299575806,f7f5,True,0.9275000095367432,True,-1,3,16.653545700013638,
3945,2516,advantage endgame fork veryLong,68,22,b3c2,False,0.15047834647721997,2,-0.10601495951414108,e1f1,True,0.35749998688697815,False,2,2,12.543141500005731,
3946,2800,advantage defensiveMove deflection endgame pawnEndgame veryLong zugzwang,78,6,d2c3,False,0.003921387954357592,2,-0.06652417778968811,d2c3,False,0.0,False,0,1,4.7203151999856345,
3947,2482,crushing endgame exposedKing quietMove trappedPiece veryLong,54,41,c1b1,True,0.7721515160854523,1,-0.08474737405776978,c1b1,True,0.9887499809265137,True,-1,4,20.85498059997917,
3948,2756,crushing deflection middlegame veryLong,43,39,g7g6,False,0.3298088255972225,2,-0.17318548262119293,f7f6,True,0.9049999713897705,True,-1,4,21.002095000003465,
3949,2454,crushing endgame exposedKing fork veryLong,83,25,d5h1,True,0.7500440393171268,1,-0.755622923374176,d5h1,True,0.9887499809265137,True,-1,5,28.65578909998294,
3950,2760,advantage discoveredAttack kingsideAttack long middlegame sacrifice,41,45,e5g6,False,0.10135016434300183,3,0.14468921720981598,e5g6,False,0.03375000134110451,False,0,1,6.101664799993159,
3951,2601,advantage deflection fork middlegame veryLong,60,33,d3f5,True,0.4680030160783634,1,0.076484814286232,d3f5,True,0.5787500143051147,False,4,3,17.260452400019858,
3952,2365,advantage long middlegame sacrifice,75,50,d5e3,True,0.6535444702902399,1,-0.06905138492584229,d5e3,True,0.9862499833106995,True,-1,3,12.447342900006333,
3953,2699,advantage fork long middlegame sacrifice,37,7,b7d5,False,0.3899082405216166,2,-0.5900670289993286,d7d5,True,0.9712499976158142,True,-1,3,17.942269999999553,
3954,2721,advantage deflection endgame sacrifice veryLong,74,24,c7d7,False,0.10056287566886607,3,-0.9673750400543213,g2c6,True,0.9362499713897705,False,2,2,10.993311600002926,
3955,2446,attraction crushing endgame fork long master,98,4,h8c3,True,0.9360387375592498,1,-0.4742926359176636,h8c3,True,0.9987499713897705,True,-1,3,17.99185910000233,
3956,2557,advantage capturingDefender deflection middlegame veryLong,37,54,f6f5,False,0.11987210598647688,3,0.11269025504589081,f4e3,True,0.78125,True,-1,5,23.50174569999217,
3957,2705,advantage middlegame sacrifice veryLong,42,48,e5h5,True,0.6870249313659307,1,-0.36261969804763794,e5h5,True,0.9862499833106995,False,8,5,22.096976999979233,
3958,2757,crushing long middlegame pin quietMove,47,32,f6f5,True,0.4966029018143751,1,-0.28734347224235535,f6f5,True,0.8637499809265137,False,2,2,12.067294599983143,
3959,2690,advantage fork master middlegame short,36,47,c3e4,False,0.17313462821515702,2,-0.521869421005249,c3e2,True,0.8899999856948853,True,-1,2,11.0195477999805,
3960,2392,deflection mate mateIn5 middlegame pin sacrifice veryLong,49,39,e5g4,True,0.29547777463584834,1,-0.4855789840221405,e5g4,True,0.8399999737739563,False,4,3,18.209556799993152,
3961,2484,crushing discoveredAttack discoveredCheck endgame long,62,32,c7c1,False,0.014445794047020196,5,0.2601385712623596,c7f7,False,0.007499999832361937,False,0,1,6.056139399996027,
3962,2428,attraction endgame mate mateIn5 sacrifice veryLong,75,29,a2d5,True,0.28277288710233517,1,-0.9525587558746338,a2f7,False,0.3062500059604645,False,0,1,5.922448400000576,
3963,2615,attraction crushing endgame veryLong,64,31,e2b5,False,0.00935067297814132,11,-0.3908902704715729,e2b5,False,0.0012499999720603228,False,0,1,6.198931099992478,
3964,2711,attraction crushing exposedKing middlegame veryLong,63,32,e8e2,False,0.35362595783622985,2,0.223735049366951,b5e2,True,0.8762500286102295,False,4,3,15.856929400004447,
3965,2683,crushing fork long master middlegame,59,51,d8d4,False,0.034950240210861065,3,0.28991782665252686,g8f8,False,0.02500000037252903,False,0,1,5.309205099998508,
3966,2413,advantage middlegame pin short,33,40,b7f3,False,0.0020627539958659362,14,-0.9800716042518616,e8f7,False,0.0,False,0,1,0.5265683000034187,
3967,2679,advancedPawn attraction crushing endgame exposedKing promotion quietMove veryLong,89,9,d1c2,True,0.6353317832674417,1,0.38235870003700256,d1c2,True,0.9150000214576721,True,-1,10,26.221189700008836,
3968,2431,advantage fork opening veryLong,25,50,c7c4,True,0.7352765112812617,1,0.10388791561126709,c7c4,True,0.9524999856948853,True,-1,5,30.02871199999936,
3969,2381,advantage exposedKing fork intermezzo long middlegame,75,37,h8h4,True,0.3462244683757915,1,-0.9797747731208801,h8h4,True,0.9612500071525574,True,-1,3,17.459984000015538,
3970,2611,advantage deflection endgame long,88,36,b2h8,True,0.5056282777385878,1,0.04256425425410271,b2h8,True,0.6387500166893005,True,-1,3,18.011498900013976,
3971,2625,crushing endgame hangingPiece veryLong,71,32,f2d2,True,0.7946277582160267,1,-0.4026373326778412,f2d2,True,0.9912499785423279,True,-1,5,29.629955400014296,
3972,2589,crushing fork middlegame veryLong,41,43,b2c3,False,0.06470149156702709,3,-0.2433318793773651,d4c2,True,0.7337499856948853,True,-1,4,21.10408940000343,
3973,2570,advantage attraction long middlegame sacrifice,49,33,h7g5,True,0.44444929912122766,1,-0.40601569414138794,h7g5,True,0.9412500262260437,True,-1,3,14.689457800006494,
3974,2549,advantage middlegame sacrifice skewer veryLong,67,51,c3b2,False,0.17618140370480698,3,-0.20520657300949097,d6c5,True,0.9649999737739563,False,2,2,5.32668779999949,
3975,2369,advancedPawn advantage attraction endgame interference master sacrifice veryLong,53,33,e4e3,True,0.7066967648504596,1,-0.3967455327510834,e4e3,True,0.9887499809265137,False,4,3,14.962620799982687,
3976,2378,crushing master middlegame pin short,72,36,f5g6,False,0.04538966956058419,7,-0.21285831928253174,f1e2,True,0.9325000047683716,True,-1,2,7.137380999978632,
3977,2759,advantage fork long middlegame quietMove sacrifice trappedPiece,35,39,d4c2,False,0.06785611583810121,5,-0.5021389126777649,g7g6,False,0.038750000298023224,False,0,1,6.250489999976708,
3978,2656,advantage clearance fork opening pin sacrifice veryLong,22,45,d4b3,False,0.06122525056748443,5,-0.2919785678386688,d4e6,True,0.4737499952316284,True,-1,4,23.822088399989298,
3979,2513,crushing discoveredAttack middlegame short,78,23,d3f3,False,0.07023965055722974,3,-0.828987181186676,d3e2,True,0.9612500071525574,True,-1,2,12.274094799999148,
3980,2434,crushing middlegame pin short,35,34,e8e2,False,0.06902626116959698,4,0.23257528245449066,e8e2,False,0.04500000178813934,False,0,1,6.040965199994389,
3981,2470,advantage long middlegame trappedPiece,58,40,e2a2,True,0.9571601470575967,1,-0.4429992139339447,e2a2,True,0.9975000023841858,True,-1,3,18.349637600011192,
3982,2407,crushing long middlegame pin,72,31,e4g4,True,0.6257402457302803,1,-0.9838003516197205,e4g4,True,0.987500011920929,True,-1,3,16.78999119999935,
3983,2387,crushing endgame exposedKing fork long,84,29,f6e6,True,0.6543936298353412,1,-0.005806834902614355,f6e6,True,0.9637500047683716,True,-1,3,22.037258199998178,
3984,2538,advantage endgame pin veryLong,68,35,h6h7,False,0.006618591310153494,6,-0.4438534080982208,h6h7,False,0.0,False,0,1,6.1482072999933735,
3985,2525,advantage fork middlegame sacrifice skewer veryLong,73,51,c1f1,True,0.5978923304238879,1,-0.7671237587928772,e3d1,False,0.375,False,0,1,4.996389600011753,
3986,2596,advancedPawn crushing endgame promotion quietMove sacrifice veryLong,89,15,a3a2,False,0.0011718718706320433,11,0.5077494382858276,d5e7,False,0.0,False,0,1,6.071932099992409,
3987,2709,advancedPawn advantage endgame long pin,52,33,e3f5,True,0.6091058390811585,1,0.2657441198825836,e3f5,True,0.9437500238418579,False,2,2,12.133997099997941,
3988,2555,advancedPawn crushing endgame pawnEndgame quietMove sacrifice veryLong,93,7,h4h3,False,0.3690224798673124,2,0.0013264183653518558,h4h3,False,0.1525000035762787,False,0,1,6.054317999980412,
3989,2599,advantage exposedKing fork middlegame veryLong,59,33,g6h5,False,0.15705641028594852,3,-0.15619641542434692,h4f2,False,0.011250000447034836,False,0,1,6.132468099996913,
3990,2379,advantage hangingPiece long middlegame,53,49,f5e4,True,0.6174590169152162,1,0.462149053812027,f5e4,True,0.9775000214576721,True,-1,3,18.278830399998697,
3991,2765,crushing exposedKing middlegame pin veryLong,48,32,h3h8,False,0.13413044694024281,4,0.1495114117860794,f1e1,False,0.01875000074505806,False,0,1,6.260678999999072,
3992,2524,advantage clearance exposedKing middlegame sacrifice veryLong,40,52,g6d6,True,0.9021658432021886,1,-0.31893274188041687,g6d6,True,0.9937499761581421,False,2,2,10.690967500006082,
3993,2394,endgame mate mateIn2 quietMove short,83,23,f5e6,False,0.00905531783176457,8,-0.6782211065292358,f5e4,False,0.0,False,0,1,5.479851000010967,
3994,2553,crushing discoveredAttack middlegame veryLong,35,37,e7f6,False,0.14419419364499966,2,-0.059274718165397644,e4f3,True,0.9350000023841858,False,2,2,12.104703800025163,
3995,2423,advantage middlegame sacrifice veryLong,60,23,h4f3,False,0.05897667495597938,3,-0.6795991659164429,g3g5,True,0.9112499952316284,True,-1,4,22.469387099990854,
3996,2405,clearance long mate mateIn3 middlegame sacrifice,47,28,d8f8,False,0.019275355712196286,6,-0.8101831674575806,g4e5,True,0.6825000047683716,True,-1,3,2.0059799999871757,
3997,2775,advantage hangingPiece master middlegame trappedPiece veryLong,44,43,d1d5,False,0.12171910786515795,2,-0.05324241518974304,c4g4,True,0.9637500047683716,False,8,5,29.560679799993522,
3998,2646,advantage attraction capturingDefender endgame exposedKing fork master veryLong,54,45,a7g7,False,0.3310655363809602,2,0.06308721005916595,e5f6,True,0.9225000143051147,True,-1,5,29.640778600005433,
3999,2482,crushing fork opening pin veryLong,16,50,g4g7,True,0.9548743897775742,1,-0.07323773205280304,g4g7,True,0.9975000023841858,True,-1,4,25.080423900013557,
4000,2430,crushing fork master middlegame sacrifice short,37,43,d4f3,False,0.2555987643779338,2,0.48471325635910034,d4c2,True,0.9300000071525574,False,2,2,11.343066900008125,
4001,2414,advantage attraction endgame fork veryLong,76,39,f3e4,False,0.009883135365080146,8,-0.433064341545105,h2h4,False,0.0037499999161809683,False,0,1,6.1115296999923885,
4002,2393,crushing endgame hangingPiece master rookEndgame short,125,16,f5e6,True,0.6631466750300563,1,-0.2563828229904175,f5e6,True,0.9862499833106995,False,2,2,12.242513399978634,
4003,2413,endgame mate mateIn2 short,81,32,g3h3,False,0.11633333670752484,2,-0.07322954386472702,e3e4,True,0.9649999737739563,True,-1,2,0.9873406000260729,
4004,2385,crushing middlegame sacrifice veryLong,38,41,d2e3,False,0.0007434204813628977,17,-0.34354549646377563,d2e3,False,0.0,False,0,1,6.25793990000966,
4005,2560,crushing deflection endgame fork veryLong,64,39,g5g6,True,0.7766721703693263,1,-0.8736420273780823,g5g6,True,0.987500011920929,True,-1,4,22.001008100021863,
4006,2690,clearance crushing middlegame pin veryLong,48,45,a1a5,False,0.2882043017984153,2,-0.1490458995103836,g2e4,True,0.6737499833106995,False,4,3,17.629045299981954,
4007,2432,crushing middlegame sacrifice veryLong,46,46,e4f6,True,0.43994656727121806,1,0.2933829426765442,e4f6,True,0.9637500047683716,True,-1,4,10.349993399984669,
4008,2798,advancedPawn advantage deflection endgame pin veryLong,52,37,g3g4,False,0.08734382970365667,3,-0.16929273307323456,g3g4,False,0.05874999985098839,False,0,1,5.720093200012343,
4009,2522,attraction crushing deflection interference middlegame quietMove sacrifice veryLong,78,52,e3h6,False,0.0012117829480057852,22,0.019030723720788956,e3h6,False,0.0,False,0,1,5.8160358000022825,
4010,2477,crushing discoveredAttack fork middlegame sacrifice veryLong,44,40,h8f8,False,0.010638815642578486,9,0.19531875848770142,b2c1,False,0.23125000298023224,False,0,1,5.095389900001464,
4011,2390,crushing deflection endgame long pawnEndgame,81,10,h6g5,True,0.44734830208157994,1,0.00017972289060708135,h6h5,False,0.20999999344348907,False,0,1,6.140103800018551,
4012,2414,advantage master middlegame skewer veryLong,32,48,f3d4,False,0.13395598670561026,2,-0.03978106752038002,h4h5,False,0.23250000178813934,False,0,1,6.365421000024071,
4013,2580,clearance crushing fork middlegame pin veryLong,62,32,f5h6,True,0.41478842775990543,1,-0.35614413022994995,g4g6,False,0.038750000298023224,False,0,1,5.015261399996234,
4014,2569,crushing hangingPiece long middlegame,59,22,h5g6,False,0.09667703867277701,2,0.23332807421684265,h6h8,True,0.9700000286102295,False,4,3,11.519764900003793,
4015,2725,advantage clearance middlegame pin veryLong,52,32,a1a6,True,0.6272297560402521,1,0.06870466470718384,b1c1,False,0.3512499928474426,False,0,1,5.7736894999979995,
4016,2535,crushing endgame pin quietMove veryLong,62,34,b1c1,False,0.05576360088362059,6,-0.37539243698120117,f3e5,True,0.9350000023841858,True,-1,4,21.792067000002135,
4017,2723,advantage middlegame pin sacrifice veryLong,38,48,c1h6,True,0.8718486745685906,1,-0.36441299319267273,c1h6,True,0.9912499785423279,False,2,2,10.952252299990505,
4018,2368,crushing endgame fork short,69,31,a7a1,False,0.16068371096237194,2,-0.15859520435333252,d4f2,True,0.8187500238418579,True,-1,2,11.211833999986993,
4019,2458,crushing defensiveMove long middlegame pin,57,35,f5f4,True,0.45105351888399664,1,0.21267646551132202,f5f4,True,0.949999988079071,True,-1,3,18.042852799990214,
4020,2735,crushing defensiveMove deflection fork middlegame skewer veryLong,49,38,f1c4,False,0.013645523724941594,9,-0.5917729735374451,f1c4,False,0.3499999940395355,False,0,1,5.7365218000195455,
4021,2402,advantage middlegame pin short,41,40,h5f4,False,0.007844378898285372,12,-0.03880084678530693,h4g2,False,0.0,False,0,1,6.090017799986526,
4022,2531,clearance crushing exposedKing middlegame sacrifice veryLong,66,42,c6e8,True,0.4581849521414009,1,-0.4891529977321625,c6e8,True,0.9599999785423279,False,2,2,11.671872400009306,
4023,2770,crushing long middlegame pin quietMove,41,49,c8c2,False,0.005459195220884092,11,-0.27855610847473145,c8c2,False,0.0,False,0,1,6.053043000021717,
4024,2608,advantage fork middlegame sacrifice short,24,39,g5f7,True,0.4026552213942957,1,-0.1954433023929596,d5f4,False,0.03500000014901161,False,0,1,6.098935599991819,
4025,2489,advantage discoveredAttack long opening,20,46,g4g7,True,0.7289908385483646,1,-0.3988686203956604,g4g7,True,0.9887499809265137,True,-1,3,18.54025679998449,
4026,2775,advantage clearance long middlegame sacrifice,36,37,e2f3,False,0.07412227750655455,6,-0.8554989695549011,e2c4,False,0.3050000071525574,False,0,1,6.296693899988895,
4027,2375,crushing middlegame sacrifice short,35,65,f4a4,False,0.004168966064718009,10,0.01085759699344635,f4a4,False,0.0,False,0,1,5.997785599989584,
4028,2747,advantage middlegame pin short,39,42,c7b6,False,0.0006140492603453587,12,-0.9672679305076599,a8g8,False,0.0,False,0,1,6.0754968999826815,
4029,2502,crushing endgame long pawnEndgame sacrifice,91,9,f7g7,False,0.0030986724775558297,9,-0.6007777452468872,f7g7,False,0.0,False,0,1,6.208511999982875,
4030,2394,attraction crushing kingsideAttack middlegame sacrifice veryLong,36,47,d1g4,False,0.01181009239450888,10,0.053381845355033875,d1g4,False,0.008750000037252903,False,0,1,6.13119449999067,
4031,2629,advancedPawn advantage deflection endgame exposedKing long promotion rookEndgame underPromotion,89,16,e3e2,True,0.28456225072445773,1,-0.062271639704704285,c3a3,False,0.1850000023841858,False,0,1,5.647428399999626,
4032,2525,advantage collinearMove exposedKing fork middlegame veryLong,62,33,b3c4,False,0.124790350687104,3,-0.911372184753418,d1h5,True,0.9175000190734863,False,2,2,8.710484899987932,
4033,2453,crushing endgame sacrifice short,74,23,e8g8,False,0.020071653678541745,9,0.2719305455684662,f2e2,False,0.0024999999441206455,False,0,1,6.144384200015338,
4034,2594,advantage long middlegame pin,54,27,f4f2,False,0.015627052683093196,6,-0.473603755235672,f4f2,False,0.0037499999161809683,False,0,1,6.168365200021071,
4035,2445,advantage defensiveMove middlegame pin veryLong,30,31,d1g4,True,0.906487140319013,1,-0.3438686728477478,d1g4,True,0.9937499761581421,True,-1,4,24.09364320000168,
4036,2503,advantage long middlegame sacrifice,48,37,a3c1,False,0.07336278177605725,3,-0.19721150398254395,e2c4,False,0.05999999865889549,False,0,1,6.1853940000000875,
4037,2406,capturingDefender crushing defensiveMove endgame long master,83,30,f3f4,True,0.7823806188811951,1,0.05963035672903061,f3f4,True,0.9649999737739563,True,-1,3,17.050665600021603,
4038,2424,advancedPawn attraction crushing endgame promotion veryLong,86,10,d5d6,True,0.6354009263881913,1,-0.8832489848136902,d5d6,True,0.987500011920929,False,4,3,17.464497900014976,
4039,2617,advantage middlegame short trappedPiece,35,51,e2e1,False,0.11347916791835296,4,0.015431816689670086,e2d2,True,0.5625,True,-1,2,12.0601028999954,
4040,2399,crushing endgame long pin,73,33,h6h5,False,0.07689936272664134,3,-0.008973728865385056,f5f4,True,0.6949999928474426,True,-1,3,17.32223829999566,
4041,2402,advantage middlegame skewer veryLong,47,50,d7c6,False,0.14207606537173667,3,-0.08442418277263641,a7e3,True,0.7174999713897705,True,-1,4,20.385894900013227,
4042,2564,crushing endgame long pin queensideAttack,59,33,b8e8,False,0.3764854162463686,2,0.11188557744026184,a5d2,True,0.9800000190734863,True,-1,3,15.064275699987775,
4043,2758,attraction crushing endgame long sacrifice,44,37,d3d7,False,0.007250481163457199,12,0.5147034525871277,d3d7,False,0.0,False,0,1,6.034171600011177,
4044,2352,advantage hangingPiece opening veryLong,19,24,c5d4,True,0.8874522160868011,1,0.07931683957576752,c5d4,True,0.9950000047683716,True,-1,4,24.56259390001651,
4045,2396,advantage fork long middlegame pin sacrifice,46,50,b2b4,False,0.009814468589725895,11,-0.3839952051639557,b2b4,False,0.0012499999720603228,False,0,1,6.201066999987233,
4046,2673,crushing defensiveMove endgame fork quietMove veryLong,99,14,d6b5,False,0.20298107525539047,3,0.14216631650924683,d6c8,True,0.925000011920929,True,-1,6,47.410778999998,
4047,2402,crushing discoveredAttack long middlegame pin,36,47,g5g2,False,0.054698246883266105,3,0.03661086782813072,g5e5,False,0.004999999888241291,False,0,1,8.088205199979711,
4048,2647,advancedPawn crushing defensiveMove endgame fork promotion quietMove veryLong,79,14,a3a2,True,0.6677401448086837,1,-0.31507256627082825,a3a2,True,0.9700000286102295,False,2,2,12.48351210000692,
4049,2360,advantage capturingDefender long middlegame pin,49,37,h3f3,False,0.06798968881938379,5,0.2606043815612793,c6e5,True,0.7987499833106995,True,-1,3,16.43066230000113,
4050,2797,crushing middlegame sacrifice short,57,37,h3f2,False,0.20482745181869333,2,-0.3846607506275177,h3f2,False,0.11999999731779099,False,0,1,5.66544869999052,
4051,2694,crushing endgame sacrifice veryLong,45,38,e3h3,True,0.6418545843338302,1,-0.5930687785148621,e3h3,True,0.9837499856948853,True,-1,6,12.387227599974722,
4052,2415,advancedPawn advantage attraction kingsideAttack master middlegame veryLong,63,35,e3f2,True,0.6664262508644467,1,0.3407954275608063,e3f2,True,0.9887499809265137,True,-1,4,18.52194380000583,
4053,2385,crushing deflection endgame long,64,29,h4g5,False,0.25079954050923686,2,-0.3718889355659485,e4e5,True,0.9587500095367432,True,-1,3,17.52108369997586,
4054,2507,crushing exposedKing fork long middlegame sacrifice,40,39,f7b7,False,0.011978416237563017,7,0.6071482300758362,h5g6,True,0.44999998807907104,True,-1,3,16.92595380000421,
4055,2525,advantage deflection discoveredAttack exposedKing middlegame veryLong,58,25,e2e3,True,0.4289213726894251,1,0.43713030219078064,e2e3,True,0.9387500286102295,True,-1,4,23.873342100006994,
4056,2631,advancedPawn advantage attraction deflection long middlegame promotion,72,35,e7f6,False,0.0985907665638051,2,0.10822714865207672,h7h8q,True,0.9287499785423279,False,4,3,17.421489700005623,
4057,2650,advantage endgame pin veryLong,55,39,f2f4,True,0.3874453164273534,1,-0.5009843111038208,e4e1,False,0.07124999910593033,False,0,1,6.266080600005807,
4058,2514,advantage defensiveMove deflection exposedKing long middlegame,59,30,h4h3,False,0.09095410955503408,2,-0.4448518455028534,f2f1,True,0.8962500095367432,True,-1,3,18.02480050001759,
4059,2392,advantage defensiveMove interference long middlegame,63,32,d7e5,False,0.09596662639012532,3,-0.12284479290246964,f5f3,True,0.9524999856948853,True,-1,3,22.894049599999562,
4060,2370,crushing deflection endgame exposedKing veryLong,64,31,f8d8,True,0.3064668067647524,1,0.07613778859376907,f8d8,True,0.9587500095367432,True,-1,4,30.121004400018137,
4061,2501,crushing deflection kingsideAttack long middlegame,30,35,f1d3,False,0.052906474998372116,3,-0.37610548734664917,f1d3,False,0.0037499999161809683,False,0,1,8.301306200010004,
4062,2445,advantage endgame pin quietMove veryLong,54,40,b8e8,True,0.8825779641179715,1,0.11994827538728714,b8e8,True,0.9925000071525574,False,2,2,16.17040679999627,
4063,2464,advantage attraction exposedKing intermezzo long middlegame sacrifice,60,36,d4d3,False,0.005871554347942996,10,-0.3015162944793701,d4d3,False,0.0,False,0,1,8.506661499995971,
4064,2413,crushing middlegame sacrifice veryLong,36,52,c2f5,False,0.08868562260927805,2,0.2141302078962326,c2f5,False,0.11124999821186066,False,0,1,6.128934600012144,
4065,2628,advantage exposedKing long master middlegame sacrifice,70,33,b2d4,False,0.13340189698037663,2,0.1668369323015213,e3e4,True,0.9599999785423279,True,-1,3,16.999074699997436,
4066,2354,endgame long mate mateIn3,70,29,d3b5,False,0.013219209369696842,5,-0.6976108551025391,d3b5,False,0.0012499999720603228,False,0,1,5.072156100010034,
4067,2361,advantage deflection endgame long sacrifice,69,17,g7g6,False,0.0003893906522109243,16,-0.44007065892219543,g7g6,False,0.0,False,0,1,6.282105699996464,
4068,2752,crushing defensiveMove endgame hangingPiece long quietMove,92,14,e3d4,True,0.9386717915825539,1,-0.06633211672306061,e3d4,True,0.9937499761581421,False,2,2,11.332913199992618,
4069,2470,advancedPawn advantage endgame long sacrifice,50,44,c3e4,False,0.16818188868540865,3,-0.2961738407611847,e1d1,False,0.05624999850988388,False,0,1,5.160710600001039,
4070,2529,advantage attraction kingsideAttack middlegame pin veryLong,33,46,f8d6,False,0.122290295741949,3,-0.9708216190338135,a8e8,True,0.9512500166893005,True,-1,5,29.334940700005973,
4071,2547,advantage fork middlegame veryLong,64,41,f7f8,True,0.739589548262704,1,-0.3775070905685425,f7f8,True,0.9762499928474426,True,-1,4,24.335748000012245,
4072,2376,advantage clearance long middlegame sacrifice,37,43,f8c8,False,0.04243543888763767,5,-0.7486105561256409,f8c8,False,0.0037499999161809683,False,0,1,5.6980435000150464,
4073,2512,advantage long middlegame pin,48,40,e1e5,True,0.9322622390233325,1,0.5582550168037415,e1e5,True,0.6524999737739563,False,2,2,11.622729499998968,
4074,2461,attraction capturingDefender crushing middlegame veryLong,46,39,b3c3,False,0.1304365281327005,4,-0.7990960478782654,f1f6,True,0.6237499713897705,True,-1,4,23.93773079998209,
4075,2386,advantage defensiveMove endgame master sacrifice veryLong,53,31,e6f5,False,0.04748290364339529,6,-0.11436404287815094,e6f5,False,0.028750000521540642,False,0,1,6.1037267000065185,
4076,2608,advantage fork middlegame veryLong,44,41,d1d6,True,0.3906408780995028,1,-0.5177261233329773,d1d6,True,0.7962499856948853,False,2,2,12.404157199984184,
4077,2460,capturingDefender crushing middlegame pin short,49,35,a5a4,False,0.045822215200091866,7,-0.651045560836792,c3b3,True,0.9350000023841858,True,-1,2,14.358445799996844,
4078,2614,advancedPawn crushing defensiveMove fork middlegame veryLong,59,32,a6c8,False,0.034903618120501634,3,-0.3157062828540802,d3d2,True,0.8987500071525574,True,-1,6,41.53889039999922,
4079,2488,crushing exposedKing long master middlegame sacrifice,57,4,f8f6,True,0.7365343413559182,1,-0.28281527757644653,f8f6,True,0.9925000071525574,True,-1,3,18.97126359998947,
4080,2516,attraction crushing endgame long queensideAttack sacrifice,50,35,b3b7,False,0.003728900287152807,9,-0.38891008496284485,b3b7,False,0.0,False,0,1,5.864706299995305,
4081,2708,advantage attraction defensiveMove kingsideAttack long opening sacrifice,23,40,a5c6,False,0.15515244868423025,3,-0.3022319972515106,c5f2,True,0.6800000071525574,False,4,3,13.761147799988976,
4082,2448,advantage capturingDefender discoveredAttack long opening sacrifice,14,40,c3e4,False,0.13249477498863585,3,0.16435614228248596,c3b5,True,0.8774999976158142,True,-1,3,17.811671000003116,
4083,2509,attraction crushing kingsideAttack middlegame sacrifice veryLong,59,37,d8b6,True,0.35682236738912876,1,-0.9599343538284302,d8b6,True,0.581250011920929,False,4,3,12.460235000005923,
4084,2599,advantage deflection middlegame pin skewer veryLong,46,29,d1d3,True,0.9156265540746372,1,0.03154948353767395,d1d3,True,0.9937499761581421,False,8,5,29.301477700006217,
4085,2595,crushing fork middlegame sacrifice veryLong,22,43,f3f7,False,0.37452003712778265,2,-0.8364329934120178,f3f7,False,0.4312500059604645,False,0,1,4.930475200002547,
4086,2447,crushing defensiveMove hangingPiece middlegame short,34,2,g1g2,True,0.7781502110083692,1,-0.02199755795300007,g1g2,True,0.9925000071525574,True,-1,2,11.998709700012114,
4087,2382,crushing middlegame pin veryLong,56,32,h7f6,True,0.7612678628330684,1,0.05130854994058609,h7f6,True,0.9912499785423279,False,2,2,12.163374199997634,
4088,2584,crushing long middlegame sacrifice,50,36,h4f3,False,0.0840004706154525,3,-0.04968937486410141,h4f5,True,0.918749988079071,True,-1,3,16.023141999990912,
4089,2615,advantage deflection endgame veryLong,57,40,h2f2,True,0.4757572322682928,1,-0.45632827281951904,h2f2,True,0.9587500095367432,False,2,2,11.912346900004195,
4090,2359,advantage long middlegame queensideAttack sacrifice,51,34,d5c3,True,0.35808108612842565,1,-0.2452286332845688,b5b4,False,0.028750000521540642,False,0,1,6.091146199993091,
4091,2702,crushing endgame long quietMove sacrifice,103,34,d4b2,False,0.08054238164327482,3,-0.3556368350982666,d4b2,False,0.09749999642372131,False,0,1,5.292737399984617,
4092,2431,attraction discoveredAttack discoveredCheck mate mateIn5 middlegame sacrifice veryLong,28,35,d1h5,False,0.4466260932086398,2,-0.09191400557756424,h4g5,True,0.9474999904632568,False,2,2,11.067830400017556,
4093,2588,advantage defensiveMove endgame fork short,71,33,h7c2,True,0.9097352311967382,1,-0.048719391226768494,h7c2,True,0.9937499761581421,False,2,2,11.793613299989374,
4094,2796,crushing deflection endgame long sacrifice,79,36,f1e2,True,0.49483849574179617,1,0.07997862249612808,f1e2,True,0.8949999809265137,False,4,3,21.589030700008152,
4095,2429,attraction crushing kingsideAttack long middlegame sacrifice,33,60,c5d4,False,0.14099790365757522,4,0.3332729637622833,h8h2,True,0.7450000047683716,True,-1,3,17.51383110001916,
4096,2412,crushing deflection intermezzo middlegame sacrifice veryLong,57,41,a8a1,False,0.021686631358123973,7,0.11423108726739883,a8a1,False,0.3799999952316284,False,0,1,6.114483999990625,
4097,2799,advancedPawn crushing discoveredAttack discoveredCheck endgame fork promotion veryLong,63,32,e3e2,False,0.3374115858427455,2,-0.7419064044952393,d3d2,True,0.9362499713897705,False,4,3,17.846233900025254,
4098,2362,advantage discoveredAttack middlegame veryLong,21,46,d6e5,False,0.29758839643308477,2,-0.0213765911757946,d6e5,False,0.11625000089406967,False,0,1,6.025790199986659,
4099,2486,attraction crushing endgame master quietMove veryLong,58,37,e5f6,True,0.8759364947067174,1,-0.005479176063090563,e5f6,True,0.9925000071525574,False,2,2,11.836853299988434,
4100,2445,advantage hangingPiece middlegame veryLong,32,38,e2e4,True,0.9730031312484738,1,-0.12329984456300735,e2e4,True,0.9975000023841858,False,2,2,12.059606900002109,
4101,2434,advantage long middlegame pin,60,34,c4a6,False,0.058907252438083264,3,-0.9937848448753357,c4c6,True,0.8237500190734863,True,-1,3,10.471437300002435,
4102,2682,advantage defensiveMove fork long middlegame sacrifice,44,56,d5e7,True,0.5665941822793584,1,0.0884978398680687,d5e7,True,0.9312499761581421,False,4,3,18.447562599991215,
4103,2512,advantage discoveredAttack long middlegame sacrifice,64,43,b6b8,False,0.05762845177830237,5,0.1430671215057373,c2b1,True,0.8050000071525574,False,2,2,12.22979199999827,
4104,2495,advantage deflection endgame long,64,35,c6f6,True,0.4772592597708723,1,0.8222864270210266,c6f6,True,0.5862500071525574,False,2,2,8.304734900011681,
4105,2731,crushing deflection middlegame pin veryLong,37,43,g4f5,False,0.18328209918746616,3,-0.5277093648910522,e8e5,True,0.9474999904632568,False,2,2,12.330312000005506,
4106,2441,clearance crushing long middlegame pin,52,38,e4f6,True,0.7478571717836695,1,-0.6511854529380798,e4f6,True,0.9674999713897705,True,-1,3,13.349960899999132,
4107,2419,advantage fork hangingPiece master middlegame veryLong,35,32,b2a1,True,0.8196036975349208,1,0.24618558585643768,b2a1,True,0.893750011920929,True,-1,5,32.74193629997899,
4108,2585,advantage middlegame pin quietMove veryLong,37,45,h8h3,True,0.3455507077272644,1,0.35555851459503174,h8h3,True,0.9599999785423279,True,-1,4,33.14056639999035,
4109,2585,crushing endgame long pin,72,30,h6h4,False,0.011446243907921181,7,0.24839971959590912,h6h4,False,0.3987500071525574,False,0,1,8.113053400011268,
4110,2748,advantage clearance long middlegame pin,63,37,d8h4,False,0.059513225437356716,5,-0.45241615176200867,g7e5,False,0.10249999910593033,False,0,1,8.02499049998005,
4111,2645,advancedPawn advantage attraction fork master middlegame sacrifice veryLong,55,34,b8h2,True,0.3373220488985614,1,-0.8604467511177063,b8h2,True,0.7237499952316284,True,-1,7,50.36582019997877,
4112,2392,advantage discoveredAttack discoveredCheck exposedKing middlegame veryLong,50,37,g4g5,True,0.15694474637910483,1,-0.9116226434707642,g4g5,True,0.9200000166893005,True,-1,4,23.13932190000196,
4113,2581,advantage defensiveMove endgame hangingPiece long,62,38,g2a8,True,0.5639838592989662,1,-0.08721517026424408,g2g6,False,0.4012500047683716,False,0,1,4.99398349999683,
4114,2685,advantage fork middlegame quietMove veryLong,29,45,d8d1,False,0.23769986934459394,2,-0.9831953644752502,h2h1,True,0.9612500071525574,True,-1,6,35.93014330000733,
4115,2380,advantage discoveredAttack middlegame sacrifice veryLong,45,44,h8h2,False,0.0015244338427124887,29,-0.8127852082252502,c6e5,False,0.0,False,0,1,6.064201700006379,
4116,2386,crushing middlegame pin short,81,49,h3h1,True,0.6135720246638008,1,0.40934276580810547,h3h1,True,0.9775000214576721,True,-1,2,8.675450400012778,
4117,2361,advantage attraction kingsideAttack opening sacrifice veryLong,18,41,h3g5,False,0.2751258318460661,2,-0.23588694632053375,h3g5,False,0.061250001192092896,False,0,1,6.176567999995314,
4118,2421,attraction crushing exposedKing middlegame pin veryLong,31,2,g8h8,True,0.9334190767556482,1,0.06503230333328247,g8h8,True,0.9950000047683716,True,-1,4,22.984553299989784,
4119,2469,advantage attraction endgame long,56,21,a5a6,True,0.45945316388462243,1,0.29081031680107117,a5a6,True,0.8412500023841858,False,4,3,6.519877200014889,
4120,2457,crushing hangingPiece middlegame quietMove veryLong,47,39,b7f3,True,0.5607418324751516,1,-0.35062268376350403,b7f3,True,0.8487499952316284,False,2,2,5.256431999994675,
4121,2410,attraction crushing defensiveMove kingsideAttack long middlegame sacrifice,28,45,d1h5,False,0.05228463732205963,4,0.46683603525161743,d1h5,False,0.0949999988079071,False,0,1,6.136954599991441,
4122,2678,attraction crushing endgame pawnEndgame veryLong,87,12,a6b5,False,0.16480902192359198,2,0.021803002804517746,a6b5,False,0.12999999523162842,False,0,1,6.120401300024241,
4123,2761,crushing middlegame pin short,57,30,b7a6,False,0.08249507754704373,5,-0.9470539093017578,d8d6,True,0.9612500071525574,False,2,2,11.899270399997476,
4124,2485,attraction crushing endgame long pawnEndgame,76,12,d4e4,False,0.07306113942424722,5,-0.04233596846461296,f4f5,True,0.7699999809265137,False,2,2,13.208873499999754,
4125,2565,crushing endgame fork long master,68,40,a6a8,False,0.11097272120341672,3,0.709170401096344,c2c8,True,0.9474999904632568,True,-1,3,24.038993099995423,
4126,2366,crushing discoveredAttack discoveredCheck long middlegame,47,33,e6h3,False,0.020734147750331756,4,0.03531857579946518,e6d5,True,0.7724999785423279,True,-1,3,20.535793100018054,
4127,2680,advantage master middlegame sacrifice short,21,34,a6b4,True,0.35376117994842016,1,-0.19342608749866486,a6b4,True,0.9674999713897705,True,-1,2,16.559036499995273,
4128,2446,advancedPawn crushing endgame long pin,50,41,e5e7,False,0.07955886568709508,3,0.3461430072784424,d6c7,True,0.7862499952316284,True,-1,3,16.784633800009033,
4129,2665,advantage defensiveMove endgame fork short,43,7,c8c7,True,0.38572615259495757,1,-0.43664872646331787,c8c7,True,0.9612500071525574,False,2,2,11.861461299995426,
4130,2399,crushing long middlegame pin,43,2,b8e8,True,0.9967038436290477,1,-0.8858022093772888,b8e8,True,1.0,False,2,2,9.079564999992726,
4131,2367,advancedPawn crushing defensiveMove discoveredAttack discoveredCheck endgame veryLong,59,33,e4e3,True,0.9381747169955642,1,0.2186698317527771,e4e3,True,0.9962499737739563,True,-1,5,24.664443999994546,
4132,2486,crushing deflection endgame veryLong,80,9,g6e5,False,0.05720290521781249,7,0.012187706306576729,g6e7,False,0.01875000074505806,False,0,1,6.190011300001061,
4133,2455,advantage discoveredAttack exposedKing middlegame pin veryLong,22,46,b1c3,False,0.0012887103661866116,21,0.6722399592399597,b1d2,False,0.0,False,0,1,6.111230799986515,
4134,2758,advancedPawn attraction bishopEndgame crushing deflection endgame exposedKing promotion veryLong,75,12,e4e3,False,0.03865424436105983,2,-0.20652294158935547,e4e3,False,0.1550000011920929,False,0,1,5.769059600017499,
4135,2545,advantage attraction discoveredAttack fork middlegame sacrifice veryLong,50,36,d3f3,False,0.048627382336785756,3,-0.25707152485847473,c4d6,True,0.9262499809265137,True,-1,4,24.697736700007226,
4136,2493,attraction crushing middlegame pin queensideAttack sacrifice veryLong,37,47,a2c4,False,0.17164292584290072,2,-0.05828159675002098,e7e5,False,0.19374999403953552,False,0,1,6.044334800011711,
4137,2368,crushing exposedKing fork long middlegame,69,42,e6f6,True,0.7517200446068175,1,0.09391598403453827,e6f6,True,0.9762499928474426,True,-1,3,18.067548799997894,
4138,2397,crushing fork intermezzo middlegame short,35,50,h4h2,True,0.5888884656570563,1,-0.08155897259712219,h4h2,True,0.9737499952316284,True,-1,2,6.6587161000061315,
4139,2618,attraction crushing kingsideAttack long middlegame sacrifice,29,42,f6g4,False,0.012292211145554921,12,0.400367796421051,e4d2,False,0.007499999832361937,False,0,1,8.68792329999269,
4140,2484,advantage kingsideAttack long middlegame sacrifice,33,45,h6c1,False,0.06942252847167193,3,-0.739867091178894,g4e3,False,0.18000000715255737,False,0,1,7.823602399992524,
4141,2355,crushing kingsideAttack long middlegame sacrifice,42,41,c6e7,True,0.3749707796612059,1,-0.9302124977111816,c6e7,True,0.9462500214576721,False,4,3,22.345327099988936,
4142,2481,crushing discoveredAttack discoveredCheck fork long middlegame,81,40,e5h5,False,0.09114837030259386,2,-0.2774902582168579,e5e4,True,0.9512500166893005,True,-1,3,24.59856270000455,
4143,2363,advantage attraction capturingDefender exposedKing kingsideAttack middlegame veryLong,51,41,h4g3,False,0.010048859696022386,14,0.24487385153770447,f8f3,False,0.0,False,0,1,8.525582400005078,
4144,2759,advancedPawn clearance crushing endgame fork pin promotion veryLong,75,25,d4d3,True,0.46207710935909185,1,-0.044530872255563736,d4d3,True,0.9725000262260437,False,2,2,11.395001099997899,
4145,2383,crushing fork long middlegame,69,30,d2g2,True,0.7814855977812709,1,-0.10360997915267944,d2g2,True,0.5587499737739563,False,2,2,11.8028935000184,
4146,2478,advantage long middlegame skewer,42,45,g2d5,True,0.5204767829059005,1,-0.684887707233429,f4h6,False,0.2487500011920929,False,0,1,5.867844200023683,
4147,2457,crushing fork long middlegame,46,46,e4e5,False,0.35347529206350864,2,-0.5795222520828247,e2c4,True,0.9737499952316284,False,4,3,18.44890379998833,
4148,2405,advancedPawn advantage attraction clearance discoveredAttack middlegame sacrifice veryLong,53,43,e3f2,False,0.3167672907342707,2,0.07003837078809738,e3e2,True,0.3725000023841858,False,4,3,16.747084900009213,
4149,2635,crushing deflection kingsideAttack middlegame pin quietMove veryLong,30,48,h6g6,True,0.3783089380161557,1,0.5024173259735107,g5f6,False,0.14749999344348907,False,0,1,5.720693199982634,
4150,2791,advantage exposedKing fork middlegame veryLong,38,36,g4e6,False,0.11653501426430105,3,-0.592876672744751,g5f6,True,0.9537500143051147,False,4,3,9.434749400010332,
4151,2547,advantage capturingDefender long middlegame,23,48,e7g5,False,0.2829274382427407,2,0.024283261969685555,d5c3,True,0.8949999809265137,True,-1,3,18.472149500012165,
4152,2462,attraction crushing long middlegame,57,31,f8c8,False,0.3743232646748245,2,-0.9451659917831421,c2d2,True,0.9762499928474426,False,4,3,17.280744299991056,
4153,2355,advantage clearance long opening pin sacrifice,28,41,c1a3,False,0.0043464806219378855,5,-0.1662852019071579,c1a3,False,0.0,False,0,1,6.159620899998117,
4154,2373,crushing defensiveMove middlegame pin veryLong,66,5,f7f3,True,0.5767891321697128,1,0.5138027667999268,f7f3,True,0.8949999809265137,True,-1,4,29.050016099994536,
4155,2699,advantage defensiveMove middlegame pin veryLong,35,33,b8c6,False,0.22707834521262493,2,-0.594351053237915,f8e8,True,0.9537500143051147,True,-1,4,32.982857299997704,
4156,2626,advantage discoveredAttack long middlegame quietMove,45,29,c7g7,True,0.6711141803733349,1,-0.7199718952178955,c7g7,True,0.9850000143051147,False,2,2,15.709896099986508,
4157,2785,crushing defensiveMove discoveredAttack fork middlegame quietMove sacrifice veryLong,66,43,d4b5,False,0.009571395376855151,6,-0.5627461671829224,b2b5,False,0.016249999403953552,False,0,1,8.522364000004018,
4158,2486,advantage attraction kingsideAttack middlegame sacrifice veryLong,49,40,g5h4,False,0.11393967557203673,4,-0.21769078075885773,b6f2,True,0.9024999737739563,True,-1,6,43.628289999993285,
4159,2430,advantage defensiveMove deflection middlegame sacrifice veryLong,58,38,e1e7,False,0.00014158553397919702,26,-0.8028470873832703,e1e7,False,0.0,False,0,1,6.878957600012654,
4160,2413,advantage long middlegame pin,47,2,d7d8,False,0.36353434368042,2,-0.9877259135246277,e8e6,True,0.981249988079071,True,-1,3,17.619590299989795,
4161,2382,advantage discoveredAttack discoveredCheck exposedKing fork long master masterVsMaster middlegame,49,40,e3g5,True,0.7082164680278185,1,-0.8972721099853516,e3g5,True,0.9825000166893005,False,2,2,10.293657700007316,
4162,2677,advantage endgame long pin,64,49,f1f4,False,0.11879657865172351,3,0.10321031510829926,f6g6,True,0.8824999928474426,False,2,2,9.137558799993712,
4163,2744,crushing deflection endgame exposedKing veryLong zugzwang,90,12,d3d4,False,0.16019930767128918,3,0.02862483635544777,d3c3,False,0.1862500011920929,False,0,1,6.208217300008982,
4164,2405,advancedPawn crushing discoveredAttack discoveredCheck master middlegame short,48,42,e2e3,False,0.005862609120955827,9,0.44037190079689026,e2e4,False,0.0,False,0,1,6.202375099994242,
4165,2593,advantage hangingPiece middlegame short,36,2,h1h2,True,0.8998133388240958,1,-0.7298314571380615,h1h2,True,0.9962499737739563,True,-1,2,12.115111299994169,
4166,2542,crushing deflection kingsideAttack middlegame veryLong,31,45,d7h3,False,0.3816215881533501,2,-0.11673679947853088,e5f3,True,0.9737499952316284,True,-1,4,9.133898100000806,
4167,2559,advantage deflection middlegame pin veryLong,76,40,a2a8,True,0.31662690606040406,1,-0.7459852695465088,a2a8,True,0.9474999904632568,False,8,5,28.95344230000046,
4168,2365,crushing discoveredAttack kingsideAttack long middlegame pin sacrifice,39,39,c5d4,False,0.01513664709864247,12,0.3502364456653595,c5d4,False,0.004999999888241291,False,0,1,6.27899009999237,
4169,2373,advantage discoveredAttack long middlegame queensideAttack,40,41,a1b1,False,0.17988843340122757,2,-0.9751495718955994,e4f5,True,0.956250011920929,True,-1,3,17.429153200006112,
4170,2768,attraction crushing deflection middlegame veryLong,60,36,e6e7,False,0.007057817696864967,12,0.05429769679903984,f4f5,False,0.0,False,0,1,6.680023699998856,
4171,2528,crushing exposedKing fork long middlegame sacrifice,68,33,h5h8,False,0.0019395412008630973,14,-0.05363805592060089,h5h8,False,0.0,False,0,1,6.037344500015024,
4172,2617,crushing long middlegame sacrifice,34,43,f3g5,True,0.5108424040694097,1,0.3712433874607086,f3g5,True,0.6850000023841858,True,-1,3,21.01860760001,
4173,2463,advantage attraction discoveredCheck doubleCheck master middlegame short,64,40,g5f6,True,0.49764939179220335,1,-0.3720785975456238,g5f6,True,0.9725000262260437,True,-1,2,15.549707099999068,
4174,2530,advantage discoveredAttack endgame long rookEndgame,58,17,g5h6,True,0.5696969993584248,1,-0.6739788055419922,g5h6,True,0.9474999904632568,False,2,2,16.819634899991797,
4175,2539,advancedPawn crushing endgame long sacrifice,66,26,d3f1,False,0.106545926033264,3,-0.09297893941402435,f5f6,False,0.11874999850988388,False,0,1,8.27067149998038,
4176,2358,crushing long middlegame sacrifice,56,59,b3a4,False,0.0033734598578632233,15,0.10771385580301285,b3a4,False,0.0,False,0,1,6.3298315000138246,
4177,2394,crushing defensiveMove endgame long master pin,74,32,g3f4,False,0.04241184381753492,8,0.45593348145484924,g3g6,True,0.7612500190734863,False,2,2,12.219806000008248,
4178,2750,advantage endgame exposedKing interference kingsideAttack master veryLong,59,28,c8h3,True,0.9765872446099735,1,0.05590945482254028,c8h3,True,0.9987499713897705,True,-1,4,20.99976040000911,
4179,2644,crushing hangingPiece long middlegame quietMove,45,29,b4b1,True,0.9217937517593666,1,-0.015162437222898006,b4b1,True,0.9950000047683716,True,-1,3,16.215964999981225,
4180,2670,advantage middlegame sacrifice veryLong,73,33,d6e7,False,0.05031978876093948,6,-0.18614155054092407,d6e7,False,0.0024999999441206455,False,0,1,6.039873200003058,
4181,2736,advantage discoveredAttack discoveredCheck opening quietMove sacrifice veryLong,40,44,d3g3,False,0.010012774153074023,9,-0.03993087634444237,d3g3,False,0.0024999999441206455,False,0,1,6.2584582999988925,
4182,2657,crushing defensiveMove endgame pawnEndgame quietMove sacrifice veryLong,123,7,e5e4,True,0.7180105460937422,1,0.07500417530536652,e5e4,True,0.9362499713897705,False,2,2,14.07975350000197,
4183,2777,advantage fork long middlegame pin,63,37,g4g2,False,0.08516474190580783,3,-0.5377919673919678,d6f4,True,0.7037500143051147,False,2,2,15.327347199985525,
4184,2415,crushing endgame pin short,90,35,b6d6,False,0.0010523658371808322,29,0.08620405942201614,a8a6,False,0.0,False,0,1,8.257214399985969,
4185,2518,crushing endgame sacrifice veryLong,70,29,e1b1,False,0.09146979054496737,2,0.185305655002594,e1b1,False,0.0062500000931322575,False,0,1,8.169037200015737,
4186,2465,advantage discoveredAttack discoveredCheck middlegame veryLong,30,38,d1a4,True,0.7366876569741416,1,-0.1252625286579132,d1a4,True,0.9862499833106995,True,-1,4,31.277032799989684,
4187,2385,crushing defensiveMove endgame fork veryLong,75,3,h6f8,False,0.17926611829125827,3,-0.6308510899543762,g8g7,True,0.9225000143051147,False,4,3,22.66313720002654,
4188,2579,crushing endgame fork veryLong,65,35,d8d2,False,0.37417470081469995,2,-0.6061267256736755,d8d2,False,0.26875001192092896,False,0,1,6.695058500015875,
4189,2463,crushing middlegame pin quietMove veryLong,28,32,f4e5,False,0.2084393199923186,2,0.3750609755516052,d1g4,True,0.8575000166893005,True,-1,4,29.205746499996167,
4190,2371,advancedPawn crushing endgame long quietMove sacrifice,94,10,d3b4,False,0.0006443243453280875,9,0.20361962914466858,d3b4,False,0.0,False,0,1,7.994138599984581,
4191,2761,crushing long middlegame sacrifice,44,35,c2a4,False,0.004426479396208069,18,0.10267478227615356,c2b3,False,0.0,False,0,1,8.24798169999849,
4192,2637,advantage exposedKing fork long master middlegame,59,36,e4h1,False,0.04000171795877848,6,0.12418409436941147,h7g7,True,0.9175000190734863,True,-1,3,17.836313899984816,
4193,2554,attraction crushing kingsideAttack middlegame veryLong,84,34,d1d7,False,0.03000624155368791,4,0.38936087489128113,g6g7,True,0.875,True,-1,4,9.561494699999457,
4194,2693,crushing middlegame sacrifice veryLong,71,45,d6g3,False,0.01939695421710541,7,-0.26353976130485535,c7c6,True,0.7012500166893005,True,-1,7,26.051092999987304,
4195,2414,advantage long middlegame skewer,38,40,d4c5,True,0.41502280915023787,1,0.5072080492973328,d4c5,True,0.8862500190734863,True,-1,3,19.539906200021505,
4196,2796,crushing endgame exposedKing fork veryLong,79,40,e6g4,True,0.3941801629241619,1,-0.4008477032184601,e6g4,True,0.9375,True,-1,4,30.965182899992215,
4197,2777,attraction crushing discoveredCheck doubleCheck kingsideAttack middlegame pin sacrifice veryLong,57,50,g4h2,False,0.07282188534867398,4,-0.9049549102783203,d2g2,True,0.918749988079071,False,10,6,46.65491529999417,
4198,2685,crushing middlegame quietMove sacrifice veryLong,60,38,h5f7,False,0.17190457589712138,2,0.29297059774398804,c1f1,True,0.9387500286102295,True,-1,4,21.778452499973355,
4199,2380,attraction crushing kingsideAttack master masterVsMaster middlegame sacrifice veryLong,38,44,d3h7,True,0.3727369975267788,1,-0.13175812363624573,d3h7,True,0.9700000286102295,True,-1,5,38.97633840001072,
4200,2384,advancedPawn crushing endgame fork veryLong,69,30,b6c4,True,0.6925209131167493,1,-0.9340909719467163,b6c4,True,0.9900000095367432,True,-1,4,30.97295349999331,
4201,2797,advancedPawn advantage exposedKing fork middlegame veryLong,57,36,a8g8,False,0.013291071148817018,9,-0.15131475031375885,a8g8,False,0.0037499999161809683,False,0,1,8.359812299982877,
4202,2771,crushing deflection master middlegame veryLong,28,39,d1f3,False,0.009803967179328948,3,-0.0045987823978066444,d1f3,False,0.0037499999161809683,False,0,1,8.472474200010765,
4203,2388,advantage deflection discoveredCheck doubleCheck endgame exposedKing veryLong,78,28,f2d3,False,0.07260786372545022,4,-0.16334415972232819,f2e4,False,0.011250000447034836,False,0,1,8.24269689997891,
4204,2733,advantage hangingPiece long middlegame,34,32,h5g6,True,0.6262391540124562,1,-0.4022196829319,h5g6,True,0.981249988079071,True,-1,3,23.727791700017406,
4205,2614,crushing endgame long pin,80,12,h6g7,False,0.13620444921046113,3,-0.2805289030075073,h6f8,True,0.9300000071525574,True,-1,3,24.077458100015065,
4206,2432,advancedPawn crushing deflection middlegame promotion veryLong,66,30,g6h7,False,0.3397825890931465,2,-0.9841887354850769,h1h7,True,0.9800000190734863,True,-1,4,30.493952000018908,
4207,2737,crushing long middlegame pin,61,45,e5f3,True,0.4665889329660103,1,-0.30270713567733765,e5f3,True,0.9624999761581421,False,2,2,15.692438899975969,
4208,2423,advantage deflection endgame long pin,76,42,d8f8,False,0.00033147837776980764,26,-0.7273527383804321,d8f8,False,0.0,False,0,1,6.000947799999267,
4209,2587,advantage discoveredAttack long middlegame,68,41,f3f4,False,0.17230173086176984,3,-0.4709792733192444,f3a8,True,0.9487500190734863,False,2,2,10.247233399975812,
4210,2446,attraction crushing exposedKing middlegame veryLong,36,50,c3e4,True,0.4204121408471786,1,0.38670140504837036,c3e4,True,0.9024999737739563,True,-1,5,29.302405599999474,
4211,2398,clearance crushing middlegame pin quietMove veryLong,52,37,a1c1,False,0.2224674149220856,2,-0.42213183641433716,h4f6,True,0.9762499928474426,True,-1,4,11.370444900006987,
4212,2728,advantage exposedKing fork middlegame veryLong,89,35,b6e6,True,0.6958436041126732,1,-0.7143470048904419,b6e6,True,0.9900000095367432,True,-1,4,27.423759500001324,
4213,2380,advancedPawn crushing deflection endgame fork master promotion skewer veryLong,66,31,b6b7,True,0.31708057770089076,1,-0.15693287551403046,e6d5,False,0.29374998807907104,False,0,1,7.974208200001158,
4214,2575,crushing long middlegame sacrifice,45,43,e8e2,True,0.46076026420747174,1,-0.5924126505851746,e8e2,True,0.96875,False,2,2,15.37287649998325,
4215,2574,crushing fork long middlegame sacrifice,42,44,d1d6,False,0.025986889312194027,10,-0.5152074694633484,a3h3,True,0.8500000238418579,False,4,3,25.108388699998613,
4216,2651,crushing deflection discoveredCheck doubleCheck exposedKing middlegame veryLong,55,45,g8g3,False,0.010823891115510883,3,0.4164547026157379,e5e4,False,0.32875001430511475,False,0,1,6.998998000024585,
4217,2631,advancedPawn advantage discoveredAttack discoveredCheck endgame veryLong,87,26,e3f4,False,0.07444089892587794,6,-0.005997719243168831,e3f4,False,0.15625,False,0,1,7.117203500005417,
4218,2351,advantage endgame fork long quietMove,57,34,c6f3,False,0.00414432571089493,9,-0.40751251578330994,a8b7,False,0.0,False,0,1,7.296090099989669,
4219,2676,advantage middlegame sacrifice short,44,43,c3c6,False,0.02979683861347149,5,-0.5686357617378235,h6g7,True,0.862500011920929,True,-1,2,15.042948999995133,
4220,2361,attraction crushing kingsideAttack middlegame pin sacrifice veryLong,34,54,h1e1,False,0.007647958144229879,12,0.0749455988407135,h1e1,False,0.0,False,0,1,7.515150499995798,
4221,2363,advantage discoveredCheck doubleCheck long middlegame,59,27,d8d1,False,0.10071526820078447,3,0.19325844943523407,d8d1,False,0.16875000298023224,False,0,1,7.367434499989031,
4222,2443,crushing defensiveMove fork middlegame veryLong,58,45,h5f6,True,0.5817599863665821,1,0.11974986642599106,h5f6,True,0.96875,True,-1,6,36.70533820000128,
4223,2682,crushing defensiveMove endgame pin rookEndgame veryLong,76,11,f3f4,False,0.00392084368587899,8,-0.15447889268398285,f3f4,False,0.0012499999720603228,False,0,1,7.842908399994485,
4224,2729,crushing endgame exposedKing fork long,98,32,d6f6,False,0.18549583140479764,2,-0.10735819488763809,f3h5,False,0.15000000596046448,False,0,1,4.780417600006331,
4225,2653,advantage fork long opening,24,44,e2e6,True,0.2909006215880673,1,0.09453769773244858,e2e6,True,0.9487500190734863,True,-1,3,18.4725569000002,
4226,2471,attraction crushing endgame long master sacrifice,64,41,a2d5,False,0.21973299373041338,2,-0.6114248633384705,a2f7,True,0.9474999904632568,True,-1,3,16.581908399995882,
4227,2589,crushing defensiveMove middlegame pin short,52,44,f2f7,True,0.7460438732669312,1,-0.3166176676750183,f2f7,True,0.9862499833106995,True,-1,2,7.593788499973016,
4228,2674,crushing deflection kingsideAttack opening veryLong,31,48,f8f1,False,0.33013822419914535,2,0.1750316172838211,d3e3,True,0.9574999809265137,False,2,2,13.620727200002875,
4229,2674,advantage fork master middlegame veryLong,52,51,g4d4,False,0.16758688213094336,2,-0.09899519383907318,e3e8,True,0.5450000166893005,True,-1,4,33.156431200011866,
4230,2451,advancedPawn crushing deflection endgame pawnEndgame quietMove veryLong zugzwang,85,8,e6f5,True,0.5032461201458045,1,-0.030380230396986008,e6f5,True,0.9137499928474426,True,-1,6,48.25348949999898,
4231,2478,attraction crushing deflection kingsideAttack long middlegame,31,48,h4f2,True,0.4841236017015629,1,-0.8590859174728394,h4f2,True,0.9825000166893005,True,-1,3,21.908023600000888,
4232,2519,advancedPawn attraction crushing deflection endgame exposedKing pawnEndgame promotion quietMove veryLong,74,7,d4d5,True,0.6345467025169618,1,-0.06767457723617554,d4d5,True,0.9887499809265137,True,-1,5,31.3417736000265,
4233,2516,advantage attraction deflection exposedKing fork middlegame quietMove veryLong,55,33,f7e7,False,0.13426834520988087,2,-0.8704898357391357,f8g8,True,0.8999999761581421,True,-1,4,29.518605899997056,
4234,2642,crushing long middlegame pin,41,36,a2c2,False,0.020116855684576957,2,0.22929143905639648,a2c2,False,0.011250000447034836,False,0,1,7.32390149999992,
4235,2449,clearance crushing long middlegame pin sacrifice,52,34,g5h4,False,0.04036645282326989,4,-0.13691866397857666,f4h4,True,0.9175000190734863,True,-1,3,14.18148050000309,
4236,2456,crushing master middlegame sacrifice short,44,50,f4e4,False,0.0002876636158377103,19,0.5376312136650085,f4e4,False,0.0,False,0,1,7.93192239999189,
4237,2559,advantage attraction middlegame sacrifice skewer veryLong,55,27,a3a8,False,0.22839686128945144,2,-0.9924132227897644,f6f3,True,0.9712499976158142,True,-1,4,32.02457969999523,
4238,2680,advantage defensiveMove deflection discoveredAttack middlegame veryLong,34,44,e4d6,True,0.7459949058410198,1,-0.9676422476768494,e4d6,True,0.9912499785423279,True,-1,4,25.654447100008838,
4239,2539,crushing endgame trappedPiece veryLong,72,23,h3h4,False,0.0014031722192764618,18,-0.0020199986174702644,h3h4,False,0.0,False,0,1,7.610275000013644,
4240,2704,advantage attraction middlegame sacrifice veryLong,80,30,h7h8,False,0.16541672385466377,3,-0.017396561801433563,h7h8,False,0.11749999970197678,False,0,1,6.271245999989333,
4241,2582,advantage clearance defensiveMove middlegame pin sacrifice veryLong,33,4,g8f8,False,0.08655041256438682,3,-0.18657445907592773,g8h7,False,0.016249999403953552,False,0,1,6.018591299973195,
4242,2558,attraction kingsideAttack mate mateIn4 middlegame pillsburysMate sacrifice veryLong,46,30,e2f2,False,0.1952469191311648,2,-0.33709201216697693,e2f2,False,0.011250000447034836,False,0,1,6.0053084999963176,
4243,2510,crushing defensiveMove discoveredAttack discoveredCheck endgame master short,79,4,d4e3,False,0.2692692412100124,2,-0.18761667609214783,g5f6,True,0.9387500286102295,True,-1,2,11.368366799986688,
4244,2539,crushing master masterVsMaster middlegame pin veryLong,55,46,d3e3,True,0.7801770601229668,1,0.6027254462242126,d3e3,True,0.9912499785423279,True,-1,4,28.6497168999922,
4245,2525,advantage hangingPiece long middlegame,82,3,e3f4,True,0.535760183429052,1,-0.2855764627456665,e3f4,True,0.6287500262260437,False,2,2,12.359133400022984,
4246,2795,crushing discoveredCheck doubleCheck endgame veryLong,48,32,d5e6,True,0.8808645661087701,1,0.2519538104534149,d5e6,True,0.9850000143051147,False,4,3,24.081999999994878,
4247,2417,advantage deflection endgame long pin,70,29,e7f5,False,0.002528406622071318,9,-0.5745928287506104,e7f5,False,0.0,False,0,1,8.206088600010844,
4248,2374,crushing middlegame sacrifice veryLong,33,45,a2a1,True,0.5174916536872171,1,-0.39039310812950134,a2a1,True,0.6587499976158142,True,-1,5,34.81108019998646,
4249,2686,advantage endgame skewer veryLong zugzwang,74,8,g2f3,False,0.4356226511079372,2,-0.8833268284797668,g2h3,True,0.9637500047683716,False,6,4,30.275504399993224,
4250,2747,advantage attraction long middlegame sacrifice,46,40,d3f5,False,0.20955115514677092,3,-0.1524985283613205,g1g6,True,0.9387500286102295,True,-1,3,21.009217599988915,
4251,2404,advantage middlegame pin veryLong,21,37,g7h6,True,0.49060847145737174,1,0.18884585797786713,g7h6,True,0.9362499713897705,True,-1,4,31.77987930001109,
4252,2607,clearance crushing fork middlegame veryLong,44,6,f3d4,True,0.7672445794400743,1,-0.40994784235954285,f3d4,True,0.9912499785423279,False,2,2,16.37001230000169,
4253,2368,advantage hangingPiece middlegame short,35,27,g7g4,True,0.8776497139478187,1,0.1748742312192917,g7g4,True,0.9962499737739563,False,2,2,14.945339799975045,
4254,2371,crushing endgame hangingPiece short,61,27,g4d1,True,0.6540912074517407,1,-0.248005673289299,g4d1,True,0.9850000143051147,True,-1,2,15.18322099998477,
4255,2606,advancedPawn advantage middlegame pin promotion short,74,43,e1e5,True,0.4823156074335809,1,0.1930251121520996,e1e5,True,0.9762499928474426,False,2,2,16.71697499998845,
4256,2351,crushing defensiveMove endgame hangingPiece long rookEndgame,105,18,e2d3,True,0.9904426855218345,1,0.39024215936660767,e2d3,True,0.9987499713897705,False,2,2,12.142556300008437,
4257,2650,advantage discoveredAttack endgame long,103,33,c6c4,False,0.021421804436398035,4,-0.2168685793876648,c6c2,True,0.5325000286102295,True,-1,3,22.29863820000901,
4258,2702,advantage endgame long pin,58,35,g3e5,True,0.4902487828570285,1,-0.04820277914404869,g3e5,True,0.956250011920929,False,4,3,19.691574899974512,
4259,2604,advantage defensiveMove hangingPiece long middlegame,25,2,g8h7,True,0.8209482474116739,1,-0.1289571225643158,g8h7,True,0.9937499761581421,True,-1,3,23.586017199995695,
4260,2667,advancedPawn crushing endgame hangingPiece veryLong,75,34,h3g2,False,0.18272374988432705,2,0.11588741838932037,e3g5,True,0.7487499713897705,True,-1,4,30.545725800009677,
4261,2751,advantage long middlegame pin,44,41,f4e5,True,0.27395239136667726,1,-0.925093948841095,f4e5,True,0.9312499761581421,False,2,2,15.428495100000873,
4262,2369,crushing deflection endgame exposedKing long,65,34,d8d3,True,0.8489746454429741,1,-0.963746190071106,d8d3,True,0.9937499761581421,True,-1,3,18.644055799988564,
4263,2380,advantage long middlegame queensideAttack sacrifice,45,47,d8d1,False,0.0255194927707523,5,0.41087105870246887,d8d1,False,0.013749999925494194,False,0,1,7.264282100019045,
4264,2478,advantage kingsideAttack middlegame sacrifice veryLong,46,43,h2h4,False,0.045106337705802496,6,-0.49706751108169556,d4e6,True,0.9350000023841858,True,-1,4,31.009174300008453,
4265,2531,crushing defensiveMove middlegame sacrifice short,58,37,g4e2,False,0.07712893907761345,4,0.29640960693359375,g4f3,True,0.7587500214576721,True,-1,2,14.200720599998021,
4266,2532,advantage discoveredAttack discoveredCheck intermezzo long middlegame,51,44,d6e5,False,0.09339339549400531,2,-0.1377103626728058,d6e5,False,0.1237500011920929,False,0,1,8.375129799998831,
4267,2515,advantage deflection fork long middlegame pin,66,40,h5h6,True,0.5752716316148526,1,-0.1528702974319458,h5h6,True,0.9775000214576721,True,-1,3,9.477756300009787,
4268,2660,advancedPawn crushing deflection endgame promotion veryLong,92,30,f3e5,False,0.35053301310247076,2,-0.1433001607656479,f3e5,False,0.38499999046325684,False,0,1,7.884107099991525,
4269,2456,advantage kingsideAttack middlegame sacrifice veryLong,54,42,g6e8,False,0.21375614574849414,2,0.09110251069068909,g6f7,True,0.6362500190734863,True,-1,5,33.991624300018884,
4270,2783,crushing defensiveMove fork middlegame sacrifice veryLong,46,46,e3h6,False,0.08958382984959731,4,0.17638680338859558,f3h3,False,0.24375000596046448,False,0,1,6.914554799994221,
4271,2442,advantage defensiveMove middlegame pin short,41,44,a8d8,False,0.05015439116158662,4,0.11768575757741928,h7h6,False,0.007499999832361937,False,0,1,7.197089299996151,
4272,2465,crushing middlegame pin short,24,42,g5f6,False,0.0003403845952514324,16,0.33742544054985046,g5e3,False,0.0,False,0,1,8.229734599997755,
4273,2366,crushing endgame fork veryLong,46,34,e2f2,False,0.18735700400250907,2,0.20527324080467224,e2f2,False,0.20624999701976776,False,0,1,7.435180800006492,
4274,2566,crushing endgame long pin,45,30,g5h6,False,0.09332092146704529,3,-0.6095719933509827,d7h3,True,0.9362499713897705,True,-1,3,12.553142599994317,
4275,2609,advantage discoveredAttack middlegame pin short,59,35,f4f1,False,0.007226821273749907,14,0.48409324884414673,f4f1,False,0.0,False,0,1,8.172125999990385,
4276,2441,crushing defensiveMove deflection endgame pawnEndgame veryLong zugzwang,62,8,h4g5,True,0.5006875496078238,1,-0.4270455539226532,h4g5,True,0.6800000071525574,True,-1,5,34.88441359999706,
4277,2773,advantage hangingPiece middlegame veryLong,53,37,f3d1,False,0.2524093402876027,2,-0.6390824317932129,f3d1,False,0.06499999761581421,False,0,1,6.948328599974047,
4278,2501,advantage capturingDefender long middlegame pin,38,36,c1c8,False,0.18496504675846717,3,0.497098445892334,c1c8,False,0.16875000298023224,False,0,1,7.874578799994197,
4279,2737,attraction mate mateIn5 middlegame sacrifice veryLong,77,43,e2d3,False,0.10253967859805584,3,-0.43715301156044006,e7h4,True,0.9750000238418579,True,-1,8,5.401662500022212,
4280,2593,advantage doubleCheck long middlegame,35,44,f3h4,False,0.18133050974492157,2,0.2583608329296112,f3e1,True,0.3987500071525574,True,-1,3,23.549377000017557,
4281,2408,crushing endgame long skewer,65,34,c4c3,False,0.34971813889729336,2,-0.09745672345161438,d7d4,True,0.9449999928474426,True,-1,3,20.99108829998295,
4282,2489,crushing endgame long master sacrifice,62,26,f3h3,False,0.0499552089694652,7,-0.1180945560336113,f3f4,True,0.7475000023841858,True,-1,3,24.260743199993158,
4283,2393,advancedPawn crushing endgame long pin,52,31,d1d8,True,0.6988668082251811,1,-0.5541711449623108,d1d8,True,0.9887499809265137,True,-1,3,22.524175500002457,
4284,2411,discoveredAttack endgame epauletteMate mate mateIn2 queenEndgame short,83,20,e2e5,False,0.03478202712323788,3,-0.30980029702186584,f2f1,True,0.5087500214576721,True,-1,2,4.382604799990077,
4285,2548,advantage endgame exposedKing long pin,53,28,f6g4,False,0.11551800201707187,2,-0.7957166433334351,c5a4,True,0.5450000166893005,True,-1,3,22.63986090000253,
4286,2521,crushing exposedKing fork middlegame veryLong,37,44,h6h4,True,0.22651027341720978,1,-0.7797632217407227,h6h4,True,0.9737499952316284,True,-1,4,32.31906790001085,
4287,2563,advantage fork middlegame veryLong,31,48,f6g6,False,0.015918629332886302,8,-0.7761556506156921,f6f5,False,0.009999999776482582,False,0,1,8.649193899997044,
4288,2362,crushing endgame interference veryLong,59,32,e6f6,False,0.39711373998679295,2,-0.9370889067649841,h6h2,True,0.9399999976158142,True,-1,8,63.55313630000455,
4289,2582,advantage long middlegame pin,26,43,f3b7,False,0.04756735222252997,2,-0.5169484615325928,f3b7,False,0.4375,False,0,1,7.678140299976803,
4290,2429,advantage defensiveMove endgame pin short,69,21,c3c2,False,0.019932559650179236,8,-0.2884870767593384,c3c2,False,0.007499999832361937,False,0,1,7.392233899998246,
4291,2565,crushing endgame fork veryLong,67,39,g6h5,False,0.20025294553133421,2,-0.06929753720760345,e4f2,True,0.668749988079071,True,-1,4,19.451239899994107,
4292,2533,crushing endgame long sacrifice,92,11,g6e7,False,0.035572366730044686,5,-0.0392150953412056,g6f8,False,0.014999999664723873,False,0,1,8.533008600003086,
4293,2394,advantage hangingPiece long middlegame,27,53,d4f4,True,0.5324800963342085,1,-0.1321764588356018,d4f4,True,0.9725000262260437,False,2,2,14.01648479999858,
4294,2506,attraction crushing kingsideAttack middlegame veryLong,62,30,g3g6,False,0.09416487088268678,2,-0.5836244225502014,h7g7,True,0.8887500166893005,True,-1,4,28.341973000002326,
4295,2439,crushing middlegame pin veryLong,37,51,a5a4,False,0.000226353008670301,22,0.1649121344089508,e6c4,False,0.0,False,0,1,7.97836360000656,
4296,2540,crushing middlegame pin short,53,29,g7g3,False,0.09000127608771757,3,-0.20516838133335114,h8h4,True,0.8462499976158142,True,-1,2,8.755526399996597,
4297,2530,advancedPawn attraction crushing endgame long,109,21,g6h5,False,0.26502008061903165,2,-0.016620878130197525,h4h3,True,0.9350000023841858,True,-1,3,21.66809690001537,
4298,2368,crushing deflection kingsideAttack middlegame veryLong,23,44,d7h3,False,0.3220056875481964,2,0.07844222337007523,d4f3,True,0.8675000071525574,True,-1,4,27.302917900000466,
4299,2390,advantage middlegame pin short,67,46,f6e4,False,0.03684061637799424,9,-0.42893537878990173,e1e6,True,0.9075000286102295,True,-1,2,17.700035299989395,
4300,2429,advancedPawn attraction crushing endgame exposedKing pin sacrifice skewer veryLong,82,24,c8c5,False,0.26569844390987096,2,0.6749196648597717,c8c5,False,0.1274999976158142,False,0,1,6.130593100009719,
4301,2351,equality middlegame short skewer,53,41,c5c2,False,0.20784521299043054,2,-0.8954222202301025,d8b8,True,0.9549999833106995,True,-1,2,15.360512300016126,
4302,2734,attraction crushing middlegame quietMove sacrifice veryLong,65,41,d6d3,False,0.0028157068538319256,8,0.15019004046916962,h5f4,False,0.0,False,0,1,7.437036899995292,
4303,2371,advancedPawn attraction crushing endgame rookEndgame veryLong,54,31,c5b5,False,0.1391878049413521,3,0.27536630630493164,c5c7,True,0.9287499785423279,True,-1,5,37.67572729999665,
4304,2544,advantage long middlegame pin,44,43,h5h6,True,0.583676972757251,1,-0.5834394693374634,h5h6,True,0.7325000166893005,True,-1,3,23.662720699998317,
4305,2468,advantage discoveredAttack kingsideAttack middlegame pin sacrifice veryLong,56,42,a7d7,False,0.029855776678207463,6,-0.05691450089216232,a7f7,True,0.6537500023841858,False,2,2,10.790671800001292,
4306,2487,advantage endgame long pin,49,37,g4f5,False,0.13239854489822261,4,-0.46453481912612915,g4g6,True,0.96875,True,-1,3,22.608911399991484,
4307,2437,long mate mateIn3 middlegame,52,42,g5h7,False,0.11290228399603516,3,-0.3216700553894043,g4f4,True,0.949999988079071,True,-1,3,1.6808774000091944,
4308,2669,crushing long middlegame sacrifice,34,44,b3c2,False,0.0011759322114745674,17,0.3856448233127594,a1d1,False,0.0,False,0,1,8.073245500010671,
4309,2651,advantage endgame fork veryLong,53,41,e4e3,True,0.6342342521651735,1,-0.3845609128475189,e4e3,True,0.9862499833106995,True,-1,4,27.202441200002795,
4310,2447,attraction collinearMove crushing discoveredAttack discoveredCheck opening sacrifice veryLong,26,42,c1a3,True,0.5766648499414332,1,-0.04827052354812622,c1a3,True,0.8725000023841858,False,2,2,15.130906300008064,
4311,2429,endgame mate mateIn2 quietMove short,98,18,g4g5,False,0.0011744713790872818,9,-0.48166772723197937,g4g5,False,0.0,False,0,1,7.567495600000257,
4312,2753,advantage endgame hangingPiece long,96,18,a4b5,True,0.9569243604118793,1,-0.8946019411087036,a4b5,True,1.0,True,-1,3,24.790135699993698,
4313,2513,advantage attackingF2F7 attraction deflection long opening sacrifice,16,39,e1g1,False,0.001411966798183103,13,-0.039369069039821625,e1g1,False,0.0,False,0,1,7.729170400009025,
4314,2452,advantage exposedKing hangingPiece middlegame veryLong,36,41,e2f3,True,0.900004437870768,1,0.3142126798629761,e2f3,True,0.9024999737739563,False,2,2,2.1878904000041075,
4315,2485,advancedPawn crushing endgame exposedKing fork long master,76,26,g6g7,True,0.647089136747515,1,-0.7256298065185547,g6g7,True,0.9825000166893005,False,2,2,14.067615200008731,
4316,2521,advantage kingsideAttack long opening sacrifice,25,46,d8h4,False,6.248483032445057e-05,27,0.32236218452453613,d8h4,False,0.0,False,0,1,8.547675600013463,
4317,2531,fork mate mateIn5 middlegame sacrifice veryLong,41,25,d8g8,True,0.2809296791602045,1,-0.9853242635726929,d8g8,True,0.9100000262260437,False,4,3,22.57553270002245,
4318,2467,advantage clearance deflection master middlegame pin veryLong,65,35,b6e3,False,0.039981355555896915,5,-0.4688011407852173,b6e6,True,0.7049999833106995,True,-1,4,31.884407999983523,
4319,2633,advantage attraction long middlegame,28,45,a3f3,True,0.4644104624329899,1,-0.5438780784606934,a3f3,True,0.9574999809265137,False,2,2,15.188064499991015,
4320,2428,advantage discoveredCheck doubleCheck exposedKing long middlegame sacrifice,29,41,e5g6,False,0.0014774409823500366,8,-0.057517390698194504,e5g6,False,0.0,False,0,1,8.26102879998507,
4321,2696,advantage exposedKing fork middlegame quietMove sacrifice veryLong,40,42,g4e6,False,0.03937987834083229,3,-0.5201805830001831,g4e6,False,0.35749998688697815,False,0,1,8.383532999985619,
4322,2456,advantage deflection endgame long,71,44,d3e2,False,0.34028337648637924,2,-0.12995871901512146,d3g3,True,0.9100000262260437,True,-1,3,16.346427500015125,
4323,2424,crushing long middlegame pin,43,31,g8g2,False,0.04062716586103576,3,0.8985633254051208,g8g2,False,0.009999999776482582,False,0,1,7.29452319999109,
4324,2569,advancedPawn capturingDefender crushing middlegame veryLong,51,32,d8f8,False,0.09510833986340468,4,-0.039102714508771896,d8f8,False,0.12999999523162842,False,0,1,7.5948836999887135,
4325,2614,attraction crushing exposedKing middlegame veryLong,41,37,d8d2,True,0.20468461834063134,1,-0.008099527098238468,d8d3,False,0.03500000014901161,False,0,1,7.28067840001313,
4326,2608,crushing middlegame pin short,64,43,e6g6,False,0.00013694238461323729,28,0.561214029788971,e6g6,False,0.0,False,0,1,2.099525800003903,
4327,2526,crushing defensiveMove endgame long pin rookEndgame,85,4,f4e4,True,0.624982652413547,1,0.023976778611540794,f4e4,True,0.9662500023841858,False,4,3,23.663408299995353,
4328,2629,advantage clearance discoveredAttack discoveredCheck long middlegame,54,35,f5f6,True,0.7936927921705472,1,-0.5810016989707947,f5f6,True,0.9850000143051147,False,4,3,20.754884800000582,
4329,2719,advantage deflection endgame long,48,33,h1f1,True,0.7376922337723556,1,-0.8677200078964233,h1f1,True,0.981249988079071,False,2,2,14.773851099977037,
4330,2526,crushing middlegame pin quietMove veryLong,42,37,a1e1,False,0.09094332638637921,3,0.16776394844055176,a1e1,False,0.011250000447034836,False,0,1,7.839676699979464,
4331,2773,crushing endgame sacrifice veryLong,67,35,f3h4,True,0.3407317378041332,1,-0.05879480019211769,f3h4,True,0.6112499833106995,False,4,3,22.28395709997858,
4332,2574,crushing defensiveMove long middlegame sacrifice,26,40,c3e4,True,0.6427097412363281,1,0.420960009098053,c3e4,True,0.8912500143051147,True,-1,3,24.373022000014316,
4333,2440,crushing deflection discoveredAttack discoveredCheck endgame exposedKing veryLong,72,26,h3h5,False,0.10758896281880499,5,-0.16116230189800262,h6g7,True,0.7737500071525574,False,6,4,31.396682699996745,
4334,2410,crushing kingsideAttack long middlegame sacrifice,42,46,a2a3,False,0.00012058234303169442,40,-0.33645743131637573,d1d8,False,0.0,False,0,1,9.793218299979344,
4335,2536,crushing defensiveMove deflection master middlegame sacrifice veryLong,50,39,f2d4,False,0.008944146676550151,4,0.559690535068512,a1b1,False,0.0037499999161809683,False,0,1,7.331575000018347,
4336,2384,advantage deflection intermezzo long middlegame sacrifice,75,33,b6e3,False,0.2066515679084827,3,-0.1710180640220642,d8d5,True,0.925000011920929,True,-1,3,23.631730799999787,
4337,2420,advantage defensiveMove master middlegame pin sacrifice short,53,43,e6h3,False,0.010003343605683767,9,-0.5934534072875977,b6d4,False,0.0012499999720603228,False,0,1,7.566322200000286,
4338,2468,crushing discoveredAttack discoveredCheck exposedKing middlegame veryLong,51,34,h7h3,True,0.8132786185315043,1,0.47564294934272766,h7h3,True,0.5887500047683716,False,2,2,15.012474599992856,
4339,2728,crushing endgame fork quietMove veryLong,65,24,b2b1,True,0.7032963406334687,1,0.6080832481384277,b2b1,True,0.9725000262260437,False,2,2,15.097879899985855,
4340,2561,advantage endgame long pin sacrifice,70,32,d3e2,False,0.0896421128512174,5,0.05623298138380051,g2g7,False,0.21250000596046448,False,0,1,7.96384029998444,
4341,2484,advantage fork long master middlegame pin,54,46,d5f6,True,0.2986791172105179,1,0.9563606977462769,d5f6,True,0.8512499928474426,True,-1,3,22.67076450001332,
4342,2622,crushing long middlegame pin,75,40,e1c1,False,0.171841451411149,2,-0.7829763889312744,a6f1,True,0.9649999737739563,False,2,2,12.90278929998749,
4343,2385,advantage discoveredAttack discoveredCheck endgame long,62,36,g6e4,True,0.3576611394581767,1,-0.0734582468867302,g6e4,True,0.9462500214576721,True,-1,3,23.28932789998362,
4344,2556,advantage middlegame pin veryLong,63,42,c6e5,False,0.3533967041956752,2,-0.18527458608150482,c6e5,False,0.2787500023841858,False,0,1,7.0405930999841075,
4345,2368,advantage hangingPiece long master middlegame,58,34,g4f5,True,0.8960274786033946,1,0.5165146589279175,g4f5,True,0.9900000095367432,True,-1,3,23.15805939998245,
4346,2404,advantage attraction long master masterVsMaster middlegame sacrifice,32,36,g2h3,False,0.07135148818607458,4,-0.9691500067710876,d1d8,True,0.8675000071525574,True,-1,3,23.096005700004753,
4347,2740,advantage discoveredAttack exposedKing master middlegame pin veryLong,48,38,h5g3,False,0.02263973455245915,10,0.41648706793785095,h5g3,False,0.2762500047683716,False,0,1,7.611043799988693,
4348,2611,crushing exposedKing interference long middlegame,47,23,d4e2,True,0.45442654330927956,1,-0.726408064365387,d4e2,True,0.981249988079071,True,-1,3,23.69093109999085,
4349,2565,advantage middlegame pin veryLong,28,60,f4d6,False,0.11598605429305933,5,0.6244621872901917,f4g5,True,0.8037499785423279,True,-1,4,31.003609900013544,
4350,2569,advancedPawn advantage endgame quietMove sacrifice short,87,19,e3e2,False,0.018235816649790407,9,-0.4541865885257721,e3e2,False,0.0012499999720603228,False,0,1,7.421491899993271,
4351,2793,crushing middlegame pin veryLong,45,44,c8c1,False,0.28958296946341383,2,-0.26339641213417053,c8c1,False,0.2849999964237213,False,0,1,7.732536700001219,
4352,2594,advancedPawn clearance crushing discoveredAttack endgame promotion quietMove rookEndgame veryLong,86,11,a8h8,True,0.2857950548513563,1,-0.687558114528656,a8h8,True,0.9412500262260437,False,8,5,35.062200000014855,
4353,2516,advantage fork long opening,44,38,c1g5,False,0.21249870702814136,2,0.0017237496795132756,h6f8,True,0.9100000262260437,True,-1,3,22.58246259999578,
4354,2789,crushing hangingPiece intermezzo middlegame sacrifice veryLong,81,29,f8f2,False,0.33186621850661807,2,0.2970922887325287,g3d6,True,0.875,True,-1,4,30.720141099998727,
4355,2476,advantage endgame fork veryLong,60,27,c8h8,True,0.8419583382134522,1,-0.4024694859981537,c8h8,True,0.9937499761581421,True,-1,4,26.56092859999626,
4356,2680,advantage endgame exposedKing fork master veryLong,113,32,d5d4,False,0.41861811514012875,2,-0.10624665021896362,d1a1,True,0.9712499976158142,True,-1,4,31.620133100019302,
4357,2642,advantage discoveredAttack middlegame short,47,44,g6h5,False,0.16153675370201845,2,-0.08743367344141006,f6e4,True,0.9662500023841858,True,-1,2,16.302267400023993,
4358,2466,advancedPawn crushing endgame fork long master masterVsMaster,85,13,h3h2,True,0.8071197577673334,1,-0.10514948517084122,h3h2,True,0.9850000143051147,True,-1,3,22.79590629998711,
4359,2588,crushing fork hangingPiece middlegame pin veryLong,44,34,d4f5,True,0.8268111321264274,1,-0.26494115591049194,d4f5,True,0.9925000071525574,True,-1,4,32.17381639999803,
4360,2453,advantage long middlegame sacrifice,62,40,g7g8,False,0.10116440438712607,3,0.6163504719734192,c3b4,True,0.9424999952316284,True,-1,3,15.339220699999714,
4361,2509,advantage long middlegame sacrifice,28,46,b5d6,False,0.009049558695528488,12,-0.14272964000701904,e2e3,False,0.014999999664723873,False,0,1,7.3200074000051245,
4362,2728,advantage defensiveMove endgame pin veryLong,53,33,a8c8,True,0.6340386902351131,1,0.16944368183612823,a8c8,True,0.9537500143051147,False,6,4,32.169515399989905,
4363,2437,advantage attraction fork opening sacrifice veryLong,43,51,f6g4,False,0.03622551744301896,6,-0.39711958169937134,d4f2,True,0.44874998927116394,False,2,2,15.995242400007555,
4364,2721,attraction crushing endgame short,69,38,h1e4,False,0.022377544389360727,3,0.46568238735198975,g6g5,True,0.6299999952316284,True,-1,2,6.031442900013644,
4365,2442,cornerMate discoveredCheck doubleCheck exposedKing long mate mateIn3 middlegame,65,41,f3d3,False,0.0025298856714503102,12,0.35777711868286133,f3g3,False,0.0,False,0,1,6.36440260001109,
4366,2599,advantage hangingPiece master middlegame quietMove veryLong,43,34,d8d7,True,0.9725335950160144,1,0.14168360829353333,d8d7,True,0.9987499713897705,True,-1,5,29.453386599983787,
4367,2509,crushing discoveredAttack hangingPiece long master middlegame pin,69,21,f5f4,True,0.45872781545825564,1,0.25063982605934143,e4d3,False,0.023749999701976776,False,0,1,5.963604199991096,
4368,2767,crushing long middlegame queensideAttack quietMove sacrifice,41,42,b7e4,False,0.0031773668736045685,6,0.11345981806516647,c5e4,False,0.0,False,0,1,8.520111599995289,
4369,2496,advantage defensiveMove long middlegame pin,59,20,e6d4,True,0.5278389231507091,1,-0.7251560688018799,e6d4,True,0.9837499856948853,True,-1,3,22.552648699987913,
4370,2474,attraction crushing kingsideAttack long middlegame sacrifice,42,52,h3f5,False,0.0033824677787572307,24,-0.3756548762321472,h2h1,False,0.0,False,0,1,6.913053900003433,
4371,2362,mate mateIn5 middlegame sacrifice veryLong,46,35,g2c6,True,0.5820187923351424,1,-0.6882116794586182,e5f7,False,0.12999999523162842,False,0,1,6.00631280001835,
4372,2657,crushing long master masterVsMaster middlegame pin quietMove,40,35,f7e6,False,0.003554002982230891,19,-0.4228717088699341,g3g4,False,0.0,False,0,1,3.3197651999944355,
4373,2484,advantage hangingPiece middlegame short,49,36,d3c1,True,0.5061970956384989,1,-0.0683264434337616,d3c1,True,0.9612500071525574,True,-1,2,14.90736630000174,
4374,2495,advantage fork middlegame veryLong,53,39,f2e2,False,0.27227666967406366,2,0.7736998796463013,c8e8,False,0.0625,False,0,1,7.717854799993802,
4375,2376,crushing defensiveMove long master middlegame pin,76,30,f2e2,False,0.1826023766696413,2,-0.6295903325080872,e7e5,True,0.6349999904632568,False,4,3,21.53902409999864,
4376,2614,advantage discoveredAttack discoveredCheck long middlegame,57,41,a2b3,True,0.7859998514018017,1,-0.6064281463623047,a2b3,True,0.9825000166893005,False,2,2,10.960130499996012,
4377,2783,crushing endgame pin veryLong,68,44,f2a2,True,0.5041738535739426,1,0.4338987469673157,b5b6,False,0.06624999642372131,False,0,1,7.061736000003293,
4378,2467,crushing defensiveMove hangingPiece opening short,26,39,e5f6,False,0.40105998579557134,2,-0.2436206042766571,d1d4,True,0.9412500262260437,True,-1,2,16.617144000018016,
4379,2357,advancedPawn crushing discoveredAttack discoveredCheck endgame long sacrifice,51,28,d4d3,False,0.003141378266085059,14,0.3293384909629822,d4d3,False,0.0,False,0,1,7.167139800003497,
4380,2430,crushing discoveredAttack middlegame short,57,34,e5f3,True,0.5718919293158378,1,-0.3680475354194641,e5f3,True,0.9800000190734863,True,-1,2,13.326835000014398,
4381,2398,advantage fork middlegame veryLong,61,48,d7d2,False,0.03772321135045394,4,-0.22190488874912262,e4b1,True,0.9100000262260437,True,-1,4,30.877001799992286,
4382,2398,advantage attraction master middlegame sacrifice veryLong,36,44,b2c3,False,0.04077287564778688,3,0.2493496686220169,g1g7,True,0.9175000190734863,True,-1,4,31.02644300000975,
4383,2432,crushing long middlegame sacrifice,45,41,f5e4,False,0.031094568004930802,3,0.20137567818164825,h3g4,False,0.008750000037252903,False,0,1,8.04328159999568,
4384,2661,crushing endgame pin short,43,38,e8f7,False,0.003876139349050657,15,-0.30486348271369934,e7b4,False,0.0,False,0,1,7.925459099991713,
4385,2514,advantage intermezzo long middlegame sacrifice,44,41,g5f6,False,0.08677632369211823,4,-0.653905987739563,d4d6,True,0.8550000190734863,True,-1,3,21.39933879999444,
4386,2593,advancedPawn advantage endgame promotion sacrifice veryLong,63,27,a4a3,False,0.35825882403785153,2,-0.44186222553253174,c4c3,True,0.9574999809265137,True,-1,5,39.67801160001545,
4387,2525,crushing discoveredAttack discoveredCheck endgame veryLong,80,24,g5d5,False,0.03161982341427371,3,0.20101585984230042,d3e4,True,0.831250011920929,True,-1,4,31.477628400025424,
4388,2373,crushing endgame fork long,66,34,c5e6,False,0.2057486319596303,2,0.46756744384765625,g5e7,True,0.9612500071525574,True,-1,3,22.42892320000101,
4389,2376,advantage deflection kingsideAttack long middlegame pin,46,39,f2e3,False,0.06095909902149098,4,-0.5641172528266907,f5h6,True,0.9487500190734863,True,-1,3,23.853977700026007,
4390,2467,crushing fork long middlegame pin,62,39,d3e4,False,0.05476976512152291,3,-0.6136624217033386,f6g6,True,0.5649999976158142,True,-1,3,19.217775700002676,
4391,2688,advantage deflection endgame exposedKing quietMove veryLong,80,34,g6f6,False,0.10492139056868036,2,-0.07197649776935577,g6h6,True,0.7174999713897705,False,2,2,15.128390099998796,
4392,2512,crushing long middlegame pin,34,46,f3f4,False,0.001596755260455837,17,0.015442285686731339,f3g3,False,0.0,False,0,1,8.456571100017754,
4393,2553,crushing deflection discoveredAttack exposedKing long master middlegame,44,43,e4d6,True,0.4243460072735915,1,0.18589912354946136,e4d6,True,0.96875,True,-1,3,23.429656799999066,
4394,2530,advancedPawn crushing deflection endgame long promotion rookEndgame,108,19,f3f2,False,0.24699793533850872,2,-0.8498323559761047,c6c7,True,0.9750000238418579,True,-1,3,19.680045799992513,
4395,2428,advantage attraction kingsideAttack middlegame quietMove sacrifice veryLong,46,49,g3e4,False,0.04442879203943152,4,0.26379409432411194,f3f7,True,0.7975000143051147,True,-1,4,30.39363589999266,
4396,2486,discoveredAttack discoveredCheck endgame mate mateIn5 pillsburysMate quietMove veryLong,75,22,g8f8,False,0.02207680380416973,8,-0.769490122795105,h3f3,True,0.6962500214576721,False,2,2,4.399195300007705,
4397,2518,advantage defensiveMove discoveredAttack kingsideAttack middlegame pin quietMove veryLong,69,34,e4f3,False,0.1255351779224879,2,-0.0016418679151684046,e4f3,False,0.023749999701976776,False,0,1,8.285626899974886,
4398,2446,attraction crushing endgame fork long,67,31,c6e4,False,0.03382429864167027,7,0.6827061772346497,c6a4,False,0.004999999888241291,False,0,1,7.856398400006583,
4399,2545,advantage hangingPiece long middlegame pin quietMove,32,30,d2c3,True,0.6187861837092505,1,-0.03549389913678169,d2c3,True,0.9762499928474426,True,-1,3,20.456016099982662,
4400,2658,advantage middlegame sacrifice trappedPiece veryLong,47,39,d6a6,False,0.0522113547366095,3,-0.7850263118743896,b4c6,False,0.0062500000931322575,False,0,1,7.222342099994421,
4401,2702,crushing endgame hangingPiece quietMove veryLong,73,15,c3e2,True,0.6543240460261763,1,-0.8400775194168091,c3e2,True,0.9912499785423279,False,4,3,23.722813900007168,
4402,2741,clearance crushing master middlegame pin quietMove short,86,31,e6f7,False,0.007338099468368508,4,0.6177865862846375,e6f7,False,0.0,False,0,1,8.309799699985888,
4403,2391,attraction crushing exposedKing middlegame pin sacrifice veryLong,45,48,a4d1,True,0.3365586390233823,1,-0.3059980273246765,a4d1,True,0.9762499928474426,True,-1,5,33.92210920000798,
4404,2717,advantage clearance discoveredAttack discoveredCheck endgame long quietMove,75,35,e7h4,True,0.2916244113169706,1,-0.3305741846561432,e7g5,False,0.2750000059604645,False,0,1,8.347390200011432,
4405,2619,crushing endgame fork long master pin,54,46,d6d8,False,0.3228301180206788,2,-0.5583032369613647,d6h6,True,0.9462500214576721,False,4,3,23.23547840001993,
4406,2628,crushing long middlegame quietMove sacrifice,50,39,c1c5,False,0.04328022073215035,5,-0.21156778931617737,c1c5,False,0.0062500000931322575,False,0,1,6.99544369999785,
4407,2397,crushing middlegame pin short,64,33,h4h6,False,0.009670549959677971,13,-0.949224591255188,g1g7,False,0.0024999999441206455,False,0,1,7.987423700018553,
4408,2446,crushing long opening pin quietMove sacrifice,25,35,g4e3,False,0.2011258587671639,2,-0.13859395682811737,c8d7,True,0.9624999761581421,True,-1,3,24.418192800018005,
4409,2388,crushing fork long middlegame,90,32,g3g7,True,0.6566072802866525,1,-0.7862617373466492,g3g7,True,0.9837499856948853,True,-1,3,16.155892299982952,
4410,2691,advantage attraction middlegame sacrifice veryLong xRayAttack,28,41,a1b1,False,0.2873810474265488,2,0.0563645176589489,a1b1,False,0.038750000298023224,False,0,1,8.961635700019542,
4411,2674,advantage discoveredAttack long middlegame,45,34,d5b4,True,0.6440286765519885,1,-0.5900835990905762,d5b4,True,0.9649999737739563,False,4,3,24.409014699980617,
4412,2758,advantage fork long middlegame pin sacrifice,56,43,f5h6,False,0.009021169113253001,10,0.4743451774120331,f5g7,False,0.09000000357627869,False,0,1,7.596380300004967,
4413,2470,advantage clearance opening sacrifice veryLong,22,31,d2b4,False,0.10659419385407357,4,0.02628568932414055,f3g5,False,0.10875000059604645,False,0,1,8.06407950000721,
4414,2561,advantage fork long master masterVsMaster middlegame,66,38,f2f3,False,0.15214640335287033,3,0.04449617117643356,e4f6,True,0.9549999833106995,True,-1,3,22.61171800000011,
4415,2463,attraction capturingDefender crushing deflection discoveredAttack kingsideAttack middlegame veryLong,54,30,f3h3,True,0.5090352982673693,1,0.4770422577857971,f3h3,True,0.956250011920929,True,-1,5,37.82650279998779,
4416,2440,advantage endgame sacrifice veryLong,88,30,g4b4,True,0.906501971608983,1,-0.5059833526611328,g4b4,True,0.9937499761581421,True,-1,4,31.95670790001168,
4417,2717,crushing middlegame sacrifice veryLong,29,2,f8f7,True,0.6941322119754004,1,-0.002460761461406946,f8f7,True,0.9825000166893005,False,4,3,24.13106320000952,
4418,2488,advantage defensiveMove middlegame pin veryLong,48,7,e1f1,True,0.47299054576307437,1,-0.8962547779083252,e1f1,True,0.8537499904632568,True,-1,4,28.62241320000612,
4419,2624,attraction crushing fork middlegame pin quietMove sacrifice veryLong,40,42,g6g4,False,0.19796838681861698,2,-0.7085832953453064,g6h6,False,0.09000000357627869,False,0,1,8.402418999990914,
4420,2354,clearance crushing kingsideAttack middlegame skewer veryLong,46,41,f6h6,True,0.42249219480052336,1,0.17980828881263733,f6h6,True,0.9800000190734863,True,-1,5,36.927992600016296,
4421,2676,advancedPawn crushing deflection endgame long promotion underPromotion,106,35,f3a8,False,0.3499106074349983,2,-0.14498306810855865,f3c3,True,0.9787499904632568,False,2,2,14.590984500013292,
4422,2588,deflection mate mateIn5 middlegame veryLong,75,41,c4c1,True,0.5773947208983676,1,-0.34267374873161316,c4c1,True,0.9837499856948853,True,-1,7,6.578496500005713,
4423,2410,crushing deflection exposedKing middlegame veryLong,56,36,h2h7,False,0.36119498366890634,2,-0.770703911781311,d2e4,True,0.8575000166893005,False,4,3,18.278205099981278,
4424,2485,crushing deflection fork middlegame quietMove sacrifice veryLong,57,42,h4h3,True,0.3876179759134373,1,-0.9911282062530518,b4e7,False,0.08624999970197678,False,0,1,6.463450799987186,
4425,2539,advantage deflection long middlegame,60,40,g6e6,False,0.11589134014043202,2,0.07022693753242493,g6e6,False,0.0037499999161809683,False,0,1,7.970669400005136,
4426,2456,crushing middlegame quietMove veryLong xRayAttack,58,49,c1e1,True,0.2782517719178744,1,-0.3691923916339874,h5h6,False,0.07750000059604645,False,0,1,6.805705400009174,
4427,2518,crushing endgame pin short,77,38,c8h3,False,0.011737319012017435,6,0.5232231616973877,c8h3,False,0.16625000536441803,False,0,1,8.030513600009726,
4428,2493,advantage defensiveMove endgame fork master short,58,44,d3e4,False,0.09536459630219048,2,-0.6501473188400269,b2f6,True,0.9462500214576721,True,-1,2,15.70973440000671,
4429,2494,advancedPawn crushing deflection endgame exposedKing promotion veryLong,91,14,g3g2,True,0.4755410411256114,1,-0.8305426239967346,g3g2,True,0.9800000190734863,False,8,5,36.07275760002085,
4430,2560,advantage attraction endgame veryLong,69,32,e3e2,True,0.5789353172102482,1,0.08740109950304031,e3e2,True,0.8774999976158142,False,2,2,11.629378099984024,
4431,2525,advantage deflection endgame exposedKing long rookEndgame,78,20,h6h7,True,0.7637385638525327,1,-0.9502021074295044,h6h7,True,0.9925000071525574,True,-1,3,17.228864100005012,
4432,2361,advantage clearance kingsideAttack middlegame veryLong xRayAttack,35,49,b4d6,False,0.15743994991578938,3,0.13871726393699646,e8e5,True,0.581250011920929,True,-1,4,31.023614800011273,
4433,2496,crushing fork long master opening,20,42,e1g1,False,0.20687720017981984,3,0.30578580498695374,c3c4,True,0.6225000023841858,True,-1,3,24.49393609998515,
4434,2512,advantage endgame long pin,59,37,e5f3,True,0.4910992006570513,1,-0.16038042306900024,a3b4,False,0.07999999821186066,False,0,1,7.3130592000088654,
4435,2376,crushing endgame hangingPiece knightEndgame quietMove veryLong,76,18,e4g5,True,0.7309710342518078,1,-0.12351648509502411,e4g5,True,0.9887499809265137,False,4,3,24.09839379999903,
4436,2419,advantage deflection middlegame pin queensideAttack veryLong,43,35,a2a1,True,0.9367317801446697,1,-0.6068757176399231,a2a1,True,0.9850000143051147,False,6,4,32.0678426999948,
4437,2360,crushing discoveredAttack middlegame veryLong,47,39,h4h3,True,0.9168460885380634,1,0.2651623785495758,h4h3,True,0.8600000143051147,False,4,3,25.046766999992542,
4438,2624,advantage discoveredAttack exposedKing kingsideAttack middlegame pin veryLong,64,40,f5h6,False,0.01985728972054669,7,0.4974516034126282,f5g7,True,0.7599999904632568,True,-1,4,30.90263130000676,
4439,2533,crushing fork master middlegame sacrifice veryLong,41,55,c3b4,False,0.021622429530305323,5,-0.5042399168014526,d7a4,True,0.7212499976158142,True,-1,4,11.263877699995646,
4440,2645,advantage middlegame quietMove skewer veryLong,36,31,g5g8,True,0.995799838453134,1,-0.09915921837091446,g5g8,True,0.9987499713897705,False,8,5,40.57300450000912,
4441,2516,clearance crushing deflection fork middlegame quietMove sacrifice veryLong,54,34,g3g4,False,0.0006171062452790535,9,0.15374594926834106,g3h4,False,0.0,False,0,1,6.219464399997378,
4442,2629,advantage hangingPiece long middlegame,44,38,e3d4,False,0.3793911383359669,2,0.10684148967266083,f3e5,True,0.5174999833106995,False,2,2,12.295049299980747,
4443,2794,crushing middlegame pin queensideAttack veryLong,45,37,a2c3,False,0.015835738424583332,6,-0.43671914935112,e7b4,True,0.625,False,4,3,17.161557099985657,
4444,2613,advantage discoveredAttack middlegame short,34,39,e2h5,False,0.09705167475158863,6,0.43056079745292664,e2h5,False,0.17000000178813934,False,0,1,6.036526999989292,
4445,2402,crushing defensiveMove endgame long pin queenRookEndgame,80,15,d2d3,True,0.33336955944873004,1,-0.9884026646614075,d2d3,True,0.981249988079071,True,-1,3,18.34166710000136,
4446,2480,advancedPawn crushing discoveredAttack endgame exposedKing sacrifice veryLong,91,16,h3h2,True,0.5578548998714542,1,-0.3901345729827881,h3h2,True,0.9075000286102295,False,6,4,23.54059099999722,
4447,2617,advancedPawn crushing endgame long promotion sacrifice,59,38,f4e5,False,0.027584975045559776,6,-0.644332230091095,f4e5,False,0.0024999999441206455,False,0,1,6.046386300004087,
4448,2754,crushing defensiveMove deflection endgame long,96,28,g1g7,True,0.8404141879976981,1,-0.1145954579114914,g1g7,True,0.9862499833106995,False,4,3,22.12017539999215,
4449,2717,crushing endgame sacrifice veryLong,47,43,e3f2,True,0.9055579040032864,1,0.6701384782791138,e3f2,True,0.9862499833106995,False,2,2,4.768540899996879,
4450,2578,advantage hangingPiece long opening,25,35,f6e4,True,0.4968756122027491,1,0.1122511699795723,f6e4,True,0.9587500095367432,True,-1,3,22.350224299996626,
4451,2559,crushing middlegame pin veryLong,42,36,g3g4,True,0.486451515958734,1,-0.1015625074505806,g3h3,False,0.28125,False,0,1,7.981087599997409,
4452,2536,crushing middlegame sacrifice veryLong,57,36,h2h1,False,0.079974737705587,2,0.8362698554992676,f8f4,True,0.8787500262260437,False,4,3,19.784797800006345,
4453,2358,crushing endgame exposedKing quietMove veryLong xRayAttack,67,41,e4b1,False,0.008085131010172946,2,0.3511972427368164,e4b1,False,0.0,False,0,1,7.439543699991191,
4454,2689,advantage attraction defensiveMove deflection long middlegame sacrifice,54,4,e1e3,True,0.4959695641690161,1,0.05650174990296364,e1e3,True,0.9537500143051147,True,-1,3,24.278547199995955,
4455,2398,hangingPiece long mate mateIn3 middlegame,36,30,d5a8,True,0.9485700814509214,1,-0.816368043422699,d5a8,True,0.9975000023841858,True,-1,3,1.8568365999963135,
4456,2351,crushing deflection discoveredAttack long middlegame,59,30,h5h2,False,0.02406289133328101,4,0.030202772468328476,g4g3,True,0.8349999785423279,True,-1,3,21.083803000015905,
4457,2516,crushing endgame pin veryLong,75,21,e4e1,False,0.1764913333366193,2,-0.301955908536911,e4e7,True,0.8537499904632568,True,-1,4,28.19835689998581,
4458,2481,advantage long middlegame skewer,74,39,h5e5,False,0.15850422798470595,2,-0.4240608513355255,d7e8,True,0.9662500023841858,True,-1,3,25.15337700000964,
4459,2590,advancedPawn attraction crushing discoveredCheck doubleCheck endgame long,62,43,h5g6,True,0.5787611769191428,1,0.18484997749328613,h5g6,True,0.9775000214576721,True,-1,3,17.21133339998778,
4460,2386,advantage fork middlegame veryLong,49,30,f5f4,False,0.11941183531136568,4,-0.7350282073020935,f6h4,True,0.9387500286102295,True,-1,7,35.694620599999325,
4461,2402,advantage kingsideAttack long middlegame sacrifice,46,48,f4h5,True,0.7523116741416955,1,0.10128939896821976,f4h5,True,0.9700000286102295,True,-1,3,16.974252699990757,
4462,2423,advantage deflection long middlegame,50,2,g1h1,True,0.6456904297206931,1,0.09413933753967285,g1h1,True,0.9825000166893005,True,-1,3,16.11176919998252,
4463,2357,advantage endgame fork pin veryLong,56,50,e6h6,True,0.7031395690238034,1,0.1918897181749344,e6h6,True,0.987500011920929,True,-1,4,23.566423300013412,
4464,2661,crushing kingsideAttack long middlegame sacrifice,46,46,c1c7,False,0.012928043477430241,12,0.31316787004470825,e5g4,False,0.0062500000931322575,False,0,1,7.84486049998668,
4465,2501,crushing discoveredAttack kingsideAttack middlegame veryLong,45,46,f6f2,True,0.7259493305677266,1,-0.8413747549057007,f6f2,True,0.9862499833106995,True,-1,4,28.261426200013375,
4466,2360,advantage long middlegame pin queensideAttack,45,39,e7b4,False,0.1827133930133275,2,-0.03883998468518257,e7a3,True,0.6112499833106995,True,-1,3,18.14534350001486,
4467,2379,advantage kingsideAttack long middlegame sacrifice,31,41,b6b2,False,0.004137184920146748,9,-0.07553398609161377,b6b2,False,0.0,False,0,1,7.273707899992587,
4468,2506,advantage capturingDefender endgame long master,83,26,f1c4,False,0.033299216400173415,8,-0.5443093180656433,f1h3,True,0.8062499761581421,False,4,3,21.479341099999147,
4469,2405,advantage defensiveMove endgame long skewer,57,34,d6d4,True,0.317763938753973,1,-0.20529837906360626,d6d4,True,0.9700000286102295,True,-1,3,24.20925419998821,
4470,2594,advantage endgame exposedKing fork long,69,27,h7h3,True,0.47179575645901434,1,0.3280085027217865,h7h3,True,0.5774999856948853,True,-1,3,23.48600129998522,
4471,2471,advantage endgame fork veryLong,79,44,f7c7,False,0.14197297083642144,3,-0.5312355160713196,d4d1,True,0.8712499737739563,True,-1,4,24.41961569999694,
4472,2430,advantage kingsideAttack long master middlegame pin,35,52,f5e4,False,0.00548304281813522,3,-0.25217631459236145,f5e4,False,0.0,False,0,1,6.0718072000017855,
4473,2512,advantage discoveredAttack middlegame veryLong,64,44,g2h3,False,0.0009601997462856896,8,-0.564500629901886,g2h3,False,0.0,False,0,1,6.458170900004916,
4474,2484,advantage middlegame pin veryLong,39,2,g8h8,True,0.8892832615752861,1,-0.9046369791030884,g8h8,True,0.9925000071525574,False,4,3,16.0599041999958,
4475,2435,advantage endgame pin sacrifice veryLong,58,32,f1c4,True,0.40709861018674137,1,-0.4855891168117523,f1c4,True,0.5199999809265137,False,2,2,12.002662799990503,
4476,2485,advantage exposedKing fork middlegame veryLong,69,32,g3h3,True,0.8867527969440337,1,0.0023749202955514193,g3h3,True,0.987500011920929,True,-1,4,18.504366700013634,
4477,2590,crushing endgame master sacrifice veryLong,74,28,d1d2,False,0.2736542089307676,2,-0.5361140370368958,d1d2,False,0.07374999672174454,False,0,1,6.171785299986368,
4478,2484,crushing discoveredAttack discoveredCheck middlegame veryLong,40,6,c1b1,False,0.06978813125366314,3,-0.9499912858009338,d5f4,True,0.9487500190734863,False,2,2,12.441302099992754,
4479,2420,advantage long middlegame pin,72,40,b2d4,False,0.02814274772027018,9,0.2024184912443161,b2f6,True,0.45375001430511475,True,-1,3,18.91383720000158,
4480,2375,crushing fork long middlegame,50,46,e5d7,True,0.43586041484796634,1,0.08300936967134476,e5d7,True,0.9662500023841858,True,-1,3,23.858987699990394,
4481,2393,advantage deflection endgame rookEndgame short,71,25,h7h5,False,0.00782133324831843,8,0.02112474851310253,h7h5,False,0.0,False,0,1,2.6261426999990363,
4482,2623,advantage deflection hangingPiece middlegame veryLong,40,42,c6a8,True,0.8723450140600765,1,0.7628516554832458,c6a8,True,0.9825000166893005,True,-1,4,31.4879832000006,
4483,2401,long mate mateIn3 middlegame,20,47,e6d5,True,0.547206804097908,1,-0.11316066980361938,e6d5,True,0.9850000143051147,True,-1,3,1.4034558999992441,
4484,2380,advantage endgame fork master sacrifice veryLong,46,37,f4h5,False,0.2273172964869168,2,-0.8422634601593018,f4h5,False,0.06750000268220901,False,0,1,7.195003500004532,
4485,2478,crushing endgame intermezzo long pin,55,30,g6g4,False,0.0467381585313414,5,0.6481041312217712,g8h8,True,0.8862500190734863,True,-1,3,23.155443800002104,
4486,2470,crushing hangingPiece middlegame short,57,24,e7d7,True,0.4782721944807667,1,0.581041157245636,e7d7,True,0.9862499833106995,True,-1,2,16.291778400016483,
4487,2470,advantage defensiveMove long middlegame pin sacrifice,48,44,c4f7,False,0.0006538876714658341,16,-0.03033244051039219,c4f7,False,0.0,False,0,1,8.63140429998748,
4488,2774,attraction mate mateIn5 middlegame sacrifice veryLong,49,43,f5d3,False,0.008228038420779207,8,-0.9778850078582764,c4d2,False,0.0,False,0,1,6.5584363999951165,
4489,2625,advantage attraction endgame exposedKing master veryLong,73,24,g5g4,True,0.36249147767814666,1,-0.24385753273963928,g5g4,True,0.8987500071525574,False,2,2,12.437940899981186,
4490,2754,advantage deflection endgame pin veryLong,41,28,b7b1,False,0.18519154114625397,2,0.43752798438072205,b7b1,False,0.017500000074505806,False,0,1,5.190197199990507,
4491,2712,advantage discoveredAttack discoveredCheck middlegame pin sacrifice veryLong,46,34,h5f3,True,0.5021336621965463,1,-0.6392478942871094,f1d1,False,0.09875000268220901,False,0,1,5.934193799999775,
4492,2399,crushing exposedKing middlegame sacrifice veryLong,57,35,d6e5,True,0.4514599618951896,1,-0.344247967004776,d6e5,True,0.981249988079071,True,-1,4,23.09655830002157,
4493,2431,advantage middlegame sacrifice short,29,35,f8e7,False,0.14887220812776375,2,-0.29712966084480286,h5f4,True,0.9350000023841858,True,-1,2,9.492230399977416,
4494,2415,advancedPawn crushing endgame hangingPiece long,64,24,e5d6,True,0.9627495262431396,1,-0.5572907328605652,e5d6,True,0.9975000023841858,True,-1,3,14.166058700007852,
4495,2417,advantage middlegame pin short,43,45,f7f6,False,0.17545606707810538,3,-0.1303260326385498,f7f6,False,0.4112499952316284,False,0,1,6.063040800014278,
4496,2638,crushing fork middlegame sacrifice veryLong,25,52,f8f2,False,0.11871734158118909,3,0.442961186170578,a8e8,True,0.9087499976158142,True,-1,4,32.89438990000053,
4497,2353,advantage deflection long middlegame pin,36,41,h6f8,False,0.3149476926012915,2,0.6605601906776428,h5g5,True,0.9325000047683716,True,-1,3,23.729835200007074,
4498,2442,crushing endgame hangingPiece long rookEndgame,97,11,c4b3,True,0.9522238078142324,1,-0.3921152353286743,c4b3,True,0.9975000023841858,True,-1,3,24.450313100009225,
4499,2376,advantage capturingDefender defensiveMove intermezzo long middlegame,25,31,e7g5,False,0.0666441885984049,3,-0.25228333473205566,e7g5,False,0.2537499964237213,False,0,1,8.59823370000231,
4500,2551,advantage clearance endgame long pin,79,36,e4g4,False,0.0024037161370882806,12,0.13638652861118317,e4g4,False,0.0,False,0,1,9.03105340001639,
4501,2405,advantage middlegame pin quietMove sacrifice veryLong,47,41,d5d6,False,0.05106602204223218,3,-0.5200600624084473,e8g8,True,0.9150000214576721,True,-1,4,15.296854300017003,
4502,2634,advantage attraction middlegame sacrifice veryLong,35,52,e4c3,False,0.1604325402421221,2,-0.25315970182418823,d4d3,True,0.5450000166893005,False,4,3,16.811049600015394,
4503,2452,crushing fork master middlegame short,35,41,e5f3,True,0.5319774750237014,1,-0.43627461791038513,e5f3,True,0.9612500071525574,True,-1,2,9.441217099985806,
4504,2351,crushing intermezzo middlegame pin sacrifice veryLong,75,36,g7d4,True,0.6991085524617936,1,-0.577663004398346,g7d4,True,0.9662500023841858,False,2,2,11.890051599999424,
4505,2367,advantage endgame long pin,52,36,f1e3,False,0.24662670094986952,2,-0.4442956745624542,g2g4,True,0.8899999856948853,True,-1,3,16.252948200009996,
4506,2757,crushing long middlegame sacrifice,32,44,g5d2,False,0.20557804679362618,3,-0.04480978846549988,g5f6,False,0.01875000074505806,False,0,1,5.9854631999915,
4507,2427,advantage attraction defensiveMove exposedKing fork intermezzo middlegame sacrifice veryLong,66,37,g6g4,False,0.26063084133057995,2,-0.9007833003997803,d3d5,True,0.9599999785423279,False,6,4,22.417209599982016,
4508,2366,advantage attraction deflection fork middlegame sacrifice veryLong,46,56,c8b8,False,0.05572724529012962,5,-0.4321299195289612,c8f8,True,0.9462500214576721,True,-1,5,29.788280399981886,
4509,2480,crushing master middlegame pin short,59,37,d8d1,False,0.03580907120585511,6,0.14169839024543762,e5e4,True,0.8162500262260437,True,-1,2,12.184080999984872,
4510,2359,attraction crushing long middlegame sacrifice,44,42,h8h7,False,0.10176588252126341,5,0.6649761199951172,h6g5,True,0.5600000023841858,False,2,2,11.761093399982201,
4511,2738,crushing endgame exposedKing fork long master,66,39,e5g7,False,0.006926342619714623,15,0.2568741738796234,a2a4,False,0.0,False,0,1,5.989583599992329,
4512,2601,crushing defensiveMove endgame fork quietMove veryLong,68,14,e3a7,False,0.035443715362596453,2,0.3976665437221527,e3f2,True,0.7799999713897705,True,-1,8,47.79046980000567,
4513,2519,advantage discoveredAttack discoveredCheck exposedKing master middlegame sacrifice veryLong,29,55,d3b5,False,0.009496342976284806,9,-0.19774377346038818,d3b5,False,0.012500000186264515,False,0,1,8.484142500004964,
4514,2351,attraction capturingDefender crushing endgame long,66,26,g4f5,False,0.10489550508783517,2,0.7633450627326965,b6d7,True,0.800000011920929,True,-1,3,23.993816500005778,
4515,2426,advantage middlegame sacrifice veryLong,40,54,e1e4,True,0.7867900808085421,1,-0.46403613686561584,e1e4,True,0.9237499833106995,True,-1,4,26.719845500017982,
4516,2407,crushing endgame hangingPiece long,66,25,f5g6,True,0.44759682809936585,1,0.09578180313110352,f5g6,True,0.9700000286102295,True,-1,3,17.03280669997912,
4517,2449,crushing defensiveMove deflection endgame pawnEndgame veryLong,81,6,c4d4,True,0.871805318661537,1,0.16385406255722046,c4d4,True,0.9912499785423279,False,2,2,11.64822610002011,
4518,2414,crushing defensiveMove endgame hangingPiece knightEndgame short,97,5,c5b7,True,0.9831848117069758,1,-0.6261582374572754,c5b7,True,0.9987499713897705,True,-1,2,12.315547699981835,
4519,2371,advantage long middlegame pin,47,32,c6c5,False,0.3777984655266584,2,-0.8763004541397095,g5g2,True,0.9175000190734863,True,-1,3,14.110251400008565,
4520,2398,advantage defensiveMove fork long middlegame pin,43,51,h4f2,True,0.6738909362680544,1,-0.46344777941703796,h4f2,True,0.987500011920929,True,-1,3,16.665226599987363,
4521,2719,crushing defensiveMove endgame fork long,102,11,g2f4,True,0.41003471194817026,1,-0.9573459029197693,g2f4,True,0.9725000262260437,False,4,3,18.65717790002236,
4522,2363,crushing discoveredAttack discoveredCheck master middlegame short,68,34,b1f1,True,0.5252682061989303,1,-0.36433205008506775,b1f1,True,0.9524999856948853,False,2,2,12.60407950001536,
4523,2678,advantage discoveredAttack discoveredCheck exposedKing middlegame quietMove veryLong,19,49,h7h5,True,0.37347955720506476,1,-0.20292644202709198,h7h5,True,0.9549999833106995,True,-1,4,23.468318599974737,
4524,2368,advantage middlegame sacrifice short,34,45,e1e8,False,0.0294022997679017,6,-0.9075983762741089,h6g7,True,0.574999988079071,False,2,2,12.530786199989961,
4525,2383,crushing defensiveMove middlegame pin sacrifice veryLong,43,49,h8e8,False,0.2813758054071599,2,0.10010649263858795,a8e8,True,0.9350000023841858,True,-1,4,36.35335849999683,
4526,2505,clearance crushing deflection endgame master skewer veryLong,84,26,d3f5,False,0.12950804898652268,2,-0.12100059539079666,d3g6,True,0.8774999976158142,True,-1,4,39.68070140000782,
4527,2561,crushing endgame pin short,55,29,f2e2,False,0.0025340992179111654,17,-0.7280519008636475,f2f1,False,0.0,False,0,1,11.268663099996047,
4528,2623,advancedPawn clearance crushing endgame hangingPiece promotion rookEndgame veryLong,80,17,b7a8,True,0.9334171424407063,1,-0.005400716792792082,b7a8,True,0.9962499737739563,False,6,4,30.73213809999288,
4529,2683,advantage exposedKing fork opening veryLong,24,46,f4g5,False,0.005553701685480298,8,0.3324577808380127,b1d2,False,0.0,False,0,1,7.847528099984629,
4530,2620,crushing deflection fork long opening,16,26,e3e4,False,0.09886444806190214,5,-0.3500443398952484,f3e5,True,0.9674999713897705,True,-1,3,24.57616210001288,
4531,2387,crushing endgame fork veryLong,54,34,f5e4,True,0.3965407390078524,1,0.5098189115524292,f5h7,False,0.028750000521540642,False,0,1,6.183913300017593,
4532,2470,clearance mate mateIn4 middlegame sacrifice veryLong,52,53,d1d8,False,0.11066630182886875,4,0.8154586553573608,d1d8,False,0.16625000536441803,False,0,1,6.283673400001135,
4533,2571,crushing defensiveMove endgame hangingPiece long,126,22,a8a1,True,0.8599401487788289,1,0.030033938586711884,a8a1,True,0.9950000047683716,False,2,2,14.696015299996361,
4534,2497,crushing deflection endgame rookEndgame veryLong,112,20,f5f6,False,0.12381411900127982,3,0.0812673419713974,a7a4,True,0.6837499737739563,True,-1,4,23.887546900019515,
4535,2430,crushing long middlegame pin,29,35,g6g5,True,0.7972366100688456,1,0.3687174916267395,g6g5,True,0.9850000143051147,True,-1,3,18.429806899977848,
4536,2441,crushing endgame exposedKing fork quietMove veryLong,89,22,h5h4,True,0.5069076887541328,1,-0.31701669096946716,h5h4,True,0.9700000286102295,True,-1,4,22.878767299989704,
4537,2777,crushing endgame fork master veryLong,73,39,c6d7,False,0.017233942871442316,8,-0.20629842579364777,h7h5,True,0.6412500143051147,True,-1,5,29.378973399987444,
4538,2518,advantage master middlegame pin short,38,43,g5f6,True,0.32499361590242865,1,-0.7930313944816589,g5f6,True,0.8012499809265137,False,2,2,12.02947859998676,
4539,2352,advantage defensiveMove hangingPiece middlegame short,43,43,b7a6,False,0.020593983190883142,8,-0.3871949315071106,f5g7,True,0.7862499952316284,True,-1,2,12.293637499999022,
4540,2530,advantage middlegame pin short,23,48,c8h3,True,0.4968698111009343,1,-0.18800599873065948,c8h3,True,0.9337499737739563,False,2,2,12.099291599995922,
4541,2530,advantage attraction kingsideAttack middlegame sacrifice veryLong,45,44,a8f8,False,0.1337733300002341,3,-0.2467658966779709,g8g2,True,0.6449999809265137,True,-1,6,26.482964299997548,
4542,2492,crushing endgame queensideAttack sacrifice veryLong,56,29,a7a8,False,0.026203888293445818,10,-0.28368350863456726,a7a8,False,0.0012499999720603228,False,0,1,9.026748000003863,
4543,2404,crushing deflection endgame exposedKing fork veryLong,54,28,e4e6,False,0.22751013417459026,2,-0.038279641419649124,e4e6,False,0.3162499964237213,False,0,1,11.03413859999273,
4544,2385,advantage exposedKing fork middlegame veryLong,34,51,e1e8,True,0.8052678781904048,1,0.34257715940475464,e1e8,True,0.9912499785423279,True,-1,4,30.253253000002587,
4545,2492,advantage discoveredAttack exposedKing opening pin veryLong,25,41,g7c3,True,0.7820462898508017,1,-0.19456347823143005,b4c2,False,0.20499999821186066,False,0,1,8.118709000002127,
4546,2437,attraction mate mateIn4 middlegame queensideAttack sacrifice veryLong,46,46,h2h3,False,0.005916256425069882,20,0.28141504526138306,c7c4,False,0.0,False,0,1,6.870285599987255,
4547,2462,crushing middlegame sacrifice veryLong,48,40,f1g1,False,0.3327727710472045,2,-0.6702381372451782,b3a5,True,0.9599999785423279,False,4,3,20.543981700000586,
4548,2539,attackingF2F7 crushing long middlegame pin,36,50,e3c5,False,0.20167618057549994,3,0.0993809625506401,c3e4,True,0.7262499928474426,False,2,2,15.49887770001078,
4549,2755,advantage deflection fork middlegame pin quietMove veryLong,68,39,g7d4,True,0.5367131182390799,1,-0.06564982235431671,g7d4,True,0.737500011920929,False,2,2,12.40549999999348,
4550,2565,advantage fork middlegame quietMove veryLong,30,50,d6c7,False,0.008466564662522972,9,-0.22280646860599518,g2g3,False,0.0,False,0,1,6.05040690000169,
4551,2567,crushing endgame hangingPiece veryLong,96,9,b6d5,False,0.03238820900743054,3,-0.4323214292526245,d3e3,True,0.875,True,-1,4,24.506082100007916,
4552,2673,crushing middlegame pin quietMove short,55,48,e5e4,False,0.037463524673536294,5,-0.17431333661079407,g7h6,True,0.9049999713897705,True,-1,2,6.925025100004859,
4553,2457,crushing endgame pawnEndgame quietMove sacrifice veryLong,83,10,h5h4,True,0.4481815298886234,1,0.1495453268289566,d7e6,False,0.2487500011920929,False,0,1,6.311092399992049,
4554,2441,crushing discoveredAttack discoveredCheck middlegame short,71,33,g8g3,False,0.0204314700519516,5,-0.07410860061645508,g8g3,False,0.3474999964237213,False,0,1,5.370313799998257,
4555,2542,crushing defensiveMove long middlegame pin,52,41,g5g6,False,0.0008680984053873109,21,0.2922421395778656,f1f3,False,0.0,False,0,1,5.631005700008245,
4556,2662,advantage middlegame pin short,34,44,f4d6,False,0.07824694657671154,3,-0.5765836238861084,a3b5,True,0.7012500166893005,True,-1,2,10.982252499990864,
4557,2775,crushing long middlegame sacrifice,34,46,h6f4,False,0.0012210650500039198,19,-0.4885197877883911,h6f4,False,0.0,False,0,1,6.091868899995461,
4558,2439,long mate mateIn3 middlegame sacrifice,34,51,b4f8,False,0.003786186502993456,13,0.6452041864395142,b4f8,False,0.0,False,0,1,6.163433400011854,
4559,2737,advantage deflection endgame sacrifice veryLong,54,28,a5a6,True,0.670772040562631,1,0.02208547480404377,b5d6,False,0.09749999642372131,False,0,1,6.0517086000181735,
4560,2691,advantage long middlegame sacrifice,28,38,d3h7,False,0.029028147646183,4,0.2812725007534027,e5f6,False,0.012500000186264515,False,0,1,7.615620800002944,
4561,2398,crushing deflection endgame long,59,34,f6e4,False,0.3373896594426914,2,0.07186108827590942,c8c1,True,0.9537500143051147,True,-1,3,17.703956900018966,
4562,2635,advantage bishopEndgame deflection endgame long,78,11,h3g4,False,0.004814494647309427,6,0.1894962042570114,h3g4,False,0.0,False,0,1,8.392880100000184,
4563,2756,crushing long middlegame pin,53,47,f8f4,True,0.3294148370610557,1,0.4131183624267578,f8f4,True,0.9750000238418579,False,4,3,23.547062199999345,
4564,2526,crushing endgame fork veryLong,83,28,g5e3,True,0.33075565129726064,1,-0.4502098560333252,g5e3,True,0.8587499856948853,True,-1,4,25.84216070000548,
4565,2408,advantage middlegame pin short,45,39,e6e3,True,0.47349786132461263,1,0.4842948317527771,e6e3,True,0.9674999713897705,True,-1,2,11.405324399995152,
4566,2403,crushing fork master middlegame pin veryLong,50,25,f3g5,True,0.509094479785874,1,-0.3388947546482086,f3g5,True,0.9787499904632568,True,-1,4,20.1001068999758,
4567,2395,advantage discoveredAttack discoveredCheck kingsideAttack long middlegame,55,32,f4e3,False,0.24807141268303834,2,-0.6212936043739319,f4g3,True,0.956250011920929,False,2,2,10.908914500003448,
4568,2393,advantage discoveredAttack discoveredCheck middlegame veryLong,31,2,e7d8,True,0.9748453038736319,1,-0.19515317678451538,e7d8,True,0.9962499737739563,False,4,3,16.796484699996654,
4569,2430,endgame fork mate mateIn4 veryLong,88,18,f6d8,True,0.5058989149802634,1,-0.6340193152427673,f6d8,True,0.9862499833106995,True,-1,4,1.5643205000087619,
4570,2582,crushing endgame long master trappedPiece,98,16,b4b5,True,0.3749738031332549,1,0.5224835276603699,b4b5,True,0.9075000286102295,True,-1,3,18.418472400022438,
4571,2402,advantage long middlegame pin,49,36,g4h3,False,0.010637771847423894,4,-0.06324592232704163,g4f5,False,0.0024999999441206455,False,0,1,6.141734900011215,
4572,2762,castling crushing discoveredAttack discoveredCheck exposedKing fork middlegame veryLong,50,42,g6h7,True,0.5303923409098885,1,-0.2743876278400421,g6h7,True,0.8762500286102295,True,-1,5,30.15309450001223,
4573,2745,crushing hangingPiece middlegame quietMove veryLong,69,46,e2e1,True,0.8958991324865474,1,-0.8406643271446228,e2e1,True,0.9962499737739563,False,2,2,7.832352400000673,
4574,2537,advantage exposedKing middlegame pin veryLong,60,44,g6h6,True,0.22479062927466206,1,-0.06502720713615417,a1g1,False,0.14000000059604645,False,0,1,5.5513151999912225,
4575,2528,crushing defensiveMove endgame sacrifice veryLong,62,11,b7a8,False,0.0879985794833809,3,0.366838663816452,b7a8,False,0.2562499940395355,False,0,1,5.7603902999835555,
4576,2665,advantage fork middlegame veryLong,55,42,d5d4,False,0.080022355447037,2,-0.43812423944473267,d5d4,False,0.0024999999441206455,False,0,1,7.168775800004369,
4577,2626,crushing endgame hangingPiece rookEndgame veryLong,99,16,c2d3,True,0.9942398185543343,1,0.16710910201072693,c2d3,True,1.0,False,2,2,15.155090000014752,
4578,2440,advantage defensiveMove fork opening sacrifice veryLong,25,3,e6f5,False,0.12637377067747563,3,-0.8703014254570007,g8e7,True,0.956250011920929,False,2,2,16.66228570000385,
4579,2530,advantage attraction middlegame veryLong,37,38,d6c6,False,0.42937678509908583,2,-0.6935917735099792,f6e4,True,0.9549999833106995,False,2,2,16.611616700014565,
4580,2778,advantage attraction deflection endgame fork sacrifice veryLong,65,39,g8g7,False,0.006007343685619868,13,0.14574654400348663,b7d5,False,0.0,False,0,1,7.927628900011769,
4581,2574,crushing endgame fork veryLong,54,26,f7g8,False,0.1820778571128821,2,-0.11148848384618759,f7g8,False,0.021250000223517418,False,0,1,8.234851200017147,
4582,2604,advancedPawn crushing deflection endgame rookEndgame veryLong,94,15,h5g6,True,0.39088312686340915,1,-0.14147530496120453,h5g6,True,0.90625,True,-1,6,37.573862699995516,
4583,2738,advantage defensiveMove endgame fork long master,82,15,c7d5,True,0.790477320203288,1,-0.577374279499054,c7d5,True,0.9850000143051147,False,4,3,18.205771099979756,
4584,2762,advantage long opening quietMove sacrifice,18,46,d1h5,True,0.8476902324175211,1,-0.3326416015625,d1h5,True,0.9925000071525574,False,2,2,12.08666989998892,
4585,2382,crushing exposedKing middlegame quietMove skewer veryLong,56,44,h6g6,False,0.05596307629528101,3,-0.03381961211562157,e3h3,True,0.949999988079071,True,-1,4,17.218211899977177,
4586,2430,attraction crushing endgame fork long rookEndgame sacrifice,88,17,b4b8,False,0.006924846963318833,13,-0.0022939101327210665,c3c4,False,0.0012499999720603228,False,0,1,6.295584500010591,
4587,2359,advantage fork long middlegame quietMove,20,42,h5e5,True,0.9861249431512262,1,-0.37988412380218506,h5e5,True,0.9987499713897705,True,-1,3,18.94956949999323,
4588,2736,crushing master masterVsMaster middlegame pin veryLong xRayAttack,79,51,c1h1,True,0.7793486396716709,1,-0.41716763377189636,c1h1,True,0.9925000071525574,True,-1,5,24.797176399995806,
4589,2420,advantage clearance long opening sacrifice,24,44,c1e3,False,0.0013662555592422287,21,-0.2026018351316452,c1e3,False,0.0,False,0,1,6.276302799989935,
4590,2363,crushing defensiveMove endgame master pin short,64,5,g2g3,False,0.32843058246644813,2,-0.0775427296757698,g2g3,False,0.19374999403953552,False,0,1,6.407122200005688,
4591,2534,attraction crushing kingsideAttack long middlegame sacrifice,30,40,d3e4,True,0.3244815376054013,1,0.013991376385092735,f3g2,False,0.06750000268220901,False,0,1,6.127502699993784,
4592,2534,advantage defensiveMove long middlegame sacrifice,64,52,g1g4,False,0.14738389292859372,2,0.15433204174041748,d2h6,True,0.9375,True,-1,3,9.737002300011227,
4593,2675,crushing exposedKing fork middlegame pin veryLong,55,44,c7a7,False,0.147749324611396,2,0.19316214323043823,c7c2,True,0.9487500190734863,False,2,2,13.484725499991328,
4594,2545,crushing middlegame pin short,27,33,d8g8,True,0.9276158766587734,1,-0.9323405027389526,d8g8,True,0.9950000047683716,False,2,2,17.071857699978864,
4595,2408,endgame mate mateIn5 sacrifice veryLong,50,40,c3b5,True,0.4962314460541698,1,-0.5148530602455139,c3b5,True,0.4975000023841858,False,4,3,17.71200649999082,
4596,2730,clearance crushing long middlegame sacrifice,54,54,a1e1,False,0.17982617860046823,2,0.12666861712932587,h1h6,True,0.5737500190734863,True,-1,3,14.506772799999453,
4597,2494,attraction clearance crushing middlegame pin sacrifice veryLong,27,44,d8d5,False,0.00021104149208664655,16,0.3495022654533386,d8d5,False,0.0,False,0,1,6.144369199988432,
4598,2399,advantage defensiveMove deflection endgame veryLong,94,28,c7c8,True,0.5274371978951459,1,-0.9587833285331726,c7c8,True,0.9662500023841858,True,-1,4,22.631598800013307,
4599,2490,advantage long opening sacrifice,36,2,f1f2,True,0.98791148742768,1,-0.6010659337043762,f1f2,True,0.9987499713897705,False,4,3,17.0506730999914,
4600,2478,crushing hangingPiece middlegame short,59,39,h5g7,False,0.21956354813008364,2,-0.38185039162635803,f5e4,True,0.9674999713897705,True,-1,2,10.219871300010709,
4601,2356,crushing defensiveMove endgame long pin sacrifice,81,26,f8a3,False,0.0018546164895215176,16,0.3735346794128418,f8b4,False,0.0,False,0,1,6.181796299992129,
4602,2519,advantage long master middlegame pin,36,47,f5d6,True,0.485683657569022,1,-0.18770989775657654,f5d6,True,0.7174999713897705,False,4,3,18.109227999986615,
4603,2393,crushing deflection endgame veryLong,88,35,f4c7,False,0.016862564147776267,10,-0.5840975046157837,f4f3,False,0.0012499999720603228,False,0,1,5.780535199999576,
4604,2780,crushing deflection interference middlegame queensideAttack veryLong,56,42,e1e8,True,0.9993468270163607,1,0.05934736132621765,e1e8,True,0.9987499713897705,False,2,2,12.434391899994807,
4605,2366,advantage long middlegame trappedPiece,29,38,h8h7,False,0.37148126918477714,2,-0.2852123975753784,h8g8,True,0.6150000095367432,False,2,2,11.891980300017167,
4606,2556,advantage fork long middlegame,59,32,g6b1,True,0.49718188557844933,1,-0.9083086848258972,g6g5,False,0.14499999582767487,False,0,1,5.636872100003529,
4607,2398,crushing exposedKing fork master middlegame sacrifice veryLong,48,41,e6d6,True,0.8409350962577526,1,-0.20661622285842896,e6d6,True,0.9912499785423279,True,-1,4,5.132071700005326,
4608,2746,advancedPawn attraction crushing endgame exposedKing fork intermezzo veryLong,89,20,h3h2,True,0.7489854734662804,1,-0.36088037490844727,h3h2,True,0.9574999809265137,False,2,2,16.98162879998563,
4609,2603,endgame equality master quietMove sacrifice veryLong,70,28,c6c8,False,0.07705208215394922,3,-0.31323203444480896,c6c8,False,0.2212499976158142,False,0,1,7.41151040000841,
4610,2751,crushing deflection middlegame veryLong,95,54,c1f1,True,0.7342880166805543,1,-0.37830135226249695,c1f1,True,0.918749988079071,False,8,5,30.59456460000365,
4611,2450,crushing defensiveMove endgame hangingPiece short,57,37,b5d3,True,0.7767995988405695,1,-0.5852535367012024,b5d3,True,0.9912499785423279,True,-1,2,10.677198799996404,
4612,2492,advantage hangingPiece long middlegame,30,44,e1g1,False,0.18392966840166367,2,0.47811442613601685,e1g1,False,0.07374999672174454,False,0,1,6.100206600007368,
4613,2434,advantage defensiveMove hangingPiece middlegame short,47,31,d8f6,True,0.44259710426257376,1,-0.9345889687538147,d8f6,True,0.9762499928474426,True,-1,2,11.897982299997238,
4614,2582,crushing long middlegame quietMove sacrifice,53,31,h2h1,False,0.29616294044147307,2,-0.06598185002803802,d6e4,True,0.6899999976158142,False,2,2,10.65277960000094,
4615,2353,discoveredAttack discoveredCheck kingsideAttack mate mateIn2 middlegame pin short,30,39,g7f5,True,0.3746452747240307,1,0.9735134840011597,g7f5,True,0.9474999904632568,True,-1,2,0.9938345000264235,
4616,2461,advantage endgame master pin short,72,42,e4f2,False,0.0645023305150955,6,-0.1282968819141388,d3f3,True,0.9300000071525574,True,-1,2,12.030402400007006,
4617,2369,crushing defensiveMove long middlegame pin sacrifice,49,41,h7g6,False,2.4170408513186017e-05,28,-0.8380164504051208,h7g6,False,0.0,False,0,1,6.153721599985147,
4618,2396,crushing middlegame pin short,54,50,g4f6,False,0.0026623926062777,18,0.10423094034194946,b3e3,False,0.0,False,0,1,6.029784600017592,
4619,2394,advantage long middlegame sacrifice skewer,45,38,g4h4,False,0.01905015142706693,6,-0.46773242950439453,g4h4,False,0.0012499999720603228,False,0,1,6.034212700003991,
4620,2489,advantage attraction long middlegame sacrifice,60,40,d1d7,False,0.00386980526778651,3,0.527205765247345,d1d7,False,0.0,False,0,1,0.6999204000167083,
4621,2379,crushing long middlegame quietMove sacrifice,50,35,h5f7,False,0.06631449656617107,3,-0.15850166976451874,f1f3,False,0.013749999925494194,False,0,1,4.791553599992767,
4622,2678,advantage attraction long middlegame sacrifice,33,52,e4e5,False,0.00941529570532747,5,-0.5346058011054993,e4d4,False,0.13124999403953552,False,0,1,6.084355200000573,
4623,2429,advantage defensiveMove interference middlegame veryLong,62,6,e4d5,True,0.3911712350143022,1,-0.03338475897908211,e4d5,True,0.9449999928474426,False,2,2,12.350795000005746,
4624,2412,advantage attraction exposedKing fork middlegame sacrifice veryLong,46,38,e6f8,False,0.18376265459180466,2,-0.3268417716026306,e2g4,True,0.8849999904632568,False,2,2,12.296587899996666,
4625,2588,advantage discoveredAttack discoveredCheck endgame long,63,28,f1f3,False,0.03480349315159815,4,-0.18842992186546326,f1h1,False,0.0024999999441206455,False,0,1,6.202860999997938,
4626,2391,attraction crushing endgame exposedKing fork long rookEndgame sacrifice,63,17,a7a5,False,0.0006532533795575392,16,-0.06062381714582443,d5d4,False,0.0,False,0,1,6.186113799980376,
4627,2630,crushing middlegame quietMove sacrifice veryLong,50,45,b4g4,False,0.16290902247867065,2,-0.0646931454539299,b4h4,False,0.1287499964237213,False,0,1,6.103574500011746,
4628,2489,advantage hangingPiece middlegame veryLong,62,33,b7e7,True,0.3473550474487289,1,-0.38419821858406067,b7e7,True,0.9700000286102295,True,-1,4,24.50274670001818,
4629,2368,advancedPawn crushing endgame long pin promotion,58,34,c7c8q,False,0.012749012489676229,7,-0.6007885932922363,f2f4,True,0.5112500190734863,True,-1,3,17.77451899999869,
4630,2512,attraction crushing deflection fork middlegame veryLong,53,36,c2g2,True,0.5500619574819084,1,-0.042851418256759644,c2g2,True,0.9825000166893005,True,-1,6,30.730747900001006,
4631,2365,advantage master middlegame sacrifice short,44,51,e2g2,True,0.5686625168294415,1,0.49668949842453003,a1a8,False,0.10000000149011612,False,0,1,6.219352199987043,
4632,2656,advantage middlegame pin short,44,44,e1e6,False,0.011336311273722694,4,-0.560534656047821,e1e6,False,0.0062500000931322575,False,0,1,6.246255200006999,
4633,2500,crushing discoveredAttack kingsideAttack long middlegame pin,44,40,g4f6,True,0.587454366498498,1,-0.11411402374505997,g4f6,True,0.9674999713897705,True,-1,3,13.34442370000761,
4634,2653,advantage defensiveMove endgame pin veryLong,77,22,e1c2,True,0.6810413703171841,1,-0.3809855878353119,e1c2,True,0.9574999809265137,False,6,4,24.132848900015233,
4635,2363,advantage defensiveMove hangingPiece middlegame short,52,35,a1f1,False,0.33108203527831276,2,-0.24869045615196228,g6e6,True,0.9762499928474426,True,-1,2,16.911013799981447,
4636,2740,advantage fork middlegame pin veryLong,51,38,d8e6,True,0.33090923254679866,1,-0.2496257871389389,d8e6,True,0.9649999737739563,True,-1,4,38.52162519999547,
4637,2743,advancedPawn bishopEndgame crushing endgame long quietMove sacrifice,93,14,g6f5,False,0.0938723831229986,4,-0.007787591312080622,g6f5,False,0.32124999165534973,False,0,1,11.563340900000185,
4638,2519,advantage fork middlegame pin sacrifice veryLong,42,30,c4d5,False,0.01713564457333128,11,-0.8827477693557739,b5b6,False,0.026249999180436134,False,0,1,8.524654600012582,
4639,2384,crushing fork middlegame sacrifice veryLong,56,41,h3g2,False,0.0021578162637599712,19,-0.9204403162002563,h3g2,False,0.0,False,0,1,11.177654800005257,
4640,2444,crushing long master middlegame pin,98,40,g6f7,False,0.40082705314511136,2,0.3892044723033905,g6f7,False,0.02250000089406967,False,0,1,5.150003999995533,
4641,2453,advancedPawn advantage fork middlegame veryLong,71,41,e3e2,False,0.24698061502365948,3,-0.34327319264411926,d8d1,True,0.925000011920929,False,2,2,12.381346999987727,
4642,2586,advantage middlegame queensideAttack sacrifice veryLong,41,49,c6g2,False,0.10342056394339515,4,-0.14708314836025238,d8a8,True,0.9662500023841858,False,2,2,12.199273200007156,
4643,2461,advantage defensiveMove endgame hangingPiece long,71,28,a8b8,False,0.007662436805547503,3,-0.6962911486625671,a8b8,False,0.0,False,0,1,4.457425200002035,
4644,2633,advantage defensiveMove endgame kingsideAttack long sacrifice,53,33,g5d8,False,0.09395286586175888,3,-0.5040802955627441,f4g4,True,0.9712499976158142,True,-1,3,12.121198600012576,
4645,2456,advantage attraction discoveredAttack exposedKing long middlegame,52,43,c4g8,True,0.8306108466447105,1,0.6278679370880127,c4g8,True,0.9862499833106995,True,-1,3,14.36617700001807,
4646,2389,advantage attraction kingsideAttack middlegame veryLong,29,6,e7e6,True,0.5669794307688177,1,0.3788757920265198,e7e6,True,0.9737499952316284,True,-1,4,24.206419499998447,
4647,2622,attraction clearance crushing middlegame pin veryLong,57,35,h2f2,True,0.449687057453935,1,0.4820243716239929,h2f2,True,0.7975000143051147,False,2,2,12.314839200000279,
4648,2402,advantage middlegame sacrifice short,32,49,d3h7,False,0.008649864386967297,5,0.31551221013069153,d3h7,False,0.0,False,0,1,6.172010899987072,
4649,2441,attackingF2F7 crushing discoveredAttack discoveredCheck middlegame sacrifice short,37,44,a8e8,False,0.005911772165936241,8,0.1768988072872162,c6a5,False,0.0,False,0,1,6.3041553999937605,
4650,2501,exposedKing long mate mateIn3 middlegame,41,36,a8g8,False,0.3332951988136349,2,0.8637814521789551,h3g3,True,0.9287499785423279,True,-1,3,1.128329200000735,
4651,2434,advantage discoveredAttack endgame long,60,32,c5b4,False,0.018514406037137245,11,-0.546811044216156,e5g5,False,0.0012499999720603228,False,0,1,5.478215099981753,
4652,2542,advantage clearance middlegame sacrifice short,32,40,f2h4,False,0.00987170896389567,9,-0.029115289449691772,c1f4,False,0.0012499999720603228,False,0,1,6.33176739999908,
4653,2421,crushing endgame exposedKing fork long,88,27,b5d6,False,0.05220772808492186,5,0.1650944948196411,b5d6,False,0.009999999776482582,False,0,1,5.858594299992546,
4654,2731,attraction crushing defensiveMove endgame veryLong,61,37,h7h5,False,0.058789744421715355,3,0.1298568695783615,f2g2,False,0.019999999552965164,False,0,1,5.785374300001422,
4655,2424,crushing defensiveMove endgame hangingPiece short,102,6,f3g4,True,0.9331598994944119,1,-0.3959108293056488,f3g4,True,0.9962499737739563,True,-1,2,11.901295099989511,
4656,2778,advancedPawn crushing endgame quietMove sacrifice veryLong,125,13,a5b4,False,0.4335249932949059,2,-0.4888114631175995,a5a4,True,0.9700000286102295,False,4,3,18.17484210000839,
4657,2508,crushing long middlegame pin quietMove,35,52,f6g4,False,0.014018027591698384,8,0.08409245312213898,f5g4,False,0.004999999888241291,False,0,1,5.9661594000062905,
4658,2412,attraction crushing endgame fork knightEndgame long master,95,14,d5e3,False,0.24478192490699363,2,-0.102035291492939,f7f5,True,0.918749988079071,True,-1,3,18.723563800012926,
4659,2610,crushing middlegame pin short,46,40,g3h3,False,0.1019814670312188,5,0.4749574065208435,f5f6,True,0.8575000166893005,True,-1,2,11.10336959999404,
4660,2712,advantage discoveredAttack discoveredCheck middlegame pin veryLong,52,46,e1e6,False,0.13425461381875572,3,0.6793950796127319,h8g7,True,0.9662500023841858,False,4,3,18.334762800019234,
4661,2380,advantage discoveredAttack kingsideAttack long middlegame,38,48,e3b6,False,0.12039992117871667,3,-0.002316947327926755,e3f4,True,0.8725000023841858,True,-1,3,18.596869500004686,
4662,2653,crushing long middlegame pin,50,41,c4d3,True,0.5314860166525092,1,0.02676471695303917,c4d3,True,0.96875,True,-1,3,16.035502899991116,
4663,2605,crushing long middlegame quietMove sacrifice,48,41,g5e4,False,0.09566729559235723,4,-0.16049990057945251,g5e4,False,0.009999999776482582,False,0,1,6.109420399996452,
4664,2362,advantage middlegame sacrifice short,44,45,d2h6,True,0.754577334829188,1,0.2648237943649292,d2h6,True,0.9075000286102295,True,-1,2,9.224463199992897,
4665,2354,advancedPawn crushing endgame fork promotion quietMove sacrifice veryLong,89,13,e3e2,True,0.4807687896072999,1,-0.5133116245269775,e3e2,True,0.9700000286102295,False,8,5,41.9459663000016,
4666,2517,advancedPawn crushing endgame long sacrifice,74,39,e6g7,True,0.23371351757909797,1,0.26965704560279846,e6g7,True,0.9700000286102295,True,-1,3,27.875882000022102,
4667,2721,crushing endgame long sacrifice,61,40,d2d8,False,0.005651555356616207,12,-0.02468087337911129,a5d8,False,0.0,False,0,1,9.225603700004285,
4668,2682,crushing defensiveMove endgame exposedKing pin veryLong,86,29,b3b6,False,0.0806392319471975,2,-0.48308977484703064,g3g6,True,0.8862500190734863,False,6,4,41.714617299992824,
4669,2545,crushing fork middlegame short,30,51,b3b6,False,0.052932356418889416,5,0.5001261234283447,d4d5,True,0.8887500166893005,True,-1,2,20.464969299995573,
4670,2639,crushing defensiveMove middlegame pin quietMove veryLong,83,33,f6b6,False,0.1162463595236693,4,-0.2132999300956726,f6f4,True,0.9474999904632568,False,6,4,31.99306079998496,
4671,2700,advantage defensiveMove discoveredAttack long middlegame,40,30,d2c3,True,0.5327518364107727,1,-0.810508668422699,d2c3,True,0.9212499856948853,False,2,2,19.051848200004315,
4672,2410,capturingDefender crushing endgame long pin,77,26,f4e3,True,0.6309431160531532,1,0.33383288979530334,f4e3,True,0.9837499856948853,True,-1,3,17.545859100006055,
4673,2720,advantage long middlegame pin quietMove,26,47,d1d8,False,0.09141776580442838,4,0.04922296479344368,d1b3,False,0.22624999284744263,False,0,1,5.925514100003056,
4674,2479,advantage attraction exposedKing fork hangingPiece master middlegame sacrifice veryLong,77,40,f3d3,True,0.751357558671797,1,-0.28995490074157715,f3d3,True,0.9862499833106995,False,2,2,11.893029099999694,
4675,2408,advantage deflection discoveredAttack fork middlegame skewer veryLong,76,46,c1c6,False,0.0014818438726626364,22,-0.9032966494560242,c1c6,False,0.0,False,0,1,6.205943300010404,
4676,2395,advantage capturingDefender master middlegame short,33,42,b7b5,False,0.0021434950671826007,18,-0.05675802752375603,f7f5,False,0.0,False,0,1,6.343189200008055,
4677,2479,advantage fork long middlegame,33,48,c6e5,False,0.0220449983629952,5,0.007850142195820808,c6d4,False,0.02250000089406967,False,0,1,6.374194400006672,
4678,2520,advantage fork middlegame veryLong,48,38,h5g6,True,0.41028952787793055,1,0.14866602420806885,h5g6,True,0.7637500166893005,True,-1,5,27.26433599999291,
4679,2795,crushing enPassant middlegame pin veryLong,34,36,g1g3,False,0.003646211957003914,8,-0.36734458804130554,g1g3,False,0.0,False,0,1,6.093873400008306,
4680,2428,advantage hangingPiece long middlegame,61,42,a3a1,False,0.30829310357677375,2,0.27244579792022705,a5d2,True,0.9599999785423279,True,-1,3,17.856153100001393,
4681,2480,advantage endgame master masterVsMaster sacrifice short,79,3,g8f8,False,0.09180112559726546,3,-0.603216826915741,g8f8,False,0.0062500000931322575,False,0,1,5.947437700000592,
4682,2544,crushing middlegame sacrifice short,35,37,e8e7,False,0.02196564277738658,7,-0.0783391073346138,g8g2,False,0.0024999999441206455,False,0,1,6.385742599988589,
4683,2554,crushing defensiveMove endgame exposedKing fork veryLong,90,30,f4f8,True,0.3947865875325902,1,-0.1351984590291977,f4f8,True,0.9725000262260437,False,6,4,33.89477630000329,
4684,2532,advantage hangingPiece long middlegame,32,45,a4a8,True,0.8915475769648318,1,0.3059484660625458,a4a8,True,0.9912499785423279,True,-1,3,33.69106390001252,
4685,2580,crushing fork long middlegame,29,34,e5f3,True,0.5645323326027875,1,0.3525320589542389,e5f3,True,0.9712499976158142,True,-1,3,31.64856139998301,
4686,2476,advantage clearance long middlegame pin sacrifice,45,28,f6e5,False,0.0023557931422002864,12,-0.015059849247336388,f6e5,False,0.0,False,0,1,11.37239010000485,
4687,2650,crushing deflection middlegame pin sacrifice short,42,44,c4d3,False,0.025814417721418483,6,0.2943585216999054,c1b1,False,0.019999999552965164,False,0,1,11.381370099988999,
4688,2544,advantage endgame fork long,69,37,e8e5,True,0.933878661016647,1,-0.07582796365022659,e8e5,True,0.9962499737739563,True,-1,3,16.580139300000155,
4689,2465,advancedPawn attraction crushing endgame promotion veryLong,81,35,c2c1q,False,0.10088185291975649,4,-0.6192533373832703,a1h1,True,0.8675000071525574,True,-1,4,21.995006800018018,
4690,2455,advantage fork long opening pin,21,45,f2h3,True,0.551931257813868,1,0.11869262903928757,f2h3,True,0.9300000071525574,True,-1,3,18.335409300023457,
4691,2410,crushing discoveredAttack discoveredCheck endgame intermezzo pin sacrifice veryLong,67,35,f2g2,True,0.6607884298192869,1,-0.5541743636131287,f2g2,True,0.9800000190734863,False,2,2,11.156042399990838,
4692,2495,advantage hangingPiece long middlegame,55,34,f5d4,True,0.8360843857626458,1,0.5894293785095215,f5d4,True,0.9925000071525574,True,-1,3,19.7103031000006,
4693,2402,advantage long middlegame pin,63,41,g3h2,False,0.2574737207963765,2,-0.42727211117744446,f8f3,True,0.9424999952316284,True,-1,3,32.70444820000557,
4694,2358,advantage endgame fork long,89,23,e5c4,False,0.17360012557436608,3,-0.7056341767311096,e5d3,True,0.9700000286102295,True,-1,3,32.632210200012196,
4695,2744,advantage long middlegame pin,52,49,g1g5,False,0.03061034178612688,8,0.011700441129505634,a1e1,True,0.8612499833106995,True,-1,3,32.077756700018654,
4696,2739,crushing defensiveMove endgame fork long,57,30,d6d2,True,0.4523062185957174,1,-0.008283521980047226,d6d1,False,0.11874999850988388,False,0,1,11.446804499981226,
4697,2369,advancedPawn crushing discoveredAttack endgame fork long master pin,77,18,g3g2,False,0.021477557488340942,4,0.459931880235672,g3g2,False,0.44999998807907104,False,0,1,10.320724599994719,
4698,2522,advancedPawn clearance crushing discoveredAttack discoveredCheck endgame long quietMove rookEndgame,119,11,c4c3,True,0.6497898821800603,1,0.20011503994464874,c4c3,True,0.9674999713897705,True,-1,3,29.941699499991955,
4699,2385,advancedPawn crushing endgame hangingPiece short,123,4,f5g4,True,0.6550693861736336,1,-0.019565274938941002,f5g4,True,0.987500011920929,True,-1,2,18.387911600002553,
4700,2779,advancedPawn attraction crushing deflection kingsideAttack middlegame sacrifice veryLong,44,39,h6e3,False,0.16107156466882322,2,0.06312675774097443,b1a2,False,0.028750000521540642,False,0,1,10.476169200002914,
4701,2398,crushing deflection endgame long pawnEndgame,77,7,h6h5,False,0.2705928847301905,2,-0.7425752878189087,f7f6,True,0.925000011920929,False,4,3,29.233549099997617,
4702,2637,advancedPawn advantage defensiveMove endgame hangingPiece veryLong,116,12,f6c6,True,0.6120268423619522,1,-0.10465206950902939,f6c6,True,0.9474999904632568,False,2,2,21.846102399984375,
4703,2439,crushing endgame fork long,68,34,c2a2,False,0.09769959030872047,3,-0.07397305220365524,d6e6,True,0.7275000214576721,False,2,2,11.159144600009313,
4704,2360,crushing long middlegame xRayAttack,89,33,h5g4,True,0.7310124825947696,1,-0.8407968282699585,h5g4,True,0.987500011920929,True,-1,3,8.812719700013986,
4705,2701,advantage defensiveMove master middlegame pin sacrifice veryLong,64,29,c8c5,False,0.20845674284152843,3,0.030762704089283943,g5h6,True,0.7425000071525574,False,4,3,10.433540900005028,
4706,2449,advantage long middlegame trappedPiece,49,25,h8h6,False,0.046765548792015686,4,-0.467589408159256,c6c5,False,0.014999999664723873,False,0,1,6.13120770000387,
4707,2741,advantage hangingPiece middlegame veryLong,56,36,g8f7,True,0.9741489881473063,1,0.16553694009780884,g8f7,True,0.9987499713897705,False,2,2,12.055442499986384,
4708,2370,advantage endgame master pin sacrifice short,79,29,g6d3,False,0.0020052619648796115,13,-0.2017858773469925,c2a2,False,0.0,False,0,1,6.0496687999984715,
4709,2361,crushing deflection endgame long,55,45,g8g1,True,0.5419069962934515,1,0.4749261736869812,g8g1,True,0.8424999713897705,True,-1,3,17.152237500005867,
4710,2389,advantage defensiveMove middlegame pin veryLong,53,40,f1e1,False,0.003908238535254273,6,-0.7978912591934204,f1e1,False,0.0,False,0,1,6.284004599991022,
4711,2527,crushing deflection long middlegame,29,47,c2f2,True,0.45367185271423144,1,-0.4382396936416626,e6e5,False,0.18125000596046448,False,0,1,6.329363299999386,
4712,2414,advantage long middlegame pin queensideAttack,22,36,a6b7,False,0.00852178433702988,8,-0.18762992322444916,a6b7,False,0.0,False,0,1,9.046703600004548,
4713,2365,advantage long middlegame trappedPiece,30,35,c3e4,True,0.8128245325297793,1,-0.21253597736358643,c3e4,True,0.9712499976158142,True,-1,3,31.916221999999834,
4714,2792,crushing exposedKing fork middlegame sacrifice skewer veryLong,61,27,g4e3,True,0.3962834412110017,1,-0.037269093096256256,g4e3,True,0.9612500071525574,True,-1,5,50.33205569998245,
4715,2371,advantage fork long middlegame,52,35,d3d4,True,0.24452506062671578,1,-0.5120823383331299,d3d4,True,0.7387499809265137,False,2,2,21.38124700001208,
4716,2764,attackingF2F7 crushing discoveredAttack endgame long,83,18,e2c3,False,0.11506412638467316,4,-0.24924646317958832,e2d4,True,0.9524999856948853,False,4,3,28.963268199993763,
4717,2419,crushing intermezzo kingsideAttack middlegame sacrifice veryLong,30,47,c2c3,False,0.020495288771681573,6,0.21777483820915222,c2c3,False,0.004999999888241291,False,0,1,10.758048399991821,
4718,2586,crushing fork long middlegame pin sacrifice,70,31,e7f6,True,0.21036308380069535,1,-0.8106642365455627,e7f6,True,0.9474999904632568,True,-1,3,23.86623270000564,
4719,2466,attraction endgame mate mateIn4 sacrifice veryLong,47,40,d2d1,False,0.15128051066935638,2,-0.34132006764411926,d2d1,False,0.032499998807907104,False,0,1,8.294376100006048,
4720,2408,advantage deflection endgame long sacrifice,59,26,f7f4,True,0.7768840046273208,1,-0.46124646067619324,f7f4,True,0.9912499785423279,True,-1,3,17.733407499996247,
4721,2631,advantage discoveredAttack intermezzo middlegame pin quietMove sacrifice veryLong,47,38,f6g4,True,0.506213731346036,1,-0.7710722088813782,f6g4,True,0.9787499904632568,True,-1,6,36.632688800018514,
4722,2381,advantage discoveredAttack long middlegame trappedPiece,41,46,f5g5,True,0.2762365260265137,1,-0.005844608414918184,f5g5,True,0.9762499928474426,True,-1,3,20.84743470000103,
4723,2596,crushing hangingPiece long middlegame,73,48,h8g7,True,0.6122129575984894,1,0.28446874022483826,h8g7,True,0.9800000190734863,True,-1,3,31.010157599986997,
4724,2400,crushing middlegame pin short,46,37,f2f1,False,0.0797952165179299,4,-0.41174080967903137,f5g5,True,0.8849999904632568,True,-1,2,16.503215100005036,
4725,2629,advantage exposedKing fork long middlegame,42,35,f2h2,False,0.26769228390067296,2,0.31465035676956177,f2g3,True,0.9599999785423279,True,-1,3,21.10514840000542,
4726,2404,advantage long middlegame sacrifice,72,41,h4h5,False,0.05799303462282015,4,0.24319486320018768,f5e4,True,0.612500011920929,True,-1,3,32.01606979998178,
4727,2735,crushing middlegame sacrifice short,62,38,d2d5,False,0.08465374698906365,3,-0.5394529104232788,b2b7,True,0.9649999737739563,True,-1,2,11.867785599984927,
4728,2719,attraction crushing long middlegame sacrifice,46,55,f1g1,False,0.012635289330023338,11,0.44070106744766235,f1g1,False,0.036249998956918716,False,0,1,10.699413199996343,
4729,2794,advantage exposedKing long middlegame pin,75,42,b2b1,True,0.3467889246613647,1,-0.5520957112312317,b2b1,True,0.7612500190734863,False,2,2,19.71458800000255,
4730,2797,advantage defensiveMove deflection exposedKing fork middlegame veryLong,74,37,h5e8,False,0.06178108530598705,2,0.47032251954078674,h5h7,True,0.3062500059604645,False,6,4,36.30288350000046,
4731,2395,advantage clearance fork middlegame pin quietMove veryLong,46,48,a1f1,False,0.07756097730678252,3,-0.3286575376987457,d5f6,True,0.9275000095367432,False,4,3,30.65055720001692,
4732,2439,advantage discoveredAttack kingsideAttack long middlegame,34,38,c2c3,False,0.00812709486465425,11,-0.17380845546722412,c2c3,False,0.0,False,0,1,10.266665300005116,
4733,2390,advantage clearance middlegame pin veryLong,39,4,c7e7,False,0.35943702673204564,2,-0.761288583278656,e8e7,True,0.7537500262260437,True,-1,4,39.43283549998887,
4734,2396,crushing endgame interference master veryLong,74,31,a8b7,False,0.3311066403202745,2,0.23795223236083984,a8g8,True,0.9312499761581421,False,2,2,19.271068800007924,
4735,2405,advantage fork middlegame short,48,38,g3e5,True,0.5101321158510655,1,0.056314416229724884,g3e5,True,0.6162499785423279,True,-1,2,15.921775199996773,
4736,2587,advantage hangingPiece long middlegame,40,2,g1g2,True,0.7429546147955467,1,-0.6383316516876221,g1g2,True,0.9912499785423279,True,-1,3,18.1844032999943,
4737,2466,advantage fork middlegame pin veryLong,53,47,e1f1,False,0.001452764419092026,24,-0.9574823379516602,g5c1,False,0.0,False,0,1,5.501325999997789,
4738,2464,advantage deflection long middlegame pin sacrifice,46,47,d5f4,False,0.01563688449225688,5,-0.055375128984451294,d5f4,False,0.14749999344348907,False,0,1,6.115172599995276,
4739,2404,advantage middlegame pin quietMove short,71,40,h5f5,False,0.09397488009686962,4,-0.5459378957748413,h5e8,True,0.9225000143051147,True,-1,2,11.685986900003627,
4740,2558,advantage discoveredAttack discoveredCheck middlegame short,75,33,g7e5,False,0.06734598779629555,2,0.38253873586654663,d4f3,True,0.9387500286102295,True,-1,2,11.94592100000591,
4741,2409,advantage hangingPiece long middlegame,53,5,g8h8,True,0.8626536610137319,1,-0.31572115421295166,g8h8,True,0.9937499761581421,True,-1,3,20.574239499983378,
4742,2433,advancedPawn crushing endgame sacrifice short,90,18,h7g6,False,0.04237485111652383,6,0.4997239112854004,h7g8,True,0.8025000095367432,True,-1,2,22.529917000007117,
4743,2669,crushing discoveredAttack discoveredCheck endgame master masterVsMaster veryLong,91,28,b6b2,True,0.5135491936136956,1,-0.07785075902938843,b6b2,True,0.893750011920929,False,4,3,27.099110999988625,
4744,2685,advancedPawn crushing endgame long sacrifice,55,37,e4d3,False,0.2759489899700122,2,0.0061620729975402355,e4d3,False,0.05999999865889549,False,0,1,10.253277599986177,
4745,2670,advantage long master middlegame sacrifice,45,46,b5c6,False,0.015035968591128438,10,-0.343132346868515,b5b2,False,0.0037499999161809683,False,0,1,9.55758799999603,
4746,2354,advantage deflection kingsideAttack middlegame pin sacrifice veryLong,42,42,e5f4,False,0.06856077862038149,3,-0.4860113561153412,g4g6,True,0.9449999928474426,True,-1,5,55.54153170000063,
4747,2376,advantage capturingDefender intermezzo long middlegame pin trappedPiece,33,32,a2a7,False,0.01674430891450451,3,-0.9458563327789307,g7h6,True,0.6800000071525574,True,-1,3,19.22514619998401,
4748,2575,crushing fork middlegame pin veryLong,56,27,g4e6,True,0.9163933292224737,1,-0.9011207222938538,g4e6,True,0.9950000047683716,True,-1,4,21.493504399986705,
4749,2739,crushing discoveredAttack exposedKing long middlegame quietMove,60,37,d3g6,False,0.16177463605012404,3,0.34295201301574707,g7f7,True,0.5450000166893005,True,-1,3,28.638316000025952,
4750,2446,endgame long mate mateIn3,55,39,c3e1,False,0.031154488988910906,5,0.8494149446487427,c3h3,True,0.8837500214576721,True,-1,3,2.3856390999862924,
4751,2366,crushing exposedKing kingsideAttack middlegame pin veryLong,34,40,d2h6,True,0.8531976022887916,1,0.4455728530883789,d2h6,True,0.9887499809265137,True,-1,4,17.727994399989257,
4752,2383,advancedPawn attraction crushing endgame fork long promotion underPromotion,57,39,f2f1q,False,0.031166007226239294,6,0.015650203451514244,f2e1n,True,0.512499988079071,True,-1,3,16.818885700020473,
4753,2425,attraction crushing endgame long,55,33,e3c1,False,0.05689406842687402,2,-0.07343602180480957,e3c1,False,0.017500000074505806,False,0,1,6.227968699997291,
4754,2451,advantage attraction discoveredAttack discoveredCheck kingsideAttack middlegame sacrifice veryLong,36,39,e2g4,False,0.0049724009682568975,18,-0.4545191824436188,e2g4,False,0.0,False,0,1,5.979972400004044,
4755,2424,crushing fork middlegame veryLong,54,50,b7e4,False,0.09334809581180388,4,0.037760909646749496,f4f7,True,0.9524999856948853,True,-1,4,26.36837509999168,
4756,2575,advantage collinearMove middlegame sacrifice short,30,43,h2h3,False,0.008150601736898706,9,0.014999969862401485,h2h3,False,0.0,False,0,1,10.681570499989903,
4757,2720,advantage attraction middlegame pin sacrifice veryLong,44,45,h1f1,True,0.7639136350677113,1,0.16721872985363007,h1f1,True,0.7387499809265137,False,2,2,22.452915700006997,
4758,2516,crushing fork long middlegame,51,41,g8f8,False,0.027679932101397197,7,-0.09188167750835419,d8d2,True,0.8537499904632568,True,-1,3,19.04528799999389,
4759,2779,advancedPawn advantage middlegame pin sacrifice veryLong,48,33,h5g6,True,0.7556629527740344,1,0.21890535950660706,h5g6,True,0.9850000143051147,True,-1,6,56.40386990000843,
4760,2783,advantage attraction clearance defensiveMove middlegame sacrifice veryLong,32,42,f3h3,False,0.005019983529277086,10,0.06270799785852432,f3h3,False,0.0,False,0,1,10.939110500010429,
4761,2768,crushing endgame pin veryLong,113,17,a7a4,False,0.010793932576817369,3,-0.4538201689720154,a7a4,False,0.2837499976158142,False,0,1,8.604796200001147,
4762,2442,crushing hangingPiece middlegame quietMove veryLong,29,37,g2h1,True,0.8569273115733924,1,-0.38955923914909363,g2h1,True,0.9950000047683716,False,4,3,24.234844799997518,
4763,2517,crushing fork middlegame quietMove veryLong,64,24,h5f6,False,0.0123493598170038,5,0.37749379873275757,h5f6,False,0.38749998807907104,False,0,1,6.040170200023567,
4764,2558,advantage long middlegame pin,55,44,d2d4,False,0.20277178042456492,2,0.6669822931289673,h8h4,True,0.8725000023841858,True,-1,3,24.86115039998549,
4765,2373,advantage master middlegame pin veryLong,53,40,a2b2,False,0.14133327006816368,2,0.006795140448957682,a2a1,False,0.1587499976158142,False,0,1,10.48961980000604,
4766,2659,capturingDefender crushing middlegame pin veryLong,63,34,c8b7,False,0.02346435168468131,12,-0.8922219276428223,c8f5,False,0.20624999701976776,False,0,1,10.714536099985708,
4767,2538,advantage deflection kingsideAttack middlegame veryLong,32,47,e5d7,False,0.014902238437998011,3,0.08417407423257828,e5d7,False,0.008750000037252903,False,0,1,11.05383040002198,
4768,2500,crushing discoveredAttack discoveredCheck long middlegame pin,71,49,g4h3,False,0.07491245965696655,2,0.8795759677886963,g4e6,True,0.5012500286102295,True,-1,3,13.291698899993207,
4769,2747,advancedPawn advantage defensiveMove fork middlegame sacrifice veryLong,56,35,e1e6,True,0.8317342927312028,1,-0.9825485944747925,e1e6,True,0.9925000071525574,False,4,3,8.036706799990498,
4770,2362,attraction crushing intermezzo kingsideAttack long middlegame pin sacrifice,49,39,e4g3,False,0.002269391772780369,15,0.6366322636604309,e4g3,False,0.0,False,0,1,1.0861737999948673,
4771,2422,advantage discoveredAttack middlegame short,56,36,h4g4,False,0.028406833611059557,5,-0.4035030007362366,h4g4,False,0.004999999888241291,False,0,1,5.663351399998646,
4772,2547,advantage master middlegame pin short,62,39,g2g3,False,0.025350776158905377,10,-0.39284834265708923,f3f5,True,0.7837499976158142,True,-1,2,12.931384800001979,
4773,2418,advantage endgame long pin,66,32,d1d7,False,0.06783468716178735,5,-0.8637856245040894,h2c7,True,0.9449999928474426,False,2,2,16.75502189999679,
4774,2400,advantage fork middlegame veryLong,28,44,g5f3,False,0.06931061035042321,3,0.2510020434856415,d3h7,True,0.5337499976158142,False,2,2,22.028281700011576,
4775,2446,advancedPawn attraction crushing endgame hangingPiece promotion veryLong,64,31,e1e8,True,0.9740634560793653,1,-0.5843707323074341,e1e8,True,0.9987499713897705,True,-1,4,36.04520209998009,
4776,2406,advantage defensiveMove fork long middlegame,47,43,b2c3,False,0.01954656205660623,13,-0.6650296449661255,c4e2,True,0.768750011920929,True,-1,3,29.79071489998023,
4777,2758,advantage endgame fork sacrifice veryLong,62,2,f3e4,True,0.6869088996476981,1,-0.48045384883880615,f3e4,True,0.9887499809265137,True,-1,5,51.59592699998757,
4778,2532,advantage fork long middlegame,50,43,a1d1,True,0.8539323306115895,1,-0.18242835998535156,a1d1,True,0.9725000262260437,False,2,2,19.891471899987664,
4779,2712,crushing master opening pin veryLong,41,42,c4d3,False,0.08098733929804529,3,0.4121633768081665,d4c2,True,0.8512499928474426,True,-1,6,49.21012989999144,
4780,2632,advantage capturingDefender long middlegame pin,50,40,g5e6,False,0.045630445642806744,4,-0.0663592740893364,g5f7,True,0.9287499785423279,True,-1,3,29.249840300006326,
4781,2368,advantage discoveredAttack discoveredCheck endgame long queensideAttack,42,29,d6d7,False,0.09326630117531512,3,-0.1671442687511444,d6d7,False,0.028750000521540642,False,0,1,10.081989500002237,
4782,2724,crushing defensiveMove deflection endgame pawnEndgame quietMove veryLong zugzwang,68,7,h4h5,False,0.22950171699382205,2,0.21498370170593262,f4f5,True,0.7337499856948853,False,4,3,27.5434209999803,
4783,2462,advantage middlegame pin veryLong,82,47,g3f3,False,0.14361705541029035,4,-0.42386090755462646,g3c7,True,0.7087500095367432,True,-1,5,32.605999799998244,
4784,2474,advancedPawn crushing middlegame sacrifice veryLong,50,37,h2h4,False,0.3728085262840086,2,-0.7173349261283875,b5a6,True,0.6137499809265137,False,2,2,12.00840610000887,
4785,2453,advantage master middlegame sacrifice short,33,40,f8c8,False,0.009211077879551537,11,-0.5426162481307983,f2c5,False,0.1262499988079071,False,0,1,6.340694199985592,
4786,2793,clearance crushing defensiveMove exposedKing fork middlegame pin quietMove veryLong,47,30,e8h5,False,0.02158495545404101,8,-0.17087112367153168,e8h5,False,0.0012499999720603228,False,0,1,8.103254000016022,
4787,2443,crushing defensiveMove endgame sacrifice veryLong,48,3,h1f1,False,0.24952306921733033,2,0.23668289184570312,h1f1,False,0.22750000655651093,False,0,1,10.703267899982166,
4788,2354,advancedPawn crushing endgame hangingPiece promotion queenRookEndgame veryLong,96,23,d2a2,True,0.9124170658164694,1,-0.29524192214012146,d2a2,True,0.9950000047683716,False,2,2,22.08047029998852,
4789,2543,advantage fork middlegame sacrifice veryLong,56,44,c6d5,True,0.7415209498164285,1,0.05700286477804184,c6d5,True,0.9800000190734863,False,4,3,30.695268400013447,
4790,2385,crushing master middlegame pin short,35,56,e5f3,False,0.002686692376596473,7,0.06481136381626129,e5f3,False,0.0,False,0,1,11.322125899983803,
4791,2709,advancedPawn crushing endgame master pawnEndgame quietMove sacrifice veryLong,92,8,a4b5,False,0.24707745195163058,3,0.1816364973783493,a4a5,True,0.5687500238418579,False,2,2,20.559097400022438,
4792,2748,advantage attraction discoveredAttack discoveredCheck middlegame sacrifice veryLong,42,48,g5e7,False,0.16836629993583468,2,-0.10396169126033783,g5e7,False,0.036249998956918716,False,0,1,11.345094099990092,
4793,2590,advantage kingsideAttack master middlegame pin short,68,38,e2h5,False,0.03321531595146977,4,-0.8714922070503235,f5e6,True,0.8087499737739563,False,2,2,20.867680199997267,
4794,2510,advantage middlegame sacrifice veryLong,33,44,f4h3,False,0.0021078577459605523,14,0.31656286120414734,f4h3,False,0.0,False,0,1,9.67402609999408,
4795,2507,advantage long middlegame sacrifice,24,37,c3d5,True,0.6227798698494893,1,-0.21963012218475342,c3d5,True,0.9837499856948853,True,-1,3,31.67868469998939,
4796,2505,crushing deflection endgame exposedKing long,66,26,b5e8,True,0.9365541225121611,1,-0.9633630514144897,b5e8,True,0.9950000047683716,True,-1,3,24.53435060000629,
4797,2704,crushing middlegame pin quietMove veryLong,58,2,a1e1,True,0.998348041618144,1,-0.9302150011062622,a1e1,True,1.0,False,2,2,20.65511309998692,
4798,2426,crushing defensiveMove discoveredAttack endgame long master,89,12,b4b3,False,0.08183841970503311,5,-0.9596155285835266,b4b3,False,0.06499999761581421,False,0,1,10.608418500021799,
4799,2507,crushing exposedKing master middlegame pin veryLong,64,33,f1d1,True,0.8713748512807593,1,-0.830940306186676,f1d1,True,0.9925000071525574,False,2,2,18.259424999996554,
4800,2355,advancedPawn attraction crushing middlegame queensideAttack short,53,37,g8h7,False,0.3641666657758336,2,-0.7387883067131042,a3b2,True,0.8012499809265137,True,-1,2,6.111727300012717,
4801,2493,advantage middlegame sacrifice short,64,25,e6g8,False,0.0025283318119195264,8,0.4534459114074707,h2h4,False,0.0,False,0,1,6.13551219998044,
4802,2434,advantage discoveredAttack discoveredCheck long middlegame queensideAttack sacrifice,35,34,b6c6,False,0.17190086557634812,3,0.3437945544719696,b4c2,True,0.9100000262260437,True,-1,3,30.78517339998507,
4803,2784,crushing endgame hangingPiece long,78,40,f1f8,True,0.8467615124021147,1,-0.9726999998092651,f1f8,True,0.9925000071525574,True,-1,3,24.512500200013164,
4804,2447,advantage middlegame pin quietMove short,46,36,e5d5,False,0.13651216476921468,2,-0.20519918203353882,e5d5,False,0.4662500023841858,False,0,1,11.146813100000145,
4805,2725,crushing endgame long master pin,62,24,g6g7,False,0.17709332099946135,2,-0.142753466963768,g6h5,True,0.875,True,-1,3,16.823323099990375,
4806,2735,capturingDefender crushing endgame skewer veryLong,61,32,g7c3,True,0.5249925592584399,1,-0.4202432334423065,g7c3,True,0.956250011920929,True,-1,5,52.99240970000392,
4807,2605,crushing endgame exposedKing pin veryLong,76,36,b8h8,False,0.009929547982610393,2,0.5070244669914246,b8h8,False,0.03125,False,0,1,6.058230099995853,
4808,2549,crushing hangingPiece middlegame short,49,32,d4f3,True,0.9439806969204737,1,0.5936768651008606,d4f3,True,0.9975000023841858,False,2,2,14.64052429998992,
4809,2465,advantage kingsideAttack long middlegame pin,36,47,h5h6,True,0.8287275889833247,1,-0.8017547130584717,h5h6,True,0.9912499785423279,False,4,3,27.719421499990858,
4810,2532,advantage fork opening sacrifice veryLong,20,37,d5e3,False,0.03983543183477618,5,0.346002459526062,c1g5,False,0.009999999776482582,False,0,1,9.431910000013886,
4811,2767,crushing deflection endgame pawnEndgame veryLong zugzwang,69,7,g5g4,True,0.6929534415482559,1,-0.13664241135120392,g5g4,True,0.9674999713897705,True,-1,7,72.96432480000658,
4812,2514,advantage discoveredAttack discoveredCheck exposedKing kingsideAttack middlegame veryLong,41,2,c8b8,False,0.4478762551557713,2,0.24747399985790253,c8d7,True,0.9587500095367432,False,2,2,17.223675000015646,
4813,2536,advantage fork middlegame short,29,41,g3e5,True,0.773248756414951,1,-0.7617418169975281,g3e5,True,0.9912499785423279,True,-1,2,16.96539009999833,
4814,2559,advantage long middlegame pin queensideAttack,45,44,g5d2,False,0.1535811704194444,2,0.5040583610534668,f2d1,True,0.9599999785423279,True,-1,3,23.40695560001768,
4815,2536,crushing endgame long pin sacrifice,61,36,g7f8,True,0.1950883209379915,1,0.3141484260559082,c4a4,False,0.026249999180436134,False,0,1,7.222440900019137,
4816,2426,crushing endgame fork long pin,67,2,c6b5,True,0.8701231558075723,1,-0.4715648889541626,c6b5,True,0.9937499761581421,False,2,2,11.968091300019296,
4817,2478,crushing endgame fork long master,105,21,f2e2,False,0.17861856851859478,3,-0.118075892329216,f2g3,False,0.019999999552965164,False,0,1,10.507950899977004,
4818,2790,crushing defensiveMove endgame hangingPiece rookEndgame veryLong,104,5,e3e4,True,0.9710166752911513,1,-0.19663837552070618,e3e4,True,0.9975000023841858,False,2,2,19.750984599988442,
4819,2759,crushing long middlegame sacrifice,42,43,b1b8,False,0.20325384881422795,3,0.4699622094631195,b1b8,False,0.44999998807907104,False,0,1,11.930844499991508,
4820,2489,advantage attackingF2F7 attraction fork middlegame pin veryLong,38,39,e4d6,False,0.027818639201166756,4,-0.7005103826522827,e4d6,False,0.2762500047683716,False,0,1,8.639794200018514,
4821,2572,crushing defensiveMove endgame fork long,66,38,g6h6,False,0.17007523539851022,2,0.22220954298973083,h4f6,True,0.9312499761581421,True,-1,3,12.836845799989533,
4822,2414,crushing kingsideAttack long middlegame pin sacrifice,41,52,a8g8,False,0.004045207493642938,12,-0.09387210756540298,e5d6,False,0.0,False,0,1,10.00420519997715,
4823,2681,crushing fork middlegame pin veryLong,36,44,c1g5,False,0.01931054946770764,5,-0.7393243312835693,h5f3,False,0.011250000447034836,False,0,1,11.203838599991286,
4824,2383,crushing defensiveMove long middlegame sacrifice,75,4,g8h8,False,0.0068978185170674765,4,0.21717779338359833,g8h8,False,0.0012499999720603228,False,0,1,1.8426619000092614,
4825,2459,advantage discoveredAttack discoveredCheck middlegame sacrifice veryLong,33,7,c8b8,False,0.07451213367967444,4,-0.9378542900085449,e7e6,True,0.9162499904632568,False,4,3,20.54337709999527,
4826,2538,attackingF2F7 crushing fork middlegame veryLong,36,45,f3f7,True,0.9245720051284935,1,-0.24170367419719696,f3f7,True,0.9962499737739563,False,2,2,21.54464310000185,
4827,2657,advantage endgame long trappedPiece,61,28,a6c5,True,0.5357236394543682,1,-0.19822783768177032,a6c5,True,0.893750011920929,False,2,2,20.30885119998129,
4828,2458,advantage discoveredAttack master middlegame short,36,41,d4e6,False,0.15316207628957798,2,-0.37389424443244934,d4f5,True,0.7825000286102295,False,2,2,19.134553499985486,
4829,2784,crushing exposedKing interference middlegame pin veryLong,54,48,f5g6,False,0.0001831004244333242,28,0.05354711785912514,f5g6,False,0.0,False,0,1,11.091134099988267,
4830,2528,crushing long middlegame sacrifice,40,39,a1f1,False,0.14509562365356604,3,-0.13274265825748444,a1f1,False,0.012500000186264515,False,0,1,9.00536720000673,
4831,2779,advancedPawn crushing endgame hangingPiece promotion sacrifice veryLong,68,2,e3d4,False,0.3493363162279817,2,-0.5411719083786011,d5g5,True,0.9137499928474426,False,2,2,19.99311869998928,
4832,2359,crushing fork long middlegame,50,35,h6g7,False,0.15530901574695477,2,0.8459262847900391,g5f7,True,0.9300000071525574,True,-1,3,12.652146499982337,
4833,2392,advantage capturingDefender kingsideAttack middlegame sacrifice veryLong,57,43,h3g2,False,0.0033613026010169862,10,-0.014537016861140728,d3c4,False,0.0,False,0,1,11.08694499998819,
4834,2445,crushing exposedKing interference middlegame skewer veryLong,46,40,e2e8,True,0.8982019492366492,1,0.05821793153882027,e2e8,True,0.9937499761581421,True,-1,6,32.7751231000002,
4835,2493,advantage interference long middlegame,45,44,a8e8,True,0.8797100005858953,1,-0.20704667270183563,a8e8,True,0.9225000143051147,True,-1,3,31.362462200020673,
4836,2740,crushing kingsideAttack middlegame pin veryLong,46,52,f6f5,False,0.2226956573598764,2,0.9182878136634827,b1h7,True,0.8525000214576721,True,-1,4,42.2903701000032,
4837,2562,crushing defensiveMove discoveredAttack endgame long queenRookEndgame skewer,88,2,h2g2,False,0.46226442719225813,2,-0.7209005355834961,h2g1,True,0.9800000190734863,False,4,3,29.666864899976645,
4838,2520,crushing deflection endgame rookEndgame veryLong,59,27,g8g2,False,0.4276221274804663,2,0.2488824427127838,a2g2,True,0.9437500238418579,True,-1,4,35.76970380000421,
4839,2353,advantage defensiveMove endgame hangingPiece long,64,32,g4f5,False,0.37438852572879466,2,0.1293589323759079,e4b7,True,0.9725000262260437,True,-1,3,30.80632439997862,
4840,2431,crushing endgame fork veryLong,133,23,b1c2,True,0.560437363990279,1,0.6388335227966309,b1c2,True,0.9524999856948853,True,-1,4,41.41915540001355,
4841,2616,advantage attraction exposedKing interference middlegame veryLong,58,38,d2d4,False,0.2902538439823213,2,-0.8843876123428345,g1g8,True,0.7124999761581421,True,-1,4,25.693677000002936,
4842,2471,advancedPawn crushing defensiveMove endgame fork knightEndgame long,125,7,e4f3,True,0.4944989637567645,1,-0.038740985095500946,g4f3,False,0.08124999701976776,False,0,1,7.55798060001689,
4843,2529,advantage kingsideAttack middlegame sacrifice veryLong,62,41,f5e7,True,0.4675182350668339,1,-0.027329111471772194,f5h6,False,0.19875000417232513,False,0,1,8.40955379998195,
4844,2533,crushing endgame pin short,71,46,f2f1,True,0.29956578694590147,1,0.23947986960411072,f2f1,True,0.949999988079071,True,-1,2,10.341565800015815,
4845,2618,advantage exposedKing long master middlegame pin sacrifice,88,36,g3c7,False,0.1764302907629971,3,-0.8821892142295837,g3c7,False,0.011250000447034836,False,0,1,7.79582929998287,
4846,2441,advantage hangingPiece master middlegame short,65,37,d5e6,True,0.9439351559507481,1,-0.3921121060848236,d5e6,True,0.9962499737739563,True,-1,2,16.436967599991476,
4847,2557,advancedPawn clearance crushing endgame long sacrifice,84,25,e8g8,False,0.0291880512912928,9,-0.7230010628700256,e8e6,True,0.875,False,4,3,15.52860389999114,
4848,2438,advancedPawn bishopEndgame crushing deflection endgame promotion veryLong,89,17,f3f2,False,0.05558615721819846,5,0.009386374615132809,e5e4,True,0.8837500214576721,False,2,2,10.649696600012248,
4849,2453,attraction crushing discoveredCheck doubleCheck long middlegame queensideAttack sacrifice,53,33,a5b6,False,0.023704536783033203,5,0.08052397519350052,c8c3,True,0.8137500286102295,True,-1,3,31.018561200005934,
4850,2385,crushing deflection endgame master short,44,37,g3b8,True,0.5071534825217787,1,-0.02631046436727047,g3b8,True,0.981249988079071,True,-1,2,21.406069599994225,
4851,2420,advancedPawn advantage attraction defensiveMove exposedKing kingsideAttack middlegame veryLong,53,37,f4f3,True,0.7118699479095588,1,-0.5452376008033752,f4f3,True,0.9900000095367432,False,4,3,29.328890499979025,
4852,2664,advancedPawn crushing deflection endgame promotion veryLong,76,17,c6c7,False,0.17470438655457804,2,-0.19785141944885254,d6d7,True,0.9549999833106995,False,2,2,21.207093300006818,
4853,2761,advantage discoveredAttack discoveredCheck middlegame sacrifice veryLong,29,45,h2f4,False,0.017862818102286546,10,0.3287421464920044,a8d8,False,0.011250000447034836,False,0,1,11.222277500026394,
4854,2597,attraction crushing middlegame pin sacrifice veryLong,39,33,c6e7,False,0.022955705837361336,9,-0.18454821407794952,g6h7,True,0.8037499785423279,False,2,2,19.211871200008318,
4855,2714,crushing long middlegame xRayAttack,38,39,e4d5,False,0.015219818567162103,5,0.2465519905090332,f1e1,True,0.6162499785423279,False,2,2,20.312879999983124,
4856,2412,advantage deflection long middlegame,48,35,c1g5,True,0.8587351381945412,1,-0.5771573781967163,c1g5,True,0.9937499761581421,True,-1,3,27.702280299999984,
4857,2477,crushing deflection kingsideAttack long middlegame,28,37,d3h7,True,0.9235183533956602,1,-0.62492436170578,d3h7,True,0.9962499737739563,True,-1,3,31.412993800011463,
4858,2529,advantage deflection endgame long,59,32,h8h1,True,0.30487772478740566,1,-0.9025448560714722,h8h1,True,0.9325000047683716,False,4,3,30.81292039999971,
4859,2635,advantage deflection fork opening pin veryLong,31,41,c4e5,True,0.97791378327976,1,-0.5229550004005432,c4e5,True,0.9975000023841858,True,-1,4,38.4134575999924,
4860,2460,advantage clearance master middlegame sacrifice veryLong,30,39,e2e7,True,0.5319749059927111,1,-0.058803074061870575,e2e7,True,0.9725000262260437,False,2,2,16.18899870000314,
4861,2531,crushing endgame fork sacrifice veryLong,62,29,f3f6,True,0.7949844548087248,1,0.2223876267671585,f3f6,True,0.9887499809265137,True,-1,5,27.211465400003362,
4862,2446,crushing fork long opening,30,36,e1e4,False,0.3180303631460776,2,0.026746846735477448,d1h5,True,0.8999999761581421,True,-1,3,15.810640300012892,
4863,2358,crushing endgame short trappedPiece,106,14,a1a3,False,0.10465111456363807,2,0.09784846752882004,f2g1,True,0.9325000047683716,True,-1,2,7.919264600001043,
4864,2707,crushing long middlegame pin,62,30,h2g4,False,0.01957597376225032,8,-0.7453287839889526,c8d8,True,0.7587500214576721,True,-1,3,26.574113999988185,
4865,2564,clearance crushing middlegame sacrifice veryLong,59,48,h3f4,False,0.04392777674836526,5,0.5983652472496033,h3f4,False,0.016249999403953552,False,0,1,10.830412000010256,
4866,2440,advancedPawn advantage kingsideAttack long middlegame sacrifice,72,30,h3e6,False,0.01114703821131628,9,0.19775091111660004,f2h2,False,0.3174999952316284,False,0,1,10.14599449999514,
4867,2444,crushing endgame hangingPiece master rookEndgame short,92,15,c6c8,True,0.8905114943937099,1,-0.5414299368858337,c6c8,True,0.9937499761581421,False,2,2,20.513119700015523,
4868,2559,advantage defensiveMove hangingPiece long middlegame pin quietMove,55,44,d4a1,True,0.9592596313100775,1,-0.16098205745220184,d4a1,True,0.9987499713897705,False,2,2,20.56500000000233,
4869,2621,crushing endgame quietMove trappedPiece veryLong,67,33,c3e1,False,0.25944283022038717,2,-0.23265033960342407,c3e1,False,0.3700000047683716,False,0,1,10.941697100002784,
4870,2637,crushing defensiveMove endgame hangingPiece quietMove veryLong,97,6,g7g6,True,0.42954730416986153,1,0.003329067025333643,f7g6,False,0.26124998927116394,False,0,1,11.030265800014604,
4871,2736,advancedPawn crushing long middlegame sacrifice,73,40,c3c2,False,0.0006970268312043907,18,0.7269701957702637,d7e7,False,0.0,False,0,1,9.195357200020226,
4872,2655,advantage long middlegame pin,42,43,e2e8,False,0.00392647967812773,10,-0.06838838011026382,e2f3,False,0.0,False,0,1,11.286643299972638,
4873,2466,crushing fork middlegame pin short,55,42,d3e5,False,0.002345601943397488,10,0.18874873220920563,a8d8,False,0.0,False,0,1,9.30499360000249,
4874,2599,crushing discoveredAttack discoveredCheck endgame long pin,56,29,d7e6,False,0.4247372896139338,2,-0.4985276460647583,f4f5,True,0.8987500071525574,True,-1,3,28.44441569998162,
4875,2676,advantage fork long middlegame,34,35,b1d2,False,0.2577403494680856,2,-0.8773611783981323,g3b3,True,0.9387500286102295,False,4,3,30.732022399985,
4876,2746,attraction crushing endgame veryLong,72,25,a6c8,True,0.3205104081100539,1,0.0648844912648201,a6e6,False,0.13375000655651093,False,0,1,10.811120900005335,
4877,2557,advantage fork middlegame short,62,37,c4d4,False,0.3319669581775181,2,-0.653357982635498,c4d4,False,0.03375000134110451,False,0,1,10.667706799984444,
4878,2388,advantage endgame long sacrifice xRayAttack,88,2,f2g1,True,0.7884403647970318,1,-0.027415800839662552,f2g1,True,0.9637500047683716,True,-1,3,25.87959840000258,
4879,2391,crushing fork long middlegame pin sacrifice,26,40,h1f1,False,0.0011027556076146333,8,-0.009307256899774075,h1f1,False,0.0,False,0,1,11.192340699984925,
4880,2773,advantage exposedKing fork middlegame veryLong,75,34,h3g3,False,0.24960584179748374,2,0.6383419036865234,h3h2,True,0.9399999976158142,True,-1,5,52.555873100005556,
4881,2555,advantage long middlegame sacrifice,51,35,f6h5,False,0.2044985145211267,3,-0.21600960195064545,f6h5,False,0.036249998956918716,False,0,1,9.744079900003271,
4882,2485,attraction crushing discoveredAttack long middlegame sacrifice,40,44,b1b8,False,0.05969805292608078,5,0.3281782865524292,b1d1,False,0.0062500000931322575,False,0,1,10.229666200000793,
4883,2580,crushing interference intermezzo middlegame veryLong,63,38,f8f6,False,0.11751198221330604,2,-0.9170981645584106,d7g4,True,0.96875,False,4,3,28.78853180000442,
4884,2399,advantage hangingPiece long opening,18,43,f3e5,False,0.28939425061322716,2,0.3427819013595581,f3e5,False,0.08749999850988388,False,0,1,9.693290299997898,
4885,2522,exposedKing master mate mateIn5 middlegame sacrifice veryLong,74,26,g5h5,True,0.21723830848595815,1,-0.9620928764343262,g5h5,True,0.9737499952316284,True,-1,6,3.1926987000042573,
4886,2475,crushing defensiveMove fork long middlegame,41,40,f2g4,False,0.18788199263635488,2,0.5388625860214233,f2h3,False,0.12999999523162842,False,0,1,5.649554500007071,
4887,2652,crushing middlegame pin quietMove veryLong,74,37,f1e2,False,0.08205310935172307,3,-0.9683749079704285,f1e2,False,0.014999999664723873,False,0,1,9.965197199984686,
4888,2412,crushing defensiveMove endgame exposedKing fork master quietMove veryLong,121,13,f3e5,True,0.9029761885453287,1,-0.9906179308891296,f3e5,True,0.9962499737739563,False,6,4,38.50797439998132,
4889,2749,advantage capturingDefender discoveredAttack long middlegame,40,42,f1f5,False,0.23495674765498323,2,-0.5617967844009399,c3e4,True,0.9750000238418579,True,-1,3,26.771789499995066,
4890,2366,crushing discoveredAttack discoveredCheck kingsideAttack long middlegame sacrifice,43,47,f4h3,True,0.2706693300718092,1,-0.2174036204814911,f6g6,False,0.02250000089406967,False,0,1,8.3821366999764,
4891,2436,crushing discoveredAttack endgame long,54,31,d2f4,True,0.9614179596952159,1,-0.12902718782424927,d2f4,True,0.9975000023841858,True,-1,3,19.71246969999629,
4892,2525,crushing long middlegame pin,53,33,e6h3,True,0.2739505823689283,1,0.03959488123655319,e6h3,True,0.9150000214576721,False,2,2,15.080522099975497,
4893,2564,crushing endgame fork intermezzo sacrifice veryLong,47,36,b2g2,False,0.00010995617084820608,28,-0.023770099505782127,b2g2,False,0.0,False,0,1,7.833642000012333,
4894,2652,crushing deflection endgame veryLong,108,13,h4g5,False,0.0572526386066559,6,-0.39360255002975464,f3f4,True,0.9512500166893005,True,-1,4,22.080244600016158,
4895,2629,advancedPawn discoveredAttack discoveredCheck mate mateIn5 middlegame sacrifice veryLong,43,40,d4c6,False,0.030074168463356567,7,-0.3695831894874573,d6g6,True,0.7250000238418579,True,-1,6,3.112805599987041,
4896,2367,crushing discoveredAttack long middlegame,28,49,e1g1,False,0.08347248096669088,4,-0.17791645228862762,e4g3,True,0.918749988079071,True,-1,3,30.844976599997608,
4897,2660,advancedPawn attraction crushing fork middlegame quietMove veryLong,50,48,g6h7,True,0.48065933232230346,1,-0.3315616846084595,g6h7,True,0.8725000023841858,True,-1,6,58.61981050000759,
4898,2595,advantage middlegame pin short,53,37,d7d4,False,0.014954696510711397,14,0.12057465314865112,f4g3,True,0.6175000071525574,True,-1,2,16.09716629999457,
4899,2435,crushing long master middlegame pin,64,45,e1e4,True,0.3116048025456483,1,0.16244098544120789,e1e4,True,0.9399999976158142,True,-1,3,23.674639400007436,
4900,2690,crushing master middlegame pin quietMove sacrifice veryLong,54,48,b2e5,False,0.03871596178104624,4,0.13997778296470642,e1e5,True,0.4449999928474426,False,4,3,22.36696290000691,
4901,2404,advancedPawn bishopEndgame crushing endgame quietMove sacrifice veryLong,80,18,d5c4,False,0.07252895099266511,4,0.17163704335689545,d5f7,False,0.016249999403953552,False,0,1,10.035735400015255,
4902,2365,attraction crushing long middlegame,34,45,b3c3,False,0.0812007424354268,2,0.5558218955993652,b5d7,True,0.9524999856948853,True,-1,3,27.0434117000259,
4903,2422,crushing discoveredAttack discoveredCheck long middlegame,38,42,c3e4,True,0.40586439151862697,1,-0.3347959518432617,c3e4,True,0.9387500286102295,True,-1,3,25.963382300018566,
4904,2375,crushing endgame long pin,100,35,f5d5,False,0.001529535114255319,20,-0.7438978552818298,f5d5,False,0.0,False,0,1,7.374751399998786,
4905,2472,crushing long middlegame pin,39,42,f6f5,False,0.2727174896315091,2,-0.30490705370903015,f6f5,False,0.06624999642372131,False,0,1,7.9326613000012,
4906,2639,advantage fork long middlegame,43,34,a8a5,False,0.04223854459133907,6,0.01912461780011654,a8a5,False,0.0037499999161809683,False,0,1,8.69455939999898,
4907,2695,crushing defensiveMove interference long middlegame,56,3,g4g5,True,0.700902266615174,1,-0.9608277678489685,g4g5,True,0.9474999904632568,False,2,2,14.919699399993988,
4908,2354,advantage capturingDefender long middlegame,31,40,e4c3,True,0.3724525368303924,1,-0.13713252544403076,e4c3,True,0.9637500047683716,True,-1,3,14.23373650002759,
4909,2511,clearance endgame mate mateIn4 sacrifice veryLong,80,37,e8b8,True,0.5094791299620015,1,-0.1257750391960144,g3g4,False,0.1850000023841858,False,0,1,3.661470000020927,
4910,2784,advantage defensiveMove endgame fork veryLong,70,33,h4h7,False,0.38183634837236585,2,0.6696797609329224,f3e4,True,0.9487500190734863,True,-1,4,8.812842899991665,
4911,2764,advantage attackingF2F7 discoveredAttack discoveredCheck fork opening veryLong,14,48,g5e4,False,0.09773387256823383,5,0.08200125396251678,d1h5,True,0.9437500238418579,True,-1,5,15.981624300009571,
4912,2420,crushing defensiveMove discoveredAttack discoveredCheck endgame queenEndgame veryLong,107,24,f2f5,True,0.9607308719547436,1,0.6358742713928223,f2f5,True,0.9862499833106995,False,2,2,20.973814600001788,
4913,2360,crushing endgame pin short,57,39,h5h4,True,0.6625942763992397,1,0.35751810669898987,h5h4,True,0.800000011920929,True,-1,2,17.377839199994924,
4914,2505,advantage attraction kingsideAttack middlegame sacrifice veryLong,34,37,g1g7,True,0.3342775450256629,1,-0.7921469807624817,g1g7,True,0.9599999785423279,True,-1,7,55.35801480000373,
4915,2718,crushing discoveredAttack long middlegame pin,43,56,d8d4,False,0.13756090244086272,3,-0.28687503933906555,g7d4,True,0.9362499713897705,False,2,2,20.79380109999329,
4916,2505,crushing endgame pawnEndgame quietMove sacrifice veryLong,79,10,h4g3,False,0.21880495082702628,2,-0.06313522905111313,h4g3,False,0.10374999791383743,False,0,1,10.957901299989317,
4917,2477,advantage defensiveMove fork long middlegame,44,38,a2f7,True,0.9560609570552175,1,0.31558725237846375,a2f7,True,0.9887499809265137,False,4,3,29.437691999977687,
4918,2680,advancedPawn crushing endgame long pin sacrifice,69,28,f8g7,False,0.007632312830706515,8,0.00017974895308725536,e4d2,False,0.0,False,0,1,9.796793100016657,
4919,2433,crushing fork middlegame short,58,33,c2c8,False,0.29629847531517745,2,-0.6004759669303894,c2c5,True,0.8075000047683716,False,2,2,15.886539900006028,
4920,2695,advantage fork middlegame veryLong,52,46,f1f7,True,0.7431602659581517,1,-0.8967606425285339,f1f7,True,0.9900000095367432,False,4,3,22.744671899999958,
4921,2579,advantage endgame fork long,77,19,f4h2,True,0.6724367936495059,1,-0.5329911112785339,f4h2,True,0.9762499928474426,True,-1,3,3.162826900021173,
4922,2478,advancedPawn crushing deflection endgame knightEndgame master promotion veryLong,111,13,b3b2,True,0.805938596026249,1,0.26054662466049194,b3b2,True,0.9862499833106995,False,4,3,20.995316799991997,
4923,2595,advantage attraction middlegame pin queensideAttack sacrifice veryLong,33,35,e7d7,False,0.0010842703803096438,12,-0.4010355770587921,d5c6,False,0.0,False,0,1,4.34666089998791,
4924,2545,crushing hangingPiece middlegame veryLong,35,31,c7e5,True,0.7968978880579394,1,0.14610499143600464,c7e5,True,0.9037500023841858,False,2,2,8.11353559998679,
4925,2443,crushing middlegame pin queensideAttack short,65,35,c6c2,False,0.07594567533674873,5,-0.4994112551212311,b7b3,True,0.9437500238418579,True,-1,2,5.7699145000078715,
4926,2511,crushing endgame exposedKing fork long,74,29,e1d1,False,0.27291704519958737,2,-0.3364420235157013,g5f5,True,0.9662500023841858,True,-1,3,9.486446199996863,
4927,2570,crushing master middlegame sacrifice veryLong,44,50,a1g1,False,0.1816717360076731,2,-0.6061031818389893,f4f5,True,0.48374998569488525,False,4,3,10.22105220000958,
4928,2374,crushing endgame pin quietMove veryLong,87,37,b7a7,True,0.5593414528287449,1,-0.30608072876930237,b7a7,True,0.96875,False,4,3,30.327715299994452,
4929,2580,crushing long middlegame sacrifice,45,43,f3h3,False,0.13691973266649932,2,-0.6819630265235901,h5e5,True,0.9262499809265137,False,2,2,20.93227640000987,
4930,2738,crushing fork middlegame pin sacrifice veryLong,36,51,f2f4,False,0.00998501041761338,10,-0.33790290355682373,f2f4,False,0.10125000029802322,False,0,1,10.230830400018021,
4931,2474,advantage fork long middlegame,58,32,f3f7,True,0.5768838784254089,1,0.1529197245836258,f3f7,True,0.9412500262260437,False,2,2,17.294364700006554,
4932,2700,advantage attraction discoveredAttack fork middlegame pin sacrifice veryLong,44,27,b5c6,True,0.704760973597178,1,-0.5188670754432678,b5c6,True,0.9712499976158142,False,2,2,19.638446700002532,
4933,2452,crushing middlegame sacrifice short,38,56,f5d4,False,0.0008644816063262889,16,0.365523099899292,e4a8,False,0.0,False,0,1,8.43663780001225,
4934,2537,advantage middlegame sacrifice veryLong,36,4,c2d3,False,0.44200065041318576,2,0.4688788652420044,d1d3,True,0.956250011920929,False,6,4,24.92898000002606,
4935,2513,advantage attraction long middlegame sacrifice,34,51,e1e8,False,0.16736814006406944,2,-0.7751687169075012,e1e8,False,0.03750000149011612,False,0,1,9.447297000006074,
4936,2446,crushing middlegame pin short,45,48,b4d3,False,0.1619469567725682,2,-0.44670820236206055,c8c3,True,0.9549999833106995,True,-1,2,13.723208499985049,
4937,2437,advantage middlegame pin sacrifice veryLong,51,38,h4e1,True,0.3500607123761956,1,-0.03709876164793968,c8b7,False,0.3499999940395355,False,0,1,4.857244999991963,
4938,2511,advantage capturingDefender kingsideAttack middlegame veryLong,42,49,f4e6,True,0.639712889851088,1,0.1697128266096115,f4e6,True,0.8837500214576721,False,2,2,7.719787999987602,
4939,2427,crushing hangingPiece long middlegame quietMove,39,37,e8e1,True,0.9719398104136744,1,0.45463064312934875,e8e1,True,0.9975000023841858,True,-1,3,9.621913299983134,
4940,2516,advantage fork long middlegame sacrifice,20,5,f1f3,True,0.6442656949680193,1,-0.9140417575836182,g2f3,False,0.06499999761581421,False,0,1,3.419194999994943,
4941,2367,attraction crushing long middlegame sacrifice,61,36,c8c2,True,0.7396184489619455,1,-0.9520876407623291,c8c2,True,0.9900000095367432,True,-1,3,1.4340491000039037,
4942,2368,crushing fork long middlegame,44,49,f4g5,True,0.26888527832254094,1,-0.22815419733524323,f4g5,True,0.9312499761581421,False,4,3,10.10744409999461,
4943,2575,crushing exposedKing fork long middlegame,42,34,g5e5,False,0.11493502364131598,2,-0.5498743653297424,c2c6,True,0.9700000286102295,True,-1,3,7.751936799992109,
4944,2399,advancedPawn bishopEndgame crushing endgame sacrifice short,81,14,d5c4,False,0.07976374144364437,3,-0.6245541572570801,d5c4,False,0.011250000447034836,False,0,1,9.603831799991895,
4945,2412,advantage fork opening veryLong,18,51,b5c6,True,0.537664785909762,1,-0.2196916937828064,b5c6,True,0.9775000214576721,False,8,5,54.47124479999184,
4946,2650,advantage long middlegame quietMove sacrifice,51,49,d4d8,False,0.2640469733226679,2,-0.16616682708263397,d4e3,True,0.6312500238418579,False,2,2,19.553026100009447,
4947,2442,advantage attraction discoveredAttack discoveredCheck fork middlegame quietMove sacrifice veryLong,37,39,e6g6,False,0.2443648726470708,2,-0.5768100619316101,e6g6,False,0.18250000476837158,False,0,1,9.123787899996387,
4948,2376,crushing discoveredCheck doubleCheck long middlegame,30,42,b5d3,False,0.03786847293157527,4,-0.3904169201850891,c6e6,True,0.9087499976158142,True,-1,3,8.917417799995746,
4949,2702,advantage defensiveMove long middlegame xRayAttack,56,43,c4e5,True,0.18553650793278562,1,0.12302226573228836,c4e5,True,0.9662500023841858,False,4,3,24.192769299988868,
4950,2540,advantage fork long middlegame,48,45,g6h7,False,0.05679867081314741,3,-0.26388561725616455,c3d5,True,0.7799999713897705,True,-1,3,23.1318445999932,
4951,2516,crushing endgame short trappedPiece,88,16,h6g7,True,0.6947957528042163,1,0.027112437412142754,h6g7,True,0.9662500023841858,True,-1,2,9.60223479999695,
4952,2421,crushing discoveredAttack long middlegame pin sacrifice,49,44,e3f4,False,0.009941600720472281,12,-0.15849733352661133,b7b5,False,0.0012499999720603228,False,0,1,4.409902899991721,
4953,2395,crushing discoveredAttack long middlegame,49,35,g7g5,False,0.017270990602573928,8,-0.04280855134129524,h7h5,False,0.014999999664723873,False,0,1,3.9185843000013847,
4954,2665,crushing middlegame pin short,55,44,f4e2,False,0.07746817788954007,5,0.44795647263526917,f4e6,False,0.05000000074505806,False,0,1,3.365044400008628,
4955,2617,advantage capturingDefender middlegame veryLong,38,46,e5d7,True,0.23187676049779116,1,-0.21872563660144806,a1d1,False,0.06750000268220901,False,0,1,3.562701399991056,
4956,2446,clearance crushing endgame hangingPiece master quietMove rookEndgame veryLong,119,5,c3b3,True,0.9924848507176948,1,-0.38780367374420166,c3b3,True,0.9987499713897705,False,2,2,6.794519800023409,
4957,2798,advantage long middlegame trappedPiece,52,34,a4c5,False,0.0839401840530473,5,-0.4380389153957367,e2d4,True,0.9437500238418579,False,4,3,10.011868200002937,
4958,2558,advantage hangingPiece middlegame veryLong,39,38,f6f3,True,0.824428527993008,1,-0.5139013528823853,f6f3,True,0.9825000166893005,True,-1,4,9.81440480001038,
4959,2376,crushing endgame exposedKing fork long,80,26,c5c6,False,0.05425270141359804,6,0.44688770174980164,b5a7,True,0.9449999928474426,True,-1,3,8.49457340000663,
4960,2783,crushing fork middlegame veryLong,55,34,h7f5,False,0.23469926062024293,2,-0.4697449803352356,e6h3,True,0.9737499952316284,False,4,3,22.207792600005632,
4961,2412,capturingDefender crushing endgame long,162,14,f5g6,False,0.1083271187576701,4,-0.01155887357890606,f5f6,True,0.875,True,-1,3,24.26344149999204,
4962,2518,advantage deflection fork middlegame veryLong,34,43,e4e5,True,0.6733031710561722,1,-0.44841238856315613,f1f6,False,0.25,False,0,1,10.237671199982287,
4963,2407,advantage fork master middlegame short,46,47,e4e6,True,0.5812426943457559,1,0.2793133854866028,e4e6,True,0.981249988079071,True,-1,2,17.392137800023193,
4964,2449,advantage middlegame pin sacrifice veryLong,53,51,e4e3,False,0.0633103409407356,8,-0.5282998085021973,d4f3,True,0.7174999713897705,True,-1,5,20.67760619998444,
4965,2422,crushing endgame exposedKing fork long pin,55,34,b8g3,True,0.559448237218572,1,-0.3649919927120209,b8g3,True,0.981249988079071,True,-1,3,18.72473880002508,
4966,2378,crushing hangingPiece long middlegame queensideAttack quietMove,50,40,c2c6,True,0.6475442416149054,1,-0.18826156854629517,c2c6,True,0.9825000166893005,True,-1,3,19.402128200017614,
4967,2426,crushing discoveredCheck doubleCheck endgame master quietMove veryLong,69,36,g4h3,True,0.6584383162422631,1,0.06891375780105591,g4h3,True,0.9574999809265137,True,-1,4,13.001538800017443,
4968,2364,advantage middlegame pin veryLong,35,44,d8b6,True,0.4476445529351872,1,-0.8439925909042358,d8b6,True,0.9137499928474426,True,-1,4,12.877690900000744,
4969,2741,crushing long middlegame sacrifice,55,5,f8g8,False,0.12540005758815936,4,-0.16765260696411133,f8g8,False,0.017500000074505806,False,0,1,3.3351649999967776,
4970,2697,advancedPawn crushing defensiveMove middlegame pin veryLong,45,35,d8d4,False,0.11797925846054187,4,0.2609412372112274,d8d4,False,0.0062500000931322575,False,0,1,2.9237698999932036,
4971,2643,advantage kingsideAttack middlegame pin veryLong,48,48,g3h3,False,0.13285855466758428,3,-0.07675956189632416,h5h6,True,0.4749999940395355,True,-1,4,12.78804559999844,
4972,2546,crushing hangingPiece long middlegame,52,37,a3b4,True,0.4022242707871515,1,0.5046671628952026,a3b4,True,0.9712499976158142,True,-1,3,8.233334600023227,
4973,2700,advantage fork long middlegame,23,37,f8b4,False,0.016043623753813036,11,-0.26254478096961975,f8a3,True,0.5487499833106995,True,-1,3,8.556146699993405,
4974,2405,advantage clearance fork long master middlegame,31,43,e4c3,True,0.35590234392213416,1,0.019509194418787956,e4c3,True,0.6362500190734863,True,-1,3,8.0921890999889,
4975,2593,crushing middlegame sacrifice short,66,36,f4h6,True,0.4351614629488776,1,0.7762694358825684,f4h6,True,0.8087499737739563,True,-1,2,4.148041899985401,
4976,2520,advantage fork long middlegame,50,36,e7e6,True,0.8763810794378034,1,-0.19162708520889282,e7e6,True,0.9925000071525574,False,2,2,18.680020800005877,
4977,2596,crushing kingsideAttack opening sacrifice veryLong,16,46,g1e2,False,0.10274972953406264,2,-0.018746890127658844,g1e2,False,0.016249999403953552,False,0,1,10.267398600000888,
4978,2713,clearance crushing endgame long master quietMove sacrifice,74,28,d6c8,True,0.3632609194871283,1,0.4576924443244934,d6e4,False,0.1587499976158142,False,0,1,9.669370300020091,
4979,2524,crushing defensiveMove deflection endgame veryLong,87,12,e5d7,True,0.35797879053206105,1,-0.2553548514842987,e5d7,True,0.9599999785423279,False,6,4,38.204188499978045,
4980,2497,clearance crushing long middlegame sacrifice,23,46,g3f2,False,0.00043282060259623744,24,0.6681613922119141,d8d7,False,0.0,False,0,1,7.646764300006907,
4981,2527,crushing endgame quietMove rookEndgame sacrifice veryLong,61,22,d7d1,True,0.7646963392763594,1,-0.21073487401008606,d7d1,True,0.9225000143051147,True,-1,4,30.75929289998021,
4982,2461,advantage master middlegame short trappedPiece,42,39,h5h6,False,0.008219392496988814,9,0.5433326363563538,h5h6,False,0.0,False,0,1,5.76479279997875,
4983,2690,advancedPawn crushing middlegame pin veryLong,68,32,g4g6,True,0.28895012870190967,1,-0.010222249664366245,g4g6,True,0.9662500023841858,True,-1,5,12.464198700006818,
4984,2699,bishopEndgame crushing defensiveMove endgame quietMove sacrifice veryLong,99,10,c7c6,False,0.070324154756323,5,0.17246823012828827,c7c6,False,0.014999999664723873,False,0,1,3.473139000008814,
4985,2667,advantage endgame long pin,77,23,b1b4,False,0.1201785582963375,5,0.029592331498861313,d5d4,True,0.9387500286102295,True,-1,3,9.710222499998054,
4986,2577,advantage endgame fork veryLong,81,15,f5f4,False,0.08373646625282068,4,0.07091839611530304,g4e4,True,0.9325000047683716,True,-1,4,13.341582799999742,
4987,2608,attraction crushing endgame exposedKing veryLong,67,24,d7d1,True,0.8294416520616353,1,-0.27153047919273376,d7d1,True,0.987500011920929,False,2,2,5.305041799991159,
4988,2468,advantage deflection middlegame veryLong,50,39,h2h4,False,0.1801728005894234,2,-0.7299911975860596,h2h4,False,0.07874999940395355,False,0,1,2.943343199993251,
4989,2414,advantage deflection long middlegame,68,37,f2c5,False,0.031060423231930097,7,-0.1363219916820526,d5f5,True,0.8799999952316284,False,2,2,5.877253599988762,
4990,2587,advancedPawn crushing endgame exposedKing master sacrifice veryLong,68,33,h7h8,False,0.10302509237439204,3,-0.03579999506473541,h7h8,False,0.32875001430511475,False,0,1,2.4150019999942742,
4991,2698,advantage middlegame skewer veryLong,46,37,a1a8,True,0.3334723642757125,1,-0.7318013906478882,a1a8,True,0.9350000023841858,False,4,3,7.643282399978489,
4992,2470,advantage discoveredAttack middlegame pin quietMove veryLong,50,47,d6e6,True,0.766043993128868,1,0.31417110562324524,d6e6,True,0.9850000143051147,False,4,3,12.286521800007904,
4993,2354,advantage middlegame pin skewer veryLong,46,43,d4e5,False,0.11831242212869943,2,-0.0025143567472696304,d6e4,True,0.9612500071525574,False,4,3,28.21087839998654,
4994,2408,advantage attraction clearance deflection endgame fork master veryLong,55,39,c5c4,True,0.550713328594586,1,-0.2943476140499115,c5c4,True,0.9574999809265137,True,-1,4,34.94715960000758,
4995,2599,crushing deflection middlegame sacrifice veryLong,40,31,g6e5,False,0.0002709175691013281,22,0.27971574664115906,g6e5,False,0.0,False,0,1,7.702892299974337,
4996,2364,crushing endgame fork master short skewer,79,21,h1h2,True,0.8393200317825904,1,0.6332502365112305,h1h2,True,0.9850000143051147,True,-1,2,15.54447649998474,
4997,2687,advantage master middlegame pin short,41,48,f8f1,False,0.0010325833276301618,9,-0.09334900230169296,f8f1,False,0.0,False,0,1,5.353625600022497,
4998,2475,crushing defensiveMove endgame fork long sacrifice,63,7,g7g6,True,0.5984236365168445,1,-0.40701356530189514,g7g6,True,0.9887499809265137,True,-1,3,11.653635199996643,
4999,2570,advantage deflection middlegame quietMove short,55,40,e3e2,False,0.1514165620965705,2,0.4314938485622406,g5f4,True,0.7037500143051147,True,-1,2,8.128635800007032,
